CASE_ID,ACCIDENT_YEAR,PROC_DATE,JURIS,COLLISION_DATE,COLLISION_TIME,OFFICER_ID,REPORTING_DISTRICT,DAY_OF_WEEK,CHP_SHIFT,POPULATION,CNTY_CITY_LOC,SPECIAL_COND,BEAT_TYPE,CHP_BEAT_TYPE,CITY_DIVISION_LAPD,CHP_BEAT_CLASS,BEAT_NUMBER,PRIMARY_RD,SECONDARY_RD,DISTANCE,DIRECTION,INTERSECTION,WEATHER_1,WEATHER_2,STATE_HWY_IND,CALTRANS_COUNTY,CALTRANS_DISTRICT,STATE_ROUTE,ROUTE_SUFFIX,POSTMILE_PREFIX,POSTMILE,LOCATION_TYPE,RAMP_INTERSECTION,SIDE_OF_HWY,TOW_AWAY,COLLISION_SEVERITY,NUMBER_KILLED,NUMBER_INJURED,PARTY_COUNT,PRIMARY_COLL_FACTOR,PCF_CODE_OF_VIOL,PCF_VIOL_CATEGORY,PCF_VIOLATION,PCF_VIOL_SUBSECTION,HIT_AND_RUN,TYPE_OF_COLLISION,MVIW,PED_ACTION,ROAD_SURFACE,ROAD_COND_1,ROAD_COND_2,LIGHTING,CONTROL_DEVICE,CHP_ROAD_TYPE,PEDESTRIAN_ACCIDENT,BICYCLE_ACCIDENT,MOTORCYCLE_ACCIDENT,TRUCK_ACCIDENT,NOT_PRIVATE_PROPERTY,ALCOHOL_INVOLVED,STWD_VEHTYPE_AT_FAULT,CHP_VEHTYPE_AT_FAULT,COUNT_SEVERE_INJ,COUNT_VISIBLE_INJ,COUNT_COMPLAINT_PAIN,COUNT_PED_KILLED,COUNT_PED_INJURED,COUNT_BICYCLIST_KILLED,COUNT_BICYCLIST_INJURED,COUNT_MC_KILLED,COUNT_MC_INJURED,PRIMARY_RAMP,SECONDARY_RAMP,LATITUDE,LONGITUDE,COUNTY,CITY,POINT_X,POINT_Y
9321574,2021,2021-10-05,4908,2021-08-19,1452,3341,14,4,5,5,4908,0,0,0,,0,001,"ELY BL SOUTH","JULIET DR",647.00,S,N,A,-,N,,,,,,,,,,Y,3,0,1,2,A,-,09,21804,A,N,D,C,A,A,H,-,A,D,0,,,,,Y,,A,01,0,1,0,0,0,0,0,0,0,"- ","- ",38.246318817138672,-122.600830078125,SONOMA,PETALUMA,-122.59901428222656,38.245277404785156
81647015,2021,2021-12-09,4908,2021-06-07,1143,3417,8,1,5,5,4908,0,0,0,,0,004,"SONOMA MOUNTAIN PW","COLOMBARD RD",0.00,,Y,A,-,N,,,,,,,,,,N,2,0,3,4,A,-,10,21950,A,N,G,B,B,A,H,-,A,A,0,Y,,,,Y,,A,01,2,1,0,0,3,0,0,0,0,"- ","- ",38.268848419189453,-122.64325714111328,SONOMA,PETALUMA,-122.64327239990234,38.268863677978516
91422770,2021,2021-03-08,9350,2021-03-05,1305,021586,,5,1,9,4900,0,1,3,,2,137,"SR-37 E/B",SR-121,805.00,W,N,A,-,Y,,,37,,,,,,E,N,4,0,1,2,A,-,03,22350,,N,C,C,A,A,H,-,A,D,0,,,,Y,Y,,F,26,0,0,1,0,0,0,0,0,0,"- ","- ",38.149608612060547,-122.45143890380859,SONOMA,UNINCORPORATED,-122.45144653320312,38.149620056152344
91621325,2021,2021-11-10,9360,2021-10-28,1525,016045,,4,2,9,4900,0,1,2,,2,050,"US-101 N/B","TODD RD O/C",60.00,S,N,A,-,Y,,,101,,,,,,N,Y,4,0,1,4,A,-,03,22350,,N,C,C,A,A,H,-,A,A,0,,,,,Y,,D,22,0,0,1,0,0,0,0,0,0,"- ","- ",38.385990142822266,-122.71611022949219,SONOMA,UNINCORPORATED,-122.71607208251953,38.385990142822266
91639287,2021,2021-12-01,9360,2021-11-20,1833,021195,,6,2,9,4900,0,1,2,,2,050,"US-101 NORTHBOUND","SANTA ROSA AVENUE",1584.00,S,N,A,-,Y,,,101,,,,,,N,Y,3,0,2,2,A,-,07,21658,A,N,B,C,A,A,H,-,D,D,0,,,,,Y,,A,01,0,2,0,0,0,0,0,0,0,"- ","- ",38.366939544677734,-122.71221923828125,SONOMA,UNINCORPORATED,-122.71206665039062,38.366931915283203
9245292,2021,2021-04-07,4902,2021-03-10,0740,105348,,3,5,2,4902,0,0,0,,0,,"EAST COTATI AV","LA SALLE AV",0.00,,Y,B,-,N,,,,,,,,,,Y,4,0,1,2,A,-,12,22450,A,F,D,C,A,B,H,-,A,A,0,,,,,Y,,A,01,0,0,1,0,0,0,0,0,0,"- ","- ",,,SONOMA,COTATI,-122.69976043701172,38.328487396240234
9266072,2021,2021-05-27,4906,2021-04-20,1025,411,4906,2,5,2,4906,0,0,0,,0,,"BODEGA AV","PLEASANT HILL RD",0.00,,Y,A,-,N,,,,,,,,,,N,4,0,1,2,A,-,03,22350,,M,C,C,A,A,H,-,A,A,0,,,,,Y,,A,07,0,0,1,0,0,0,0,0,0,"- ","- ",38.402141571044922,-122.82388305664062,SONOMA,SEBASTOPOL,-122.83940124511719,38.398193359375
9419551,2021,2022-04-05,4905,2021-11-21,2233,1060585,,7,5,6,4905,0,0,0,,0,007,"HEARN AV","STONY POINT RD",0.00,,Y,A,-,N,,,,,,,,,,Y,3,0,2,2,A,-,03,22350,,N,C,C,A,A,H,-,C,A,0,,,,,Y,,A,01,0,1,1,0,0,0,0,0,0,"- ","- ",38.412109375,-122.74134826660156,SONOMA,"SANTA ROSA",-122.74137878417969,38.412090301513672
91491857,2021,2021-07-21,9360,2021-05-27,1340,019366,,4,1,9,4900,0,2,4,,1,054,"LOHRMAN LANE","MAGNOLIA AVENUE",566.00,S,N,A,-,N,,,,,,,,,,Y,4,0,1,2,A,-,06,21750,A,N,D,C,A,A,H,-,A,D,0,,,,,Y,,A,07,0,0,1,0,0,0,0,0,0,"- ","- ",38.247058868408203,-122.67024993896484,SONOMA,UNINCORPORATED,-122.67008209228516,38.247177124023438
91526764,2021,2021-07-22,9360,2021-07-19,1410,020285,,1,2,9,4900,0,3,5,,2,002,"RIEBLI RD","WILSHIRE DR",0.00,,Y,A,-,N,,,,,,,,,,Y,4,0,1,2,A,-,09,21801,B,N,D,C,A,A,H,-,A,D,0,,,,,Y,,D,22,0,0,1,0,0,0,0,0,0,"- ","- ",38.51123046875,-122.71141815185547,SONOMA,UNINCORPORATED,-122.71145629882812,38.511089324951172
91529040,2021,2021-07-26,9360,2021-07-19,1600,022257,,1,2,6,4905,0,1,2,,2,040,"US-101 SOUTHBOUND","HEARN OVER-CROSSING",150.00,N,N,A,-,Y,,,101,,,,,,S,Y,3,0,1,3,A,-,03,22350,,N,C,C,A,A,H,-,A,D,0,,,,,Y,,A,01,0,1,0,0,0,0,0,0,0,"- ","- ",38.415058135986328,-122.71621704101562,SONOMA,"SANTA ROSA",-122.71614074707031,38.415061950683594
91602240,2021,2021-10-21,9360,2021-10-09,1300,020731,,6,1,6,4905,0,1,2,,2,040,"US-101 S/B","HEARN AVE O/C",800.00,N,N,A,-,Y,,,101,,,,,,S,Y,3,0,3,8,A,-,01,23152,A,N,C,C,A,A,H,-,A,D,0,,,,Y,Y,Y,A,01,0,3,0,0,0,0,0,0,0,"- ","- ",38.416828155517578,-122.71621704101562,SONOMA,"SANTA ROSA",-122.71613311767578,38.416828155517578
91602745,2021,2021-10-21,9360,2021-10-14,1420,022257,,4,2,6,4905,0,1,2,,2,040,"US101 NORTH AT STEELE LANE","STEELE LANE",1600.00,S,N,A,-,Y,,,101,,,,R,,,Y,3,0,1,3,A,-,03,22350,,N,C,C,A,A,H,-,A,D,0,,,,,Y,,D,22,0,1,0,0,0,0,0,0,0,"- ","- ",38.455238342285156,-122.72589874267578,SONOMA,"SANTA ROSA",-122.72589874267578,38.455238342285156
91622003,2021,2021-11-10,9360,2021-10-31,1905,021195,,7,2,9,4900,0,1,2,,2,030,"US-101 SOUTHBOUND","SHILOH RD",0.00,,N,B,-,Y,,,101,,,,,,S,Y,4,0,1,1,A,-,01,23152,A,N,E,I,A,B,H,-,D,D,0,,,,,Y,Y,D,22,0,0,1,0,0,0,0,0,0,"- ","- ",38.524211883544922,-122.78861236572266,SONOMA,UNINCORPORATED,-122.78868103027344,38.524147033691406
9318853,2021,2021-09-03,4904,2021-07-16,1541,1040567,,5,5,4,4904,0,0,0,,0,001,"EUNICE ST","EDNA CT",200.00,E,N,A,-,N,,,,,,,,,,N,3,0,1,1,A,-,01,23152,F,N,E,I,A,A,H,-,A,A,0,,,,,Y,,A,01,0,1,0,0,0,0,0,0,0,"- ","- ",38.359951019287109,-122.69207763671875,SONOMA,"ROHNERT PARK",-122.69137573242188,38.360183715820312
91418566,2021,2021-03-02,9360,2021-02-24,0435,020828,,3,3,9,4900,0,1,2,,1,060,"US-101 N/B","SAN ANTONIO RD",11088.00,N,N,A,-,Y,,,101,,,,,,N,Y,3,0,1,1,A,-,01,23152,F,N,E,I,A,A,H,-,D,D,0,,,,,Y,,A,01,0,1,0,0,0,0,0,0,0,"- ","- ",38.184700012207031,-122.60131072998047,SONOMA,UNINCORPORATED,-122.60070037841797,38.184757232666016
91540501,2021,2021-08-09,9360,2021-07-18,1938,022370,,7,2,9,4900,0,3,5,,2,005,"FALLON-TWO ROCK RD","GERICKE RD",4224.00,E,N,A,-,N,,,,,,,,,,Y,2,0,1,1,A,-,08,22107,,N,E,I,A,A,H,-,A,D,0,,,,,Y,,A,01,1,0,0,0,0,0,0,0,0,"- ","- ",38.275440216064453,-122.87528991699219,SONOMA,UNINCORPORATED,-122.87564849853516,38.275417327880859
9246233,2021,2021-04-09,4905,2021-01-23,1921,1060567,,6,5,6,4905,0,0,0,,0,005,"DUTTON AV","JOE RODOTA TRL",100.00,N,N,A,-,N,,,,,,,,,,Y,4,0,1,2,A,-,03,22350,,M,C,C,A,A,H,-,C,A,0,,,,,Y,,A,01,0,0,1,0,0,0,0,0,0,"- ","- ",38.431961059570312,-122.72577667236328,SONOMA,"SANTA ROSA",,
9262638,2021,2021-05-11,4900,2021-04-27,1808,1102632,,2,5,3,4980,0,0,0,,0,WI1,"WINDSOR RIVER RD","WINDSOR RD",0.00,,Y,A,-,N,,,,,,,,,,N,4,0,3,3,B,-,22,,,N,C,C,A,A,H,-,A,A,0,,,,,Y,,-,,0,0,3,0,0,0,0,0,0,"- ","- ",38.547248840332031,-122.81678009033203,SONOMA,WINDSOR,-122.81681823730469,38.5472412109375
9263967,2021,2021-05-20,4903,2021-04-09,1950,992,,5,5,3,4903,0,0,0,,0,,"HEALDSBURG AV","HAILHACHE AV",0.00,,Y,A,-,N,,,,,,,,,,N,3,0,1,2,A,-,05,21650,1,N,H,G,A,A,H,-,B,A,0,,Y,,,Y,,L,04,0,1,0,0,0,0,1,0,0,"- ","- ",38.604068756103516,-122.85800933837891,SONOMA,HEALDSBURG,-122.85639953613281,38.603008270263672
91499635,2021,2021-06-17,9360,2021-05-26,0230,019092,,3,3,9,4900,0,1,3,,1,063,SR-1,"WINDY LANE",528.00,N,N,A,-,Y,,,1,,,,,,,N,2,0,2,1,A,-,08,22107,,F,E,I,A,A,H,-,D,D,0,,,,,Y,Y,-,99,1,1,0,0,0,0,0,0,0,"- ","- ",38.3355712890625,-123.0455322265625,SONOMA,UNINCORPORATED,-123.04557800292969,38.335586547851562
9272522,2021,2021-06-10,4908,2021-05-27,1518,3341,13,4,5,5,4908,0,0,0,,0,001,"PARK LN","SARKESIAN DR",0.00,,Y,A,-,N,,,,,,,,,,Y,3,0,1,2,A,-,09,21802,A,N,D,C,A,A,H,-,A,A,0,,,,,Y,,A,07,0,1,0,0,0,0,0,0,0,"- ","- ",38.24530029296875,-122.61508941650391,SONOMA,PETALUMA,-122.61479187011719,38.245708465576172
9385565,2021,2022-01-19,4904,2021-11-27,1313,1040527,,6,5,4,4904,0,0,0,,0,,"ROHNERT PARK EXPWY","STATE FARM DR",243.00,W,N,A,-,N,,,,,,,,,,Y,4,0,1,3,A,-,03,22350,,N,C,C,A,A,H,-,A,A,0,,,,,Y,,A,01,0,0,1,0,0,0,0,0,0,"- ","- ",38.348171234130859,-122.70587158203125,SONOMA,"ROHNERT PARK",-122.70685577392578,38.348388671875
91414117,2021,2021-02-24,9360,2021-02-16,1425,016045,,2,2,9,4900,0,1,2,,2,050,"U.S.-101 N/B","W. RAILROAD AVE. U/C",6336.00,S,N,A,-,Y,,,,,,,,,,Y,4,0,1,1,A,-,01,23152,A,N,E,I,A,A,H,-,A,D,0,,,,,Y,Y,A,01,0,0,1,0,0,0,0,0,0,"- ","- ",38.289501190185547,-122.69246673583984,SONOMA,UNINCORPORATED,-122.69419097900391,38.290485382080078
91446909,2021,2021-04-09,9360,2021-04-06,0001,020748,,2,3,9,4900,0,1,3,,1,021,SR-128,"MOODY LN",3000.00,E,N,A,-,Y,,,128,,,,,,,Y,3,0,1,1,A,-,01,23152,A,N,E,I,A,A,H,-,D,D,0,,,,,Y,Y,D,22,0,1,0,0,0,0,0,0,0,"- ","- ",38.713390350341797,-122.88414764404297,SONOMA,UNINCORPORATED,-122.88414764404297,38.713367462158203
91541775,2021,2021-08-10,9350,2021-07-31,2130,022574,,6,2,9,4900,0,1,3,,2,237,"SR-37 E/B","NOBLE RD.",2360.00,W,N,A,-,Y,,,37,,,,,,E,N,3,0,1,1,A,-,03,22350,,N,F,A,A,A,H,-,D,D,0,,,Y,,Y,,C,02,0,1,0,0,0,0,0,0,1,"- ","- ",38.15399169921875,-122.43032836914062,SONOMA,UNINCORPORATED,-122.43033599853516,38.154045104980469
91590393,2021,2021-10-07,9360,2021-09-26,1125,020201,,7,1,9,4900,0,2,4,,1,054,"BODEGA AVE","ROHDE LN",1227.00,E,N,A,-,N,,,,,,,,,,Y,3,0,1,2,A,-,03,22350,,N,C,C,A,A,H,-,A,D,0,,,,,Y,,A,01,0,1,0,0,0,0,0,0,0,"- ","- ",38.245750427246094,-122.68668365478516,SONOMA,UNINCORPORATED,-122.68666839599609,38.245723724365234
91622946,2021,2021-11-12,9360,2021-10-21,2247,016669,,4,3,9,4900,0,3,5,,2,005,"TODD RD","PRIMROSE AVE.",286.00,E,N,B,-,N,,,,,,,,,,Y,3,0,1,1,A,-,00,23550,,N,E,J,A,A,H,-,D,D,0,,,,,Y,Y,A,01,0,1,0,0,0,0,0,0,0,"- ","- ",38.387710571289062,-122.73432922363281,SONOMA,UNINCORPORATED,-122.73432922363281,38.387161254882812
9234032,2021,2021-04-08,4908,2021-02-26,0819,2747,5,5,5,5,4908,0,0,0,,0,003,"MAGNOLIA AV","PETALUMA BL NORTH",352.00,W,N,A,-,N,,,,,,,,,,Y,4,0,1,2,C,-,18,,,N,A,C,A,A,H,-,A,D,0,,,,,Y,,-,"- ",0,0,1,0,0,0,0,0,0,"- ","- ",38.244941711425781,-122.64478302001953,SONOMA,PETALUMA,-122.64598083496094,38.244880676269531
9245956,2021,2021-04-15,4905,2021-02-07,2044,541,CENTR,7,5,6,4905,0,0,0,,0,001,"PINER RD","MARLOW RD",0.00,,Y,A,-,N,,,,,,,,,,Y,4,0,1,2,A,-,12,21453,A,N,D,C,A,A,H,-,C,A,0,,,,,Y,,-,"- ",0,0,1,0,0,0,0,0,0,"- ","- ",,,SONOMA,"SANTA ROSA",-122.75118255615234,38.467105865478516
9254646,2021,2021-05-05,4907,2021-04-23,1521,1102770,,5,5,2,4907,0,0,0,,0,SQ1,"WEST SPAIN ST","2ND ST WEST",0.00,,Y,A,-,N,,,,,,,,,,N,3,0,1,2,A,-,08,22107,,N,B,C,A,A,H,-,A,D,0,,,Y,,Y,,C,02,0,1,0,0,0,0,0,0,1,"- ","- ",38.294040679931641,-122.46089172363281,SONOMA,SONOMA,-122.46089935302734,38.294036865234375
9307135,2021,2021-09-21,4905,2021-05-05,0643,1060337,,3,5,6,4905,0,0,0,,0,007,"GARDNER AV","STONY POINT RD",150.00,W,N,A,-,N,,,,,,,,,,Y,4,0,1,2,A,-,01,23152,F,M,B,C,A,A,H,-,A,D,0,,,,,Y,,-,,0,0,1,0,0,0,0,0,0,"- ","- ",38.420211791992188,-122.74436187744141,SONOMA,"SANTA ROSA",-122.74137115478516,38.423336029052734
9350442,2021,2021-11-10,4904,2021-10-21,1320,1040565,4904,4,5,4,4904,0,0,0,,0,003,"AVRAM AV","SANTA ALICIA DR",0.00,,Y,C,-,N,,,,,,,,,,N,4,0,1,2,A,-,08,22107,,N,D,C,A,B,H,-,A,D,0,,,,,Y,,A,01,0,0,1,0,0,0,0,0,0,"- ","- ",38.341621398925781,-122.70844268798828,SONOMA,"ROHNERT PARK",-122.70857238769531,38.341781616210938
81626571,2021,2021-11-17,4908,2021-11-02,1344,3341,6,2,5,5,4908,0,0,0,,0,003,"PETALUMA BL NORTH","CINNABAR AVE",0.00,,Y,A,-,N,,,,,,,,,,Y,3,0,1,2,A,-,09,21804,A,N,D,C,A,A,H,-,A,D,0,,,,,Y,,D,22,0,1,0,0,0,0,0,0,0,"- ","- ",38.248859405517578,-122.64598083496094,SONOMA,PETALUMA,-122.64595794677734,38.248802185058594
91484764,2021,2021-05-28,9350,2021-05-23,1920,022107,,7,2,9,4900,0,1,3,,2,237,"SR-37 E/B",SR-121,739.00,E,N,A,-,Y,,,37,,,,,,E,N,4,0,2,2,A,-,03,22350,,M,C,C,A,A,H,-,A,D,0,,,,,Y,,-,99,0,0,2,0,0,0,0,0,0,"- ","- ",38.151771545410156,-122.44674682617188,SONOMA,UNINCORPORATED,-122.44675445556641,38.151786804199219
91590894,2021,2021-10-07,9360,2021-10-02,2000,020803,,6,2,9,4900,0,1,3,,1,013,SR-116,"CAZADERO HWY",65.00,W,N,A,-,Y,,,116,,,,,,,Y,2,0,2,1,C,-,18,,,N,E,I,A,A,H,-,D,D,0,,,Y,,Y,,-,"- ",2,0,0,0,0,0,0,0,2,"- ","- ",38.466888427734375,-123.05124664306641,SONOMA,UNINCORPORATED,-123.05126190185547,38.466922760009766
91615918,2021,2021-11-04,9360,2021-10-26,1940,018881,,2,2,9,4900,0,3,5,,2,006,"SEAVIEW ROAD","TIMBER COVE ROAD",1584.00,S,N,B,E,N,,,,,,,,,,Y,3,0,1,1,A,-,08,22107,,N,E,I,A,B,H,-,D,D,0,,,,,Y,,A,08,0,1,0,0,0,0,0,0,0,"- ","- ",38.554229736328125,-123.26300811767578,SONOMA,UNINCORPORATED,-123.26302337646484,38.554264068603516
91639911,2021,2021-12-01,9350,2021-11-24,1825,021418,,3,2,9,4900,0,1,3,,2,137,"SR-37 E/B","LAKEVILLE HWY",1604.00,E,N,A,-,Y,,,37,,,,,,E,N,4,0,1,2,A,-,03,22350,,N,C,C,A,A,H,-,D,D,0,,,,,Y,,D,22,0,0,1,0,0,0,0,0,0,"- ","- ",38.13677978515625,-122.47173309326172,SONOMA,UNINCORPORATED,-122.47171783447266,38.136764526367188
91656856,2021,2021-12-20,9360,2021-12-08,1444,020285,,3,2,6,4905,0,1,2,,2,040,"US-101 S/B","COLLEGE AVE",50.00,N,N,C,-,Y,,,101,,,,,,S,Y,3,0,3,4,A,-,03,22350,,N,C,C,A,B,H,-,A,D,0,,,,Y,Y,,D,22,0,1,2,0,0,0,0,0,0,"- ","- ",38.445518493652344,-122.72393798828125,SONOMA,"SANTA ROSA",-122.72391510009766,38.445537567138672
91411500,2021,2021-02-19,9360,2021-02-09,0755,013838,,2,1,6,4905,0,1,2,,2,040,"US-101 N/B","COLLEGE AVE",0.00,,N,B,-,Y,,,,,,,,,,Y,4,0,1,3,A,-,04,21703,,N,C,C,A,A,H,-,A,D,0,,,,,Y,,A,01,0,0,1,0,0,0,0,0,0,"- ","- ",38.448299407958984,-122.72312164306641,SONOMA,"SANTA ROSA",-122.72377014160156,38.445724487304688
91412481,2021,2021-02-22,9360,2021-02-15,0655,021893,,1,1,6,4905,0,1,2,,2,040,"US-101 S/B",SR-12,220.00,N,N,B,-,Y,,,101,,,,,,S,Y,4,0,1,1,A,-,08,22107,,N,E,I,A,B,H,-,A,D,0,,,,,Y,,A,01,0,0,1,0,0,0,0,0,0,"- ","- ",38.432949066162109,-122.717041015625,SONOMA,"SANTA ROSA",-122.71633148193359,38.433223724365234
91427969,2021,2021-03-16,9360,2021-03-10,0949,014883,,3,1,9,4900,0,2,4,,1,022,"OLD REDWOOD HWY","PACIFIC HEIGHTS DR",0.00,,Y,B,F,N,,,,,,,,,,Y,4,0,2,2,A,-,03,22350,,N,A,C,A,C,G,-,A,D,0,,,,,Y,,A,01,0,0,2,0,0,0,0,0,0,"- ","- ",38.499950408935547,-122.74968719482422,SONOMA,UNINCORPORATED,-122.74977111816406,38.499740600585938
91458614,2021,2021-04-26,9360,2021-04-20,0845,016660,,2,1,9,4900,0,1,2,,2,050,"US 101 S/B","TODD RD O/C",340.00,S,N,A,-,Y,,,,,,,,,,Y,4,0,2,3,A,-,03,22350,,N,C,C,A,A,H,-,A,D,0,,,,,Y,,A,01,0,0,2,0,0,0,0,0,0,"- ","- ",38.385269165039062,-122.71636199951172,SONOMA,UNINCORPORATED,-122.71630859375,38.385589599609375
91467687,2021,2021-05-07,9360,2021-04-27,1830,022257,,2,2,6,4905,0,2,4,,1,052,"STONY POINT ROAD","BUTLER AVE",500.00,S,N,A,-,N,,,,,,,,,,Y,3,0,2,1,A,-,08,22107,,N,E,I,A,A,H,-,A,D,0,,,,,Y,,A,01,0,2,0,0,0,0,0,0,0,"- ","- ",38.397861480712891,-122.74143981933594,SONOMA,"SANTA ROSA",-122.74146270751953,38.397876739501953
91482175,2021,2021-05-27,9360,2021-05-19,1005,016652,,3,1,9,4900,0,1,2,,2,050,"US-101 N/B","SANTA ROSA AVENUE",355.00,N,N,A,-,Y,,,101,,,,,,N,Y,3,0,1,1,A,-,08,22107,,N,E,I,A,A,H,-,A,D,0,,,,,Y,,A,01,0,1,0,0,0,0,0,0,0,"- ","- ",38.372879028320312,-122.71494293212891,SONOMA,UNINCORPORATED,-122.71488952636719,38.372917175292969
9259346,2021,2021-05-19,4908,2021-04-27,1046,3453,7,2,5,5,4908,0,0,0,,0,004,"OLD REDWOOD HWY","N MCDOWELL BL N",0.00,,Y,A,-,N,,,,,,,,,,,4,0,1,1,D,-,00,,,N,F,-,A,A,G,-,A,D,0,,Y,,,Y,,-,"- ",0,0,1,0,0,0,1,0,0,"- ","- ",38.280410766601562,-122.66818237304688,SONOMA,PETALUMA,-122.6693115234375,38.275623321533203
91488493,2021,2021-06-03,9360,2021-05-25,1938,021195,,2,2,9,4900,0,2,4,,1,032,"RIVER ROAD","CANYON 2 ROAD",160.00,E,N,A,-,N,,,,,,,,,,Y,3,0,1,1,A,-,01,23152,A,N,E,I,A,A,H,-,A,D,0,,,,,Y,Y,A,01,0,1,0,0,0,0,0,0,0,"- ","- ",38.519508361816406,-122.97805786132812,SONOMA,UNINCORPORATED,-122.97781372070312,38.519561767578125
91498266,2021,2021-06-16,9325,2021-06-07,1615,022538,,1,2,9,4900,0,1,3,,1,053,SR-116,"21715 ARNOLD DR",500.00,E,N,A,-,Y,,,116,,,,,,,Y,2,0,2,2,A,-,01,23152,A,N,A,C,A,A,H,-,A,D,0,,,,,Y,Y,A,01,2,0,0,0,0,0,0,0,0,"- ","- ",38.254268646240234,-122.47841644287109,SONOMA,UNINCORPORATED,-122.47843933105469,38.254245758056641
91526253,2021,2021-07-22,9360,2021-06-21,0535,021893,,1,3,9,4900,0,3,5,,2,002,"OLD REDWOOD HWY","CAMBRIA WAY",23.00,N,N,B,-,N,,,,,,,,,,Y,4,0,1,1,A,-,08,22107,,N,F,A,A,A,H,-,B,D,0,,,Y,,Y,,C,02,0,0,1,0,0,0,0,0,1,"- ","- ",38.42388916015625,-122.78810119628906,SONOMA,UNINCORPORATED,-122.75388336181641,38.501998901367188
91566138,2021,2021-09-09,9360,2021-08-26,2230,021187,,4,3,5,4908,0,1,2,,1,060,"US-101 N/B","CAULFIELD LN",100.00,N,N,A,-,Y,,,101,,,,,,N,Y,4,0,2,3,A,-,01,23152,A,N,C,C,A,A,D,-,D,D,0,,,,,Y,Y,A,08,0,0,2,0,0,0,0,0,0,"- ","- ",38.238021850585938,-122.62020111083984,SONOMA,PETALUMA,-122.62021636962891,38.238010406494141
91644164,2021,2021-12-06,9360,2021-11-21,1600,021445,,7,2,9,4900,0,3,5,,2,005,"D STREET","LONGHORN LN",120.00,W,N,A,-,N,,,,,,,,,,Y,3,0,1,1,A,-,03,22350,,N,F,A,A,A,H,-,A,D,0,,,Y,,Y,,C,02,0,1,0,0,0,0,0,0,1,"- ","- ",38.184589385986328,-122.65194702148438,SONOMA,UNINCORPORATED,,
9298103,2021,2021-09-08,4908,2021-07-31,0204,3301,3,6,5,5,4908,0,0,0,,0,002,"PETALUMA BL SOUTH","CRYSTAL LN",0.00,,Y,A,-,N,,,,,,,,,,N,3,0,2,1,A,-,01,23152,A,N,E,I,A,A,H,-,C,A,0,,,,,Y,Y,D,22,0,2,0,0,0,0,0,0,0,"- ","- ",38.227428436279297,-122.61798858642578,SONOMA,PETALUMA,-122.61789703369141,38.227291107177734
91426086,2021,2021-03-12,9360,2021-03-08,0645,016524,,1,1,9,4900,0,2,4,,1,032,"RIVER RD.","TRENTON-HEALDSBURG RD",0.00,,Y,B,-,N,,,,,,,,,,Y,3,0,1,2,A,-,09,21802,A,N,D,C,A,A,H,-,B,D,0,,,,,Y,,D,22,0,1,0,0,0,0,0,0,0,"- ","- ",38.488410949707031,-122.85547637939453,SONOMA,UNINCORPORATED,-122.85511016845703,38.488265991210938
91428347,2021,2021-03-16,9360,2021-03-11,1605,021456,,4,2,6,4905,0,1,2,,2,040,"US-101 SB","HEARN AVE O/C",528.00,S,N,A,-,Y,,,101,,,,,,S,N,4,0,1,2,A,-,03,22350,,N,C,C,A,A,H,-,A,D,0,,,,,Y,,A,01,0,0,1,0,0,0,0,0,0,"- ","- ",38.412750244140625,-122.71616363525391,SONOMA,"SANTA ROSA",-122.71615600585938,38.412750244140625
91497067,2021,2021-06-15,9360,2021-06-07,0815,016660,,1,1,9,4900,0,2,4,,1,054,"ROBLAR RD","PETERSON RD",1162.00,E,N,A,-,N,,,,,,,,,,Y,3,0,2,2,A,-,05,21460,A,N,B,C,A,A,H,-,A,D,0,,,,,Y,,D,22,0,1,1,0,0,0,0,0,0,"- ","- ",38.320770263671875,-122.75501251220703,SONOMA,UNINCORPORATED,-122.75510406494141,38.320858001708984
91510683,2021,2021-07-01,9360,2021-06-14,2210,016669,,1,3,9,4900,0,2,4,,1,054,"ROBLAR RD","PETERSON RD",821.00,E,N,A,-,N,,,,,,,,,,Y,4,0,2,2,A,-,01,23152,A,N,A,C,A,A,H,-,D,D,0,,,,,Y,Y,A,07,0,0,2,0,0,0,0,0,0,"- ","- ",38.321250915527344,-122.75598907470703,SONOMA,UNINCORPORATED,-122.75619506835938,38.321220397949219
9300895,2021,2021-08-23,4908,2021-07-29,0624,3382,13,4,5,5,4908,0,0,0,,0,001,"EAST WASHINGTON ST","RT 101",0.00,,Y,A,-,N,,,,,,,,,,N,3,0,1,2,-,-,"- ",,1,N,D,G,A,A,H,-,A,A,0,,Y,,,Y,,L,04,0,1,0,0,0,0,1,0,0,NF,"- ",38.248260498046875,-122.62651824951172,SONOMA,PETALUMA,,
91469122,2021,2021-05-10,9360,2021-05-01,1510,021458,,6,2,9,4900,0,2,4,,1,024,"MARK WEST SPRINGS RD","LESLIE RD",1584.00,S,N,A,-,N,,,,,,,,,,Y,3,0,1,1,A,-,01,23152,A,N,E,I,A,A,H,-,A,D,0,,,,,Y,Y,A,01,0,1,0,0,0,0,0,0,0,"- ","- ",38.541519165039062,-122.72028350830078,SONOMA,UNINCORPORATED,-122.72048950195312,38.546131134033203
91606716,2021,2021-10-26,9360,2021-10-19,0720,013838,,2,1,9,4900,0,1,3,,1,041,SR-12,"BRAND ROAD",528.00,E,N,B,-,Y,,,12,,,,,,,Y,3,0,1,3,A,-,03,22350,,N,C,C,A,A,H,-,A,D,0,,,,,Y,,A,01,0,1,0,0,0,0,0,0,0,"- ","- ",38.454971313476562,-122.62589263916016,SONOMA,UNINCORPORATED,-122.62587738037109,38.454990386962891