CASE_ID,ACCIDENT_YEAR,PROC_DATE,JURIS,COLLISION_DATE,COLLISION_TIME,OFFICER_ID,REPORTING_DISTRICT,DAY_OF_WEEK,CHP_SHIFT,POPULATION,CNTY_CITY_LOC,SPECIAL_COND,BEAT_TYPE,CHP_BEAT_TYPE,CITY_DIVISION_LAPD,CHP_BEAT_CLASS,BEAT_NUMBER,PRIMARY_RD,SECONDARY_RD,DISTANCE,DIRECTION,INTERSECTION,WEATHER_1,WEATHER_2,STATE_HWY_IND,CALTRANS_COUNTY,CALTRANS_DISTRICT,STATE_ROUTE,ROUTE_SUFFIX,POSTMILE_PREFIX,POSTMILE,LOCATION_TYPE,RAMP_INTERSECTION,SIDE_OF_HWY,TOW_AWAY,COLLISION_SEVERITY,NUMBER_KILLED,NUMBER_INJURED,PARTY_COUNT,PRIMARY_COLL_FACTOR,PCF_CODE_OF_VIOL,PCF_VIOL_CATEGORY,PCF_VIOLATION,PCF_VIOL_SUBSECTION,HIT_AND_RUN,TYPE_OF_COLLISION,MVIW,PED_ACTION,ROAD_SURFACE,ROAD_COND_1,ROAD_COND_2,LIGHTING,CONTROL_DEVICE,CHP_ROAD_TYPE,PEDESTRIAN_ACCIDENT,BICYCLE_ACCIDENT,MOTORCYCLE_ACCIDENT,TRUCK_ACCIDENT,NOT_PRIVATE_PROPERTY,ALCOHOL_INVOLVED,STWD_VEHTYPE_AT_FAULT,CHP_VEHTYPE_AT_FAULT,COUNT_SEVERE_INJ,COUNT_VISIBLE_INJ,COUNT_COMPLAINT_PAIN,COUNT_PED_KILLED,COUNT_PED_INJURED,COUNT_BICYCLIST_KILLED,COUNT_BICYCLIST_INJURED,COUNT_MC_KILLED,COUNT_MC_INJURED,PRIMARY_RAMP,SECONDARY_RAMP,LATITUDE,LONGITUDE,COUNTY,CITY,POINT_X,POINT_Y
9361928,2021,2021-11-19,4905,2021-08-08,2059,1060541,,7,5,6,4905,0,0,0,,0,10603,"WEST STEELE LN","APPLE VALLEY LN",0.00,,Y,A,-,N,,,,,,,,,,Y,3,0,3,2,A,-,01,23152,A,N,C,C,A,A,H,-,C,D,0,,,,,Y,Y,A,01,0,1,2,0,0,0,0,0,0,"- ","- ",38.459739685058594,-122.74299621582031,SONOMA,"SANTA ROSA",-122.74295806884766,38.459754943847656
91460376,2021,2021-04-28,9360,2021-04-26,0610,015434,,1,1,9,4900,0,2,4,,1,052,"SCENIC AVE","STONY POINT RD",0.00,,Y,B,-,Y,,,,,,,,,,Y,3,0,2,3,A,-,12,22450,A,N,D,C,A,A,H,-,B,A,0,,,,,Y,,D,22,0,1,1,0,0,0,0,0,0,"- ","- ",38.376449584960938,-122.74114990234375,SONOMA,UNINCORPORATED,-122.74143981933594,38.376277923583984
91529895,2021,2021-07-27,9350,2021-07-18,1101,022441,,7,1,9,4900,0,1,3,,2,137,"SR-37 E/B",SR-121,500.00,W,N,A,-,Y,,,37,,,,,,E,Y,2,0,1,2,A,-,07,21658,A,N,C,C,A,A,H,-,A,D,0,,,Y,,Y,,A,08,1,0,0,0,0,0,0,0,1,"- ","- ",38.148891448974609,-122.45237731933594,SONOMA,UNINCORPORATED,-122.452392578125,38.148902893066406
91570802,2021,2021-09-15,9360,2021-08-30,0950,015434,,1,1,9,4900,0,1,3,,1,063,"STATE ROUTE 116","WOODWORTH RD",590.00,W,N,A,-,Y,,,116,,,,,,,Y,2,0,4,2,A,-,05,21460,A,N,A,C,A,A,H,-,A,D,0,,,,,Y,,A,07,3,1,0,0,0,0,0,0,0,"- ","- ",38.350608825683594,-122.76416015625,SONOMA,UNINCORPORATED,-122.76412963867188,38.350639343261719
91601182,2021,2021-10-20,9360,2021-10-13,1610,015434,,3,2,9,4900,0,2,4,,1,042,"PETALUMA HILL RD","VALLEY HOUSE DR",5280.00,S,N,A,-,N,,,,,,,,,,Y,4,0,1,2,A,-,03,22350,,N,C,C,A,A,H,-,A,D,0,,,,,Y,,A,01,0,0,1,0,0,0,0,0,0,"- ","- ",38.319931030273438,-122.66673278808594,SONOMA,UNINCORPORATED,-122.66651916503906,38.306957244873047
91646648,2021,2021-12-08,9360,2021-12-01,1800,020285,,3,2,9,4900,0,2,4,,1,052,"STONY POINT RD","TODD RD",55.00,N,N,A,-,N,,,,,,,,,,Y,3,0,1,3,A,-,03,22350,,N,C,C,A,A,H,-,C,D,0,,,,,Y,,D,22,0,1,0,0,0,0,0,0,0,"- ","- ",38.387561798095703,-122.74160766601562,SONOMA,UNINCORPORATED,-122.74156188964844,38.387290954589844
9301117,2021,2021-08-16,4905,2021-07-06,2246,1060383,,2,5,6,4905,0,0,0,,0,005,"RT 12 W","FULTON RD",0.00,,Y,A,-,Y,SON,4,12,-,R,12.950,H,-,W,Y,3,0,2,1,A,-,03,22350,,M,E,I,A,A,H,-,C,A,0,,,,,Y,,-,,0,1,1,0,0,0,0,0,0,"- ","- ",38.427600860595703,-122.76917266845703,SONOMA,"SANTA ROSA",-122.76905059814453,38.427742004394531
91383948,2021,2021-01-08,9360,2021-01-03,1805,021437,,7,2,9,4900,0,1,3,,1,053,SR-116,"COOPER DR",1785.00,E,N,B,-,Y,,,116,,,,,,,Y,4,0,1,2,A,-,08,22107,,N,A,C,A,A,H,-,D,D,0,,,,,Y,,A,07,0,0,1,0,0,0,0,0,0,"- ","- ",38.37786865234375,-122.79611968994141,SONOMA,UNINCORPORATED,-122.79612731933594,38.377857208251953
91457160,2021,2021-04-23,9360,2021-04-17,1045,020731,,6,1,9,4900,0,1,3,,1,051,"SR-12 W/B TO US 101 S/B","SR-12 E/B O/C",500.00,N,N,A,-,Y,,,,,,,,,,Y,2,0,1,1,A,-,08,22107,,N,F,A,A,A,H,-,A,D,0,,,Y,,Y,,C,02,1,0,0,0,0,0,0,0,1,"- ","- ",38.432598114013672,-122.71701812744141,SONOMA,UNINCORPORATED,-122.45782470703125,38.291839599609375
91467681,2021,2021-05-07,9360,2021-04-23,0745,021326,,5,1,6,4905,0,1,2,,2,040,"US-101 N/B","BAKER AVE OVERCROSSING",50.00,N,N,B,-,Y,,,101,,,,,,N,N,4,0,1,4,A,-,03,22350,,N,C,C,A,A,H,-,A,D,0,,,,Y,Y,,D,22,0,0,1,0,0,0,0,0,0,"- ","- ",38.422260284423828,-122.71518707275391,SONOMA,"SANTA ROSA",-122.71514892578125,38.422248840332031
91477817,2021,2021-05-27,9325,2021-05-18,0750,015796,,2,1,9,4900,0,2,4,,1,064,"ARNOLD DRIVE","LOMA VIISTA DRIVE",35.00,N,N,A,-,N,,,,,,,,,,Y,3,0,3,3,A,-,03,22350,,N,C,C,A,A,H,-,A,D,0,,,,,Y,,A,01,0,3,0,0,0,0,0,0,0,"- ","- ",38.326248168945312,-122.50621032714844,SONOMA,UNINCORPORATED,-122.5062255859375,38.326301574707031
9247341,2021,2021-04-13,4905,2021-02-19,1920,1060570,,5,5,6,4905,0,0,0,,0,009,"B ST","4TH ST",0.00,,Y,B,-,N,,,,,,,,,,N,3,0,1,2,A,-,11,21950,B,N,B,B,B,A,H,-,C,A,0,Y,,,,Y,,N,60,0,1,0,0,1,0,0,0,0,"- ","- ",38.439708709716797,-122.71563720703125,SONOMA,"SANTA ROSA",-122.71564483642578,38.439712524414062
9323754,2021,2021-10-15,4907,2021-08-24,1522,1101585,,2,5,2,4907,0,0,0,,0,SO1,BROADWAY,"NEWCOMB ST",0.00,,Y,A,-,Y,SON,4,12,-,-,38.320,I,6,W,N,4,0,1,2,A,-,08,22107,,N,B,C,A,A,H,-,A,A,0,,,,Y,Y,,-,,0,0,1,0,0,0,0,0,0,"- ","- ",38.283199310302734,-122.45883178710938,SONOMA,SONOMA,-122.45954132080078,38.281135559082031
9364988,2021,2021-12-30,4907,2021-11-19,1801,1102768,,5,5,2,4907,0,0,0,,0,,"LEVERONI RD",BROADWAY,93.00,W,N,C,-,N,,,,,,,,,,Y,3,0,1,2,A,-,03,22350,,N,C,C,A,B,H,-,B,A,0,,,,,Y,,A,01,0,1,0,0,0,0,0,0,0,"- ","- ",38.275810241699219,-122.4603271484375,SONOMA,SONOMA,-122.46060180664062,38.275833129882812
91408580,2021,2021-02-16,9360,2021-02-03,0344,020828,,3,3,6,4905,0,1,3,,1,051,"SR-12 WB TO US-101 NB",US-101,430.00,N,N,A,-,Y,,,12,,,,R,,W,Y,2,0,1,1,A,-,01,23152,A,N,E,I,A,A,H,-,C,D,0,,,,,Y,Y,A,01,1,0,0,0,0,0,0,0,0,"- ","- ",38.433639526367188,-122.71626281738281,SONOMA,"SANTA ROSA",-122.71626281738281,38.433639526367188
91409663,2021,2021-02-17,9360,2021-01-25,0015,020828,,1,3,3,4903,0,1,2,,2,020,"US-101 SOUTHBOUND (REDWOOD HIGHWAY)","DRY CREEK ROAD",4200.00,S,N,A,-,Y,,,101,,,,,,S,Y,1,1,1,1,A,-,08,22107,,N,E,I,A,B,H,-,D,D,0,,,,,Y,,A,01,1,0,0,0,0,0,0,0,0,"- ","- ",38.613990783691406,-122.87859344482422,SONOMA,HEALDSBURG,-122.87854766845703,38.614006042480469
9265916,2021,2021-05-28,4906,2021-04-02,1705,445,4906,5,5,2,4906,0,0,0,,0,,"COVERT LN","NORLEE ST",300.00,E,N,A,-,N,,,,,,,,,,N,3,0,1,2,A,-,11,21950,B,N,G,B,D,A,H,-,A,A,0,Y,,,,Y,,N,60,0,1,0,0,1,0,0,0,0,"- ","- ",38.402130126953125,-122.82527160644531,SONOMA,SEBASTOPOL,-122.83843231201172,38.405258178710938
9307260,2021,2021-09-01,4905,2021-05-07,0610,1060513,,5,5,6,4905,0,0,0,,0,003,"FULTON RD","SEVEN GABLES DR",30.00,S,N,A,-,N,,,,,,,,,,Y,2,0,1,2,A,-,00,21954,,N,G,B,E,A,H,-,B,D,0,Y,,,,Y,Y,N,60,1,0,0,0,1,0,0,0,0,"- ","- ",38.447509765625,-122.76963043212891,SONOMA,"SANTA ROSA",-122.76963806152344,38.447425842285156
91526425,2021,2021-07-22,9360,2021-07-18,1100,020092,,7,1,9,4900,0,2,4,,1,042,"PETALUMA HILL RD","WEISS LN",20.00,S,N,A,-,N,,,,,,,,,,Y,4,0,1,2,A,-,03,22350,,N,C,C,A,A,H,-,A,D,0,,,,,Y,,A,07,0,0,1,0,0,0,0,0,0,"- ","- ",38.332111358642578,-122.66674041748047,SONOMA,UNINCORPORATED,-122.66677856445312,38.332183837890625
91586069,2021,2021-10-01,9360,2021-09-20,0845,016660,,1,1,9,4900,0,1,2,,2,050,"US 101 N/B","TODD RD O/C",218.00,S,N,A,-,Y,,,,,,,,,,N,2,0,2,2,A,-,07,21658,A,N,C,C,A,A,H,-,A,D,0,,,Y,,Y,,A,01,1,0,1,0,0,0,0,0,1,"- ","- ",38.385948181152344,-122.71613311767578,SONOMA,UNINCORPORATED,-122.71611022949219,38.385662078857422
91597825,2021,2021-10-15,9360,2021-10-09,1315,019083,,6,1,9,4900,0,1,3,,1,061,SR-1,"KRUSE RANCH ROAD",10560.00,S,N,A,-,Y,,,1,,,,,,,N,4,0,1,1,A,-,08,22107,,N,E,I,A,A,H,-,A,D,0,,,,,Y,,A,01,0,0,1,0,0,0,0,0,0,"- ","- ",38.585758209228516,-123.33657073974609,SONOMA,UNINCORPORATED,-123.33663177490234,38.585720062255859
8872306,2021,2021-10-04,4906,2021-08-07,0836,451,4906,6,5,2,4906,0,0,0,,0,,"WALKER AV","RT 116",12.00,E,N,A,-,Y,SON,4,116,-,R,27.110,I,5,W,N,3,0,2,3,A,-,10,21950,A,N,G,B,B,A,H,-,A,A,0,Y,,,,Y,,A,07,0,2,0,0,2,0,0,0,0,"- ","- ",38.398311614990234,-122.82122039794922,SONOMA,SEBASTOPOL,-122.82120513916016,38.398330688476562
9299362,2021,2021-08-17,4905,2021-06-27,1645,1060509,,7,5,6,4905,0,0,0,,0,003,"PINER RD","FULTON RD",45.00,E,N,A,-,N,,,,,,,,,,Y,4,0,2,2,A,-,01,23152,A,N,A,C,A,A,H,-,A,A,0,,,,,Y,Y,A,01,0,0,2,0,0,0,0,0,0,"- ","- ",36.467128753662109,-122.76972961425781,SONOMA,"SANTA ROSA",-122.76955413818359,38.467109680175781
9370938,2021,2022-01-07,4904,2021-12-06,1318,1040525,4904,1,5,4,4904,0,0,0,,0,002,"REDWOOD DR","LAGUNA DR",0.00,,Y,C,-,N,,,,,,,,,,N,3,0,1,2,A,-,08,22107,,N,D,C,A,B,A,-,A,D,0,,,,,Y,,A,01,0,1,0,0,0,0,0,0,0,"- ","- ",38.345779418945312,-122.71575164794922,SONOMA,"ROHNERT PARK",-122.71571350097656,38.345722198486328
81690115,2021,2022-02-01,4904,2021-12-07,1809,1040485,,2,5,4,4904,0,0,0,,0,,"GOLF COURSE DR","COMMERCE BLVD",0.00,,Y,A,-,N,,,,,,,,,,Y,4,0,2,2,A,-,12,21453,A,N,A,C,A,A,H,-,C,A,0,,,,,Y,,A,01,0,0,2,0,0,0,0,0,0,"- ","- ",38.363300323486328,-122.71208953857422,SONOMA,"ROHNERT PARK",-122.71208953857422,38.363227844238281
91447183,2021,2021-04-09,9360,2021-04-07,2050,018881,,3,2,9,4900,0,1,3,,1,061,"TIMBER COVE ROAD","SEAVIEW ROAD",3696.00,W,N,A,-,N,,,,,,,,,,Y,3,0,1,1,A,-,01,23152,A,N,E,I,A,A,H,-,D,D,0,,,,,Y,Y,A,01,0,1,0,0,0,0,0,0,0,"- ","- ",38.551040649414062,-123.27324676513672,SONOMA,UNINCORPORATED,-123.27391815185547,38.550533294677734
91468060,2021,2021-05-07,9360,2021-04-29,0810,016524,,4,1,9,4900,0,2,4,,1,034,SR-116,"GUERNEVILLE RD.",0.00,,Y,A,-,Y,,,116,,,,,,,N,3,0,1,2,A,-,21,22106,,N,C,C,A,A,H,-,A,D,0,,,,,Y,,A,01,0,1,0,0,0,0,0,0,0,"- ","- ",38.450218200683594,-122.86759948730469,SONOMA,UNINCORPORATED,-122.86777496337891,38.450180053710938
91490582,2021,2021-06-07,9360,2021-05-29,0825,020225,,6,1,9,4900,0,2,4,,1,024,"MARK WEST SPRINGS RD","SHULTZ RD",580.00,E,N,A,-,N,,,,,,,,,,Y,4,0,1,1,A,-,08,22107,,N,E,I,A,A,H,-,A,D,0,,,,,Y,,A,07,0,0,1,0,0,0,0,0,0,"- ","- ",38.505329132080078,-122.72979736328125,SONOMA,UNINCORPORATED,,
91576452,2021,2021-09-22,9360,2021-09-10,0325,021904,,5,3,6,4905,0,2,4,,1,042,"PETALUMA HILL RD","WINTERHAVEN AVE.",367.00,S,N,C,-,N,,,,,,,,,,Y,3,0,1,1,A,-,08,22107,,N,E,I,A,B,H,-,D,D,0,,,,,Y,,A,01,0,1,0,0,0,0,0,0,0,"- ","- ",38.409290313720703,-122.70272827148438,SONOMA,"SANTA ROSA",-122.70416259765625,38.409160614013672
91588093,2021,2021-10-05,9360,2021-09-23,1500,019359,,4,2,9,4900,0,1,2,,1,010,"US-101 N/B","ASTI SCHOOL ROAD",4224.00,S,N,A,-,Y,,,101,,,,,,N,Y,4,0,1,2,A,-,07,21658,A,M,B,C,A,A,H,-,A,D,0,,,,,Y,,-,99,0,0,1,0,0,0,0,0,0,"- ","- ",38.749900817871094,-122.96537780761719,SONOMA,UNINCORPORATED,-122.96537017822266,38.749916076660156
91599028,2021,2021-10-18,9360,2021-10-03,1405,020828,,7,2,9,4900,0,2,4,,1,012,"W. DRY CREEK RD.","LAMBERT BRIDGE RD.",0.00,,Y,A,-,N,,,,,,,,,,Y,2,0,1,2,A,-,05,21460,A,N,A,C,A,A,H,-,A,A,0,,,Y,,Y,,C,02,1,0,0,0,0,0,0,0,1,"- ","- ",38.651840209960938,-122.93316650390625,SONOMA,UNINCORPORATED,-122.93328857421875,38.651885986328125
91633618,2021,2021-12-17,9360,2021-11-18,1505,016045,,4,2,9,4900,0,1,2,,2,050,"US -101 N/B","PEPPER RD",3696.00,S,N,B,-,Y,,,,,,,,,,N,2,0,2,1,A,-,08,22107,,N,E,I,A,A,H,-,A,D,0,,,,,Y,,A,07,2,0,0,0,0,0,0,0,0,"- ","- ",38.279121398925781,-122.67890930175781,SONOMA,UNINCORPORATED,,
91642255,2021,2021-12-03,9350,2021-11-30,1838,022614,,2,2,9,4900,0,1,3,,2,137,"SR-37 E/B",SR-121,650.00,W,N,A,-,Y,,,37,,,,,,E,N,4,0,3,2,A,-,03,22350,,N,C,C,A,A,H,-,C,D,0,,,,,Y,,A,01,0,0,3,0,0,0,0,0,0,"- ","- ",38.149768829345703,-122.45123291015625,SONOMA,UNINCORPORATED,-122.45123291015625,38.149776458740234
9272524,2021,2021-06-10,4908,2021-05-28,1632,3383,5,5,5,5,4908,0,0,0,,0,003,"PETALUMA BL NORTH","PROSPECT ST",50.00,N,N,A,-,N,,,,,,,,,,Y,3,0,1,3,A,-,03,22350,,N,C,C,A,A,H,-,A,D,0,,,,,Y,,A,01,0,1,0,0,0,0,0,0,0,"- ","- ",38.237319946289062,-122.64225769042969,SONOMA,PETALUMA,-122.642333984375,38.237483978271484
9324343,2021,2021-12-22,4900,2021-09-04,0732,1102092,,6,5,3,4980,0,0,0,,0,WI1,"HEMBREE LN","SHILOH CENTER DR",0.00,,Y,B,-,N,,,,,,,,,,N,4,0,1,1,A,-,08,22107,,N,E,I,A,A,H,-,A,A,0,,,,,Y,,A,01,0,0,1,0,0,0,0,0,0,"- ","- ",38.526271820068359,-122.78839874267578,SONOMA,WINDSOR,-122.78838348388672,38.526218414306641
9342950,2021,2021-11-03,4904,2021-09-14,0943,1040576,,2,5,4,4904,0,0,0,,0,,"SOUTHWEST BL","COUNTRY CLUB DR",0.00,,Y,B,-,N,,,,,,,,,,N,4,0,1,2,A,-,12,21453,A,N,D,C,A,A,H,-,A,A,0,,,,,Y,,A,01,0,0,1,0,0,0,0,0,0,"- ","- ",38.341449737548828,-122.6949462890625,SONOMA,"ROHNERT PARK",-122.69486999511719,38.341331481933594
9355379,2021,2021-11-15,4903,2021-09-13,1325,1476,,1,5,3,4903,0,0,0,,0,,"MILL ST","RT 101",0.00,,Y,A,-,N,,,,,,,,,,Y,3,0,3,2,A,-,03,22350,,N,C,C,A,A,H,-,A,D,0,,,,,Y,,A,01,0,3,0,0,0,0,0,0,0,"- ",NO,38.607498168945312,-122.87117004394531,SONOMA,HEALDSBURG,,
9410172,2021,2022-03-18,4900,2021-12-15,1238,1102192,,3,5,3,4980,0,0,0,,0,WI1,"WINDSOR RIVER RD","OLD REDWOOD HWY",0.00,,Y,C,-,N,,,,,,,,,,N,2,0,1,2,A,-,08,22107,,N,A,G,A,B,H,-,A,B,0,,Y,,,Y,,A,01,1,0,0,0,0,0,1,0,0,"- ","- ",38.547550201416016,-122.81162261962891,SONOMA,WINDSOR,-122.81089019775391,38.547397613525391
91398394,2021,2021-01-29,9360,2021-01-27,1200,016524,,3,1,9,4900,0,2,4,,1,034,SR-116,"OCCIDENTAL RD",20.00,W,N,C,-,Y,,,116,,,,,,,N,4,0,2,2,A,-,21,22106,,N,C,C,A,B,H,-,A,A,0,,,,,Y,,A,01,0,0,2,0,0,0,0,0,0,"- ","- ",38.425708770751953,-122.84829711914062,SONOMA,UNINCORPORATED,-122.84828948974609,38.425712585449219
91524825,2021,2021-07-20,9360,2021-07-12,1240,020225,,1,1,5,4908,0,1,2,,1,060,"US-101 S/B","CAULFIELD LN",200.00,S,N,A,-,Y,,,101,,,,,,S,N,4,0,2,2,A,-,04,21703,,F,C,C,A,A,D,-,A,D,0,,,,,Y,,D,22,0,0,2,0,0,0,0,0,0,"- ","- ",38.238178253173828,-122.62056732177734,SONOMA,PETALUMA,-122.62054443359375,38.238193511962891
91666526,2021,2021-12-30,9360,2021-12-16,1500,022333,,4,2,6,4905,0,1,3,,1,051,"SR-12 W/B","DUTTON AVE",59.00,W,N,A,-,Y,,,,,,,,,,Y,4,0,2,2,A,-,03,22350,,N,C,C,A,A,H,-,A,D,0,,,,,Y,,A,01,0,0,2,0,0,0,0,0,0,"- ","- ",38.433479309082031,-122.71266174316406,SONOMA,"SANTA ROSA",-122.72872924804688,38.432781219482422
9297427,2021,2021-08-23,4905,2021-04-30,2025,1060383,,5,5,6,4905,0,0,0,,0,003,"GUERNEVILLE RD","FULTON RD",350.00,W,N,B,-,N,,,,,,,,,,Y,4,0,1,2,A,-,09,21801,A,F,D,C,A,A,H,-,B,D,0,,,,,Y,,D,22,0,0,1,0,0,0,0,0,0,"- ","- ",38.452541351318359,-122.76963043212891,SONOMA,"SANTA ROSA",-122.77085113525391,38.452541351318359
9303377,2021,2021-08-20,4905,2021-06-24,1652,1068925,,4,5,6,4905,0,0,0,,0,007,"STONY POINT RD","NORTHPOINT  PKWY",30.00,N,N,A,-,N,,,,,,,,,,Y,3,0,3,2,A,-,08,22107,,N,D,C,A,A,H,-,A,A,0,,,,,Y,,A,01,0,2,1,0,0,0,0,0,0,"- ","- ",38.416019439697266,-122.73995208740234,SONOMA,"SANTA ROSA",-122.73998260498047,38.416141510009766
9434477,2021,2022-04-12,4905,2021-12-16,1223,1060513,,4,5,6,4905,0,0,0,,0,003,"PINER RD","BAY VILLAGE CIR",300.00,E,N,A,-,N,,,,,,,,,,Y,2,0,2,3,A,-,08,22107,,N,C,C,A,A,H,-,A,D,0,,,,,Y,Y,A,01,1,0,1,0,0,0,0,0,0,"- ","- ",38.466819763183594,-122.74903869628906,SONOMA,"SANTA ROSA",-122.74779510498047,38.467761993408203
91458597,2021,2021-04-26,9360,2021-04-20,2330,022371,,2,3,9,4900,0,1,2,,1,010,"US-101 N/B","ASTI RD",4050.00,S,N,A,-,Y,,,101,,,,,,N,Y,3,0,1,1,A,-,08,22107,,N,F,I,A,A,H,-,D,D,0,,,,,Y,,A,01,0,1,0,0,0,0,0,0,0,"- ","- ",38.750820159912109,-122.96623229980469,SONOMA,UNINCORPORATED,-122.96630859375,38.750743865966797
91493182,2021,2021-06-09,9360,2021-05-27,0816,017693,,4,1,9,4900,0,2,4,,1,046,"BENNETT VALLEY RD","ENTERPRISE DRIVE",1200.00,W,N,A,-,N,,,,,,,,,,Y,3,0,3,2,A,-,01,23152,F,N,A,C,A,A,H,-,A,D,0,,,,,Y,,A,01,0,3,0,0,0,0,0,0,0,"- ","- ",38.388511657714844,-122.58248138427734,SONOMA,UNINCORPORATED,-122.58351135253906,38.388359069824219
91514341,2021,2021-07-07,9360,2021-06-25,2210,021567,,5,3,9,4900,0,2,4,,1,052,"TODD RD","STONY POINT RD",1000.00,E,N,A,-,N,,,,,,,,,,Y,4,0,1,1,A,-,01,23152,A,N,E,I,A,A,H,-,D,D,0,,,,,Y,Y,A,08,0,0,1,0,0,0,0,0,0,"- ","- ",38.387138366699219,-122.73777008056641,SONOMA,UNINCORPORATED,-122.73808288574219,38.387149810791016
91524686,2021,2021-07-20,9360,2021-07-12,1530,016045,,1,2,9,4900,0,1,2,,2,050,"US-101 N/B","TODD RD O/C",1320.00,S,N,A,-,Y,,,101,,,,,,N,N,4,0,1,2,A,-,03,22350,,N,C,C,A,A,H,-,A,D,0,,,,,Y,,A,01,0,0,1,0,0,0,0,0,0,"- ","- ",38.384361267089844,-122.71613311767578,SONOMA,UNINCORPORATED,-122.71607971191406,38.384361267089844
91606897,2021,2021-11-02,9360,2021-10-06,2302,018497,,3,3,9,4900,0,2,4,,1,052,"STONY POINT ROAD","TODD ROAD",1470.00,N,N,B,-,N,,,,,,,,,,Y,2,0,1,2,A,-,05,21202,A,N,A,G,A,A,H,-,D,D,0,,Y,,,Y,,L,04,1,0,0,0,0,0,1,0,0,"- ","- ",38.390499114990234,-122.74150848388672,SONOMA,UNINCORPORATED,-122.74156188964844,38.391178131103516
9272523,2021,2021-06-10,4908,2021-05-31,0930,3456,13,1,5,5,4908,0,0,0,,0,001,"EAST WASHINGTON ST","SOUTH MCDOWELL BL",185.00,E,N,A,-,N,,,,,,,,,,,3,0,1,2,A,-,05,21650,1,N,D,G,A,A,H,-,A,D,0,,Y,,,Y,,L,04,0,1,0,0,0,0,1,0,0,"- ","- ",38.249179840087891,-122.62574005126953,SONOMA,PETALUMA,-122.62549591064453,38.249618530273438
9284259,2021,2021-07-08,4908,2021-05-14,2022,3412,13,5,5,5,4908,0,0,0,,0,001,"SOUTH MCDOWELL BL","COVEY WY",396.00,S,N,A,-,N,,,,,,,,,,N,4,0,1,1,A,-,08,22107,,N,E,I,A,A,H,-,B,D,0,,,,,Y,,A,01,0,0,1,0,0,0,0,0,0,"- ","- ",38.240718841552734,-122.61186981201172,SONOMA,PETALUMA,-122.61037445068359,38.240493774414062
91395547,2021,2021-01-28,9360,2021-01-04,0820,013838,,1,1,9,4900,0,1,3,,1,041,"SR-12 E/B","OAKMONT DR",2112.00,E,N,C,-,Y,,,12,,,,,,E,Y,1,2,1,2,A,-,03,22350,,N,D,C,A,B,D,-,A,D,0,,,,,Y,,A,01,0,1,0,0,0,0,0,0,0,"- ","- ",38.4415283203125,-122.59745025634766,SONOMA,UNINCORPORATED,-122.59737396240234,38.441692352294922
91518753,2021,2021-07-13,9360,2021-07-02,1135,019083,,5,1,9,4900,0,1,3,,1,061,SR-1,"KRUSE RANCH ROAD",2112.00,N,N,A,-,Y,,,1,,,,,,,Y,3,0,1,1,A,-,08,22107,,N,E,I,A,A,B,H,A,D,0,,,,,Y,,D,22,0,1,0,0,0,0,0,0,0,"- ","- ",38.601261138916016,-123.35124206542969,SONOMA,UNINCORPORATED,-123.35125732421875,38.601230621337891
91600685,2021,2021-10-19,9360,2021-10-10,1601,022693,,7,2,6,4905,0,1,3,,1,051,"SR-12 EASTBOUND","FARMERS LN",150.00,W,N,A,-,Y,,,12,,,,,,E,Y,3,0,2,3,A,-,03,22350,,N,C,C,A,A,H,-,A,A,0,,,,,Y,,A,01,0,1,1,0,0,0,0,0,0,"- ","- ",38.43524169921875,-122.68827056884766,SONOMA,"SANTA ROSA",-122.68827819824219,38.435192108154297
91636366,2021,2021-11-29,9360,2021-11-18,1805,022333,,4,2,4,4904,0,1,2,,2,050,"US-101 N/B","SANTA ROSA AVE O/C",135.00,S,N,A,-,Y,,,,,,,,,,Y,3,0,1,2,A,-,08,22107,,N,B,2,A,A,H,-,D,D,0,,,,,Y,,A,01,0,1,0,0,0,0,0,0,0,"- ","- ",38.374469757080078,-122.71578216552734,SONOMA,"ROHNERT PARK",,
91642199,2021,2021-12-03,9325,2021-11-29,1415,019411,,1,2,9,4900,0,1,3,,1,063,"SR-12 E/B","MADRONE RD",1056.00,E,N,A,-,Y,,,12,,,,,,E,Y,4,0,1,2,A,-,03,22350,,N,C,C,A,A,H,-,A,D,0,,,,,Y,,E,22,0,0,1,0,0,0,0,0,0,"- ","- ",38.341419219970703,-122.49595642089844,SONOMA,UNINCORPORATED,-122.49591064453125,38.341464996337891
9263964,2021,2021-05-19,4903,2021-04-18,1555,1586,,7,5,3,4903,0,0,0,,0,,"ROSEWOOD DR","POPPY HILL DR",24.00,S,N,A,-,N,,,,,,,,,,Y,3,0,1,1,A,-,"- ",,,N,E,J,A,A,H,-,A,D,0,,,,,Y,,A,01,0,1,0,0,0,0,0,0,0,"- ","- ",38.633480072021484,-122.87003326416016,SONOMA,HEALDSBURG,-122.86967468261719,38.633518218994141
9430437,2021,2022-06-27,4905,2021-12-19,2142,1060576,,7,5,6,4905,0,0,0,,0,009,"WEST COLLEGE AV","NORTH DUTTON AV",0.00,,Y,A,-,N,,,,,,,,,,Y,3,0,1,3,A,-,01,23152,A,N,D,C,A,A,H,-,C,A,0,,,,,Y,Y,D,23,0,1,0,0,0,0,0,0,0,"- ","- ",38.445808410644531,-122.73040771484375,SONOMA,"SANTA ROSA",-122.73044586181641,38.445812225341797