CASE_ID,ACCIDENT_YEAR,PROC_DATE,JURIS,COLLISION_DATE,COLLISION_TIME,OFFICER_ID,REPORTING_DISTRICT,DAY_OF_WEEK,CHP_SHIFT,POPULATION,CNTY_CITY_LOC,SPECIAL_COND,BEAT_TYPE,CHP_BEAT_TYPE,CITY_DIVISION_LAPD,CHP_BEAT_CLASS,BEAT_NUMBER,PRIMARY_RD,SECONDARY_RD,DISTANCE,DIRECTION,INTERSECTION,WEATHER_1,WEATHER_2,STATE_HWY_IND,CALTRANS_COUNTY,CALTRANS_DISTRICT,STATE_ROUTE,ROUTE_SUFFIX,POSTMILE_PREFIX,POSTMILE,LOCATION_TYPE,RAMP_INTERSECTION,SIDE_OF_HWY,TOW_AWAY,COLLISION_SEVERITY,NUMBER_KILLED,NUMBER_INJURED,PARTY_COUNT,PRIMARY_COLL_FACTOR,PCF_CODE_OF_VIOL,PCF_VIOL_CATEGORY,PCF_VIOLATION,PCF_VIOL_SUBSECTION,HIT_AND_RUN,TYPE_OF_COLLISION,MVIW,PED_ACTION,ROAD_SURFACE,ROAD_COND_1,ROAD_COND_2,LIGHTING,CONTROL_DEVICE,CHP_ROAD_TYPE,PEDESTRIAN_ACCIDENT,BICYCLE_ACCIDENT,MOTORCYCLE_ACCIDENT,TRUCK_ACCIDENT,NOT_PRIVATE_PROPERTY,ALCOHOL_INVOLVED,STWD_VEHTYPE_AT_FAULT,CHP_VEHTYPE_AT_FAULT,COUNT_SEVERE_INJ,COUNT_VISIBLE_INJ,COUNT_COMPLAINT_PAIN,COUNT_PED_KILLED,COUNT_PED_INJURED,COUNT_BICYCLIST_KILLED,COUNT_BICYCLIST_INJURED,COUNT_MC_KILLED,COUNT_MC_INJURED,PRIMARY_RAMP,SECONDARY_RAMP,LATITUDE,LONGITUDE,COUNTY,CITY,POINT_X,POINT_Y
91401521,2021,2021-03-18,9360,2021-02-02,1810,016045,,2,2,9,4900,0,1,2,,2,040,U.S.-101N/B,"TODD RD O/C",50.00,N,N,A,-,Y,,,,,,,,,,N,4,0,1,2,A,-,04,21703,,N,C,C,A,A,H,-,A,D,0,,,,Y,Y,,F,26,0,0,1,0,0,0,0,0,0,"- ","- ",38.387260437011719,-122.71607971191406,SONOMA,UNINCORPORATED,-122.71610260009766,38.386398315429688
91453247,2021,2021-04-19,9360,2021-04-17,1353,022128,,6,1,6,4905,0,2,4,,1,024,"MARK WEST SPRINGS RD","LAVELL RD",0.00,,Y,A,-,N,,,,,,,,,,Y,4,0,2,2,A,-,09,21801,A,N,D,C,A,A,H,-,A,D,0,,,,,Y,,D,22,0,0,2,0,0,0,0,0,0,"- ","- ",38.476421356201172,-122.75189971923828,SONOMA,"SANTA ROSA",-122.75189208984375,38.496322631835938
91459099,2021,2021-04-27,9360,2021-04-22,1215,015552,,4,1,9,4900,0,1,3,,1,063,SR-1,"HARBOUR WAY",1742.00,S,N,B,-,Y,,,1,,,,,,,Y,3,0,1,2,A,-,05,21460,A,N,B,C,A,A,H,-,A,D,0,,,,,Y,,A,01,0,1,0,0,0,0,0,0,0,"- ","- ",38.318370819091797,-123.01850891113281,SONOMA,UNINCORPORATED,-123.01850891113281,38.318374633789062
91486136,2021,2021-06-01,9360,2021-05-22,1410,021437,,6,2,6,4905,0,2,4,,1,042,"PETALUMA HILL RD","HUNTER LANE",35.00,S,N,A,-,N,,,,,,,,,,N,4,0,1,2,A,-,03,22350,,N,C,C,A,A,H,-,A,D,0,,,,,Y,,A,07,0,0,1,0,0,0,0,0,0,"- ","- ",38.384300231933594,-122.68718719482422,SONOMA,"SANTA ROSA",-122.68728637695312,38.384315490722656
91520392,2021,2021-07-14,9360,2021-07-01,1430,019794,,4,2,9,4900,0,1,3,,1,013,SR-116,"CRESCENT AVENUE",495.00,W,N,A,-,Y,,,116,,,,,,,Y,4,0,1,2,A,-,09,21804,A,N,D,C,A,A,H,-,A,D,0,,,,,Y,,A,01,0,0,1,0,0,0,0,0,0,"- ","- ",38.476371765136719,-123.00057983398438,SONOMA,UNINCORPORATED,-123.00058746337891,38.476387023925781
91542146,2021,2021-08-11,9360,2021-06-14,2500,022371,,1,4,9,4900,0,1,3,,1,021,SR-128,"CHALK HILL ROAD",1056.00,E,N,A,-,Y,,,128,,,,,,,Y,1,1,0,1,A,-,08,22107,,N,F,0,A,A,H,-,D,D,0,,,,,Y,,A,01,0,0,0,0,0,0,0,0,0,"- ","- ",38.638679504394531,-122.76680755615234,SONOMA,UNINCORPORATED,-122.76686859130859,38.63873291015625
91554861,2021,2021-08-26,9360,2021-08-17,0945,015552,,2,1,9,4900,0,1,3,,1,063,SR-1,"BAY HILL RD.",528.00,S,N,A,-,Y,,,1,,,,,,,Y,3,0,1,1,A,-,08,22107,,N,E,I,A,A,H,-,A,D,0,,,,,Y,,A,01,0,1,0,0,0,0,0,0,0,"- ","- ",38.335250854492188,-122.99146270751953,SONOMA,UNINCORPORATED,-122.991455078125,38.335235595703125
91563382,2021,2021-09-06,9360,2021-08-23,2220,022371,,1,3,9,4900,0,2,4,,1,024,"CALISTOGA ROAD","CHALFANT ROAD",150.00,S,N,A,-,N,,,,,,,,,,Y,2,0,1,1,A,-,01,23152,A,N,E,I,A,A,H,-,D,D,0,,,Y,,Y,Y,C,02,1,0,0,0,0,0,0,0,1,"- ","- ",38.544101715087891,-122.64771270751953,SONOMA,UNINCORPORATED,-122.64772796630859,38.544090270996094
91613252,2021,2021-11-02,9360,2021-10-24,0030,021567,,7,3,9,4900,0,1,2,,2,040,"US-101 N/B","STEELE LN",1700.00,S,N,C,-,Y,,,,,,,,,,Y,3,0,1,1,A,-,01,23152,A,N,E,8,A,B,H,-,D,D,0,,,,,Y,Y,A,01,0,1,0,0,0,0,0,0,0,"- ","- ",38.455459594726562,-122.72599792480469,SONOMA,UNINCORPORATED,-122.72592163085938,38.455333709716797
91665635,2021,2021-12-29,9350,2021-12-24,1435,020979,,5,2,9,4900,0,1,3,,2,237,"SR-37 E/B","NOBLE RD",1006.00,E,N,A,-,Y,,,37,,,,,,E,Y,4,0,2,3,A,-,03,22350,,N,C,C,A,A,H,-,A,D,0,,,,,Y,,A,01,0,0,2,0,0,0,0,0,0,"- ","- ",38.155158996582031,-122.41857147216797,SONOMA,UNINCORPORATED,-122.41857147216797,38.155185699462891
9247311,2021,2021-04-14,4905,2021-03-10,1855,1060572,,3,5,6,4905,0,0,0,,0,007,"SEBASTOPOL AV","BOYD ST",300.00,W,N,C,-,N,,,,,,,,,,N,4,0,1,2,A,-,10,21950,,F,E,B,C,B,H,-,C,A,0,Y,,,,Y,Y,-,99,0,0,1,0,1,0,0,0,0,"- ","- ",38.431541442871094,-122.72129821777344,SONOMA,"SANTA ROSA",-122.72134399414062,38.431537628173828
9247345,2021,2021-04-13,4905,2021-02-22,1501,1068924,,1,5,6,4905,0,0,0,,0,007,"HEARN AV","VICTORIA DR",196.00,E,N,A,-,N,,,,,,,,,,Y,4,0,2,3,A,-,03,22350,,M,C,C,A,A,C,-,A,D,0,,,,,Y,,-,,0,0,2,0,0,0,0,0,0,"- ","- ",38.414390563964844,-122.72113037109375,SONOMA,"SANTA ROSA",-122.72170257568359,38.414344787597656
9247408,2021,2021-04-21,4908,2021-03-30,1845,3414,15,2,5,5,4908,0,0,0,,0,001,"LAKEVILLE HWY","MARINA AV",0.00,,Y,A,-,N,,,116,,,,,,,N,4,0,2,3,A,-,03,22350,,N,C,C,A,A,H,-,A,A,0,,,,,Y,,E,22,0,0,2,0,0,0,0,0,0,"- ","- ",38.233169555664062,-122.61048126220703,SONOMA,PETALUMA,-122.61048126220703,38.233142852783203
9265101,2021,2021-06-02,4908,2021-05-05,2054,3457,5,3,5,5,4908,0,0,0,,0,003,"BODEGA AV","N WEBSTER ST",40.00,E,N,A,-,N,,,,,,,,,,Y,3,0,1,1,A,-,01,23152,A,N,E,I,A,A,H,-,C,A,0,,,,,Y,Y,A,01,0,1,0,0,0,0,0,0,0,"- ","- ",38.234481811523438,-122.65367889404297,SONOMA,PETALUMA,-122.65357971191406,38.234455108642578
9300632,2021,2021-09-02,4908,2021-07-29,1020,3341,6,4,5,5,4908,0,0,0,,0,003,"PAYRAN ST","MARIN WY",152.00,W,N,A,-,N,,,,,,,,,,Y,3,0,1,2,A,-,08,22107,,N,C,E,A,A,D,-,A,D,0,,,,,Y,,A,01,0,1,0,0,0,0,0,0,0,"- ","- ",38.242820739746094,-122.63395690917969,SONOMA,PETALUMA,-122.63438415527344,38.243061065673828
9361906,2021,2021-12-09,4905,2021-07-27,1731,1060473,,2,5,6,4905,0,0,0,,0,007,"HEARN AV","DUTTON MEADOW",0.00,,Y,A,-,N,,,,,,,,,,Y,4,0,2,3,A,-,01,23152,F,F,D,C,A,A,H,-,A,A,0,,,,,Y,,-,,0,0,2,0,0,0,0,0,0,"- ","- ",38.414421081542969,-122.71946716308594,SONOMA,"SANTA ROSA",-122.72929382324219,38.414241790771484
81635739,2021,2021-11-29,4908,2021-11-24,1802,3341,6,3,5,5,4908,0,0,0,,0,003,"W PAYRAN ST","ROCCA DR",200.00,E,N,A,-,N,,,,,,,,,,N,4,0,1,2,A,-,01,23152,A,N,B,E,A,A,H,-,C,D,0,,,,,Y,Y,A,01,0,0,1,0,0,0,0,0,0,"- ","- ",38.245559692382812,-122.63906860351562,SONOMA,PETALUMA,-122.64117431640625,38.245471954345703
91392660,2021,2021-01-22,9360,2021-01-17,1155,019366,,7,1,9,4900,0,2,4,,1,032,"FULTON ROAD","RIVER ROAD",0.00,,Y,A,-,N,,,,,,,,,,Y,2,0,1,1,C,-,18,,,N,E,I,A,A,H,-,A,A,0,,,,,Y,,-,"- ",1,0,0,0,0,0,0,0,0,"- ","- ",38.496578216552734,-122.77010345458984,SONOMA,UNINCORPORATED,-122.77008819580078,38.496528625488281
91427374,2021,2021-03-15,9325,2021-03-02,0535,015796,,2,3,9,4900,0,1,3,,1,072,SR-121,"MAFFEI RD",25.00,N,N,A,-,Y,,,121,,,,,,,Y,3,0,1,1,A,-,08,22107,,N,E,I,A,A,H,-,C,D,0,,,,,Y,,A,01,0,1,0,0,0,0,0,0,0,"- ","- ",38.237461090087891,-122.45748138427734,SONOMA,UNINCORPORATED,-122.45749664306641,38.237514495849609
91439021,2021,2021-03-30,9325,2021-03-21,0255,021449,,7,3,9,4900,0,3,5,,2,005,"EIGHTH STEET EAST","NAPA RD",1056.00,S,N,A,-,N,,,,,,,,,,Y,3,0,1,1,A,-,08,22107,,N,E,I,A,A,H,-,D,D,0,,,,,Y,,A,01,0,1,0,0,0,0,0,0,0,"- ","- ",38.269588470458984,-122.43901062011719,SONOMA,UNINCORPORATED,,
91523164,2021,2021-07-19,9360,2021-06-24,1150,016660,,4,1,9,4900,0,2,4,,1,052,"TODD RD","STONY POINT RD",0.00,,Y,A,-,N,,,,,,,,,,Y,4,0,2,2,A,-,09,21801,A,N,D,C,A,A,H,-,A,A,0,,,,,Y,,A,01,0,0,2,0,0,0,0,0,0,"- ","- ",38.387191772460938,-122.74159240722656,SONOMA,UNINCORPORATED,-122.74156951904297,38.387142181396484
91529471,2021,2021-07-27,9360,2021-07-21,2140,021567,,3,2,9,4900,0,3,5,,2,001,"CAZADERO HWY","BEI RD",1056.00,S,N,A,-,N,,,,,,,,,,Y,3,0,1,1,A,-,01,23152,A,N,E,I,A,A,H,-,D,D,0,,,,,Y,Y,D,22,0,1,0,0,0,0,0,0,0,"- ","- ",38.534931182861328,-123.08656311035156,SONOMA,UNINCORPORATED,-123.08699035644531,38.535053253173828
9354732,2021,2021-11-10,4904,2021-10-02,1426,1040561,,6,5,4,4904,0,0,0,,0,,"REDWOOD DR","WILLIS AV",0.00,,Y,A,-,N,,,,,,,,,,N,3,0,1,2,A,-,09,21804,A,N,D,C,A,A,H,-,A,D,0,,,,,Y,,A,01,0,1,0,0,0,0,0,0,0,"- ","- ",,,SONOMA,"ROHNERT PARK",-122.71424865722656,38.361835479736328
9366376,2021,2021-11-23,4905,2021-08-28,0141,1060566,,6,5,6,4905,0,0,0,,0,008,"HEARN AV","SANTA ROSA AV",0.00,,Y,A,-,N,,,,,,,,,,Y,4,0,1,2,A,-,01,23152,A,N,A,C,A,A,H,-,C,A,0,,,,,Y,Y,-,,0,0,1,0,0,0,0,0,0,"- ","- ",38.415180206298828,-122.71350860595703,SONOMA,"SANTA ROSA",-122.71355438232422,38.415229797363281
91613229,2021,2021-11-02,9360,2021-10-23,1640,022128,,6,2,6,4905,0,1,2,,2,040,"US-101 NB","3RD STREET UNDER CROSSING",55.00,N,N,C,-,Y,,,101,,,,,,N,N,3,0,2,2,A,-,03,22350,,N,B,C,A,B,H,-,A,D,0,,,,,Y,,M,96,0,1,1,0,0,0,0,0,0,"- ","- ",38.439960479736328,-122.71981811523438,SONOMA,"SANTA ROSA",-122.71977233886719,38.439994812011719
91637183,2021,2021-11-29,9360,2021-11-15,1625,021893,,1,2,9,4900,0,2,4,,1,042,"PETALUMA HILL RD","CRANE CANYON RD",2112.00,N,N,B,-,N,,,,,,,,,,Y,4,0,1,2,A,-,09,21804,A,N,E,I,A,A,H,-,B,D,0,,,,,Y,,A,01,0,0,1,0,0,0,0,0,0,"- ","- ",38.371341705322266,-122.66726684570312,SONOMA,UNINCORPORATED,-122.66713714599609,38.371021270751953
9265908,2021,2021-06-09,4906,2021-04-23,1404,451,4906,5,5,2,4906,0,0,0,,0,,"RT 116","COVERT LN",0.00,,Y,A,-,Y,SON,4,116,-,-,25.690,H,-,E,Y,3,0,3,2,A,-,09,21802,A,N,D,C,A,A,H,-,A,A,0,,,,Y,Y,,A,07,0,2,1,0,0,0,0,0,0,"- ","- ",38.405460357666016,-122.83696746826172,SONOMA,SEBASTOPOL,-122.83699798583984,38.405757904052734
91494749,2021,2021-06-11,9360,2021-06-05,1808,021195,,6,2,9,4900,0,2,4,,1,044,"ADOBE ROAD","CASA GRADE ROAD",0.00,,Y,A,-,N,,,,,,,,,,Y,3,0,1,2,A,-,01,23152,A,N,B,C,A,A,H,-,A,A,0,,,,,Y,Y,A,01,0,1,0,0,0,0,0,0,0,"- ","- ",38.255088806152344,-122.58470153808594,SONOMA,UNINCORPORATED,-122.58500671386719,38.25531005859375
91504946,2021,2022-08-30,9360,2021-06-15,2038,018790,,2,2,9,4900,0,3,5,,2,002,"ALEXANDER VALLEY ROAD","EAST OF WEST SODA ROCK LANE",0.00,,N,A,-,N,,,,,,,,,,Y,3,0,1,2,A,-,01,23152,F,F,B,C,A,A,H,-,B,D,0,,,,,Y,,D,22,0,1,0,0,0,0,0,0,0,"- ","- ",38.659889221191406,-122.82805633544922,SONOMA,UNINCORPORATED,-122.83212280273438,38.657691955566406
91552365,2021,2021-08-24,9360,2021-08-11,1315,016524,,3,1,9,4900,0,2,4,,1,034,"GUERNEVILLE RD",SR-116,5.00,E,N,A,-,N,,,,,,,,,,N,3,0,3,2,A,-,21,22106,,N,C,C,A,A,H,-,A,D,0,,,,,Y,,D,22,0,3,0,0,0,0,0,0,0,"- ","- ",38.450119018554688,-122.86769104003906,SONOMA,UNINCORPORATED,-122.86775207519531,38.450099945068359
91575209,2021,2021-09-21,9360,2021-09-07,1600,020285,,2,2,6,4905,0,1,2,,2,040,"US-101 N/B","TODD RD",2640.00,N,N,A,-,Y,,,,,,,,,,N,4,0,1,3,A,-,03,22350,,M,C,C,A,A,H,-,A,D,0,,,,,Y,,-,99,0,0,1,0,0,0,0,0,0,"- ","- ",38.394489288330078,-122.71595001220703,SONOMA,"SANTA ROSA",-122.716064453125,38.393512725830078
91594900,2021,2021-10-13,9360,2021-09-20,1508,022693,,1,2,6,4905,0,1,2,,2,040,"US-101 S/B","SR-12 O/C",396.00,N,N,A,-,Y,,,101,,,,,,S,N,3,0,1,3,A,-,03,22350,,N,C,C,A,A,H,-,A,A,0,,,,,Y,,A,01,0,1,0,0,0,0,0,0,0,"- ","- ",38.432769775390625,-122.71623229980469,SONOMA,"SANTA ROSA",-122.71616363525391,38.432796478271484
9249890,2021,2021-04-28,4907,2021-03-24,1756,1101585,,3,5,2,4907,0,0,0,,0,SO1,"5TH ST WEST","LINDA DR",85.00,S,N,A,-,N,,,,,,,,,,N,4,0,1,2,B,-,22,,,N,G,G,A,A,H,-,A,A,0,,Y,,,Y,,L,04,0,0,1,0,0,0,1,0,0,"- ","- ",38.298629760742188,-122.46721649169922,SONOMA,SONOMA,-122.46724700927734,38.298397064208984
9255144,2021,2021-05-05,4907,2021-04-17,2112,1102808,,6,5,2,4907,0,0,0,,0,SO1,BROADWAY,"ANDRIEUX ST",13.00,S,N,A,-,N,,,12,,,,,,,N,2,0,1,2,A,-,10,21950,A,N,G,B,B,A,H,-,C,D,0,Y,,,Y,Y,,F,26,1,0,0,0,1,0,0,0,0,"- ","- ",38.288341522216797,-122.45841217041016,SONOMA,SONOMA,-122.45842742919922,38.288341522216797
9276689,2021,2021-08-10,4905,2021-05-21,2101,1060541,,5,5,6,4905,0,0,0,,0,007,"LUDWIG AV","HOBBIE LN",1945.00,W,N,A,-,N,,,,,,,,,,Y,4,0,1,2,A,-,03,22350,,N,C,E,A,A,H,-,D,D,0,,,,,Y,,A,01,0,0,1,0,0,0,0,0,0,"- ","- ",38.403499603271484,-122.75727081298828,SONOMA,"SANTA ROSA",-122.75717926025391,38.403518676757812
91470772,2021,2021-05-12,9360,2021-05-05,1431,020266,,3,2,9,4900,0,2,4,,1,038,"OCCIDENTAL ROAD","MILL STATION RD",1500.00,E,N,A,-,N,,,,,,,,,,N,2,0,1,1,A,-,03,22350,,N,F,G,A,A,G,-,A,D,0,,Y,,,Y,,L,04,1,0,0,0,0,0,1,0,0,"- ","- ",38.423511505126953,-122.86399841308594,SONOMA,UNINCORPORATED,-122.86996459960938,38.421745300292969
91512853,2021,2021-07-05,9360,2021-06-25,1625,021456,,5,2,9,4900,0,1,3,,1,041,SR-12,"MAPLE AVENUE",70.00,W,N,A,-,Y,,,12,,,,,,,Y,4,0,1,1,A,-,05,21460,A,M,E,8,A,A,H,-,D,A,0,,,,,Y,,A,07,0,0,1,0,0,0,0,0,0,"- ","- ",38.4173583984375,-122.54923248291016,SONOMA,UNINCORPORATED,-122.54923248291016,38.417362213134766
91535434,2021,2021-08-03,9360,2021-07-28,1120,021445,,3,1,9,4900,0,2,4,,1,024,"CALISTOGA ROAD","HARVILLE ROAD",1584.00,N,N,A,-,N,,,,,,,,,,N,3,0,1,1,A,-,08,22107,,N,E,I,A,A,H,-,A,D,0,,,,,Y,,A,07,0,1,0,0,0,0,0,0,0,"- ","- ",38.492351531982422,-122.65689849853516,SONOMA,UNINCORPORATED,-122.65753173828125,38.492359161376953
91593312,2021,2021-10-11,9360,2021-09-29,1410,016660,,3,2,9,4900,0,1,2,,2,030,"US 101 N/B TO BICENTENNIAL WAY W/B","BICENTENNIAL WAY O/C",210.00,N,N,A,-,Y,,,,,,,,,,N,4,0,1,1,A,-,03,22350,,N,E,I,A,A,H,-,A,D,0,,,,,Y,,A,07,0,0,1,0,0,0,0,0,0,"- ","- ",38.471408843994141,-122.72911071777344,SONOMA,UNINCORPORATED,-122.73030853271484,38.472999572753906
9247282,2021,2021-04-13,4905,2021-02-15,1614,1060538,,1,5,6,4905,0,0,0,,0,009,"7TH ST","WILSON ST",0.00,,Y,-,-,N,,,,,,,,,,Y,4,0,5,2,-,-,"- ",,,N,D,C,A,A,H,-,A,A,0,,,,,Y,,-,"- ",0,0,5,0,0,0,0,0,0,"- ","- ",38.439468383789062,-122.72221374511719,SONOMA,"SANTA ROSA",-122.72222900390625,38.439468383789062
9247353,2021,2021-04-13,4905,2021-02-25,2051,1060563,,4,5,6,4905,0,0,0,,0,005,"OCCIDENTAL RD","HARVEST LN",0.00,,Y,A,-,N,,,,,,,,,,N,4,0,1,2,A,-,10,21950,,M,G,B,C,A,H,-,C,D,0,Y,,,,Y,,-,,0,0,1,0,1,0,0,0,0,"- ","- ",38.430679321289062,-122.74600219726562,SONOMA,"SANTA ROSA",-122.74761199951172,38.429920196533203
91506493,2021,2021-06-25,9360,2021-06-16,2225,020748,,3,3,4,4904,0,1,2,,2,050,"US-101 SB","SR-116 (GRAVENSTEIN HIGHWAY)",2500.00,N,N,A,-,Y,,,101,,,,,,S,Y,3,0,3,2,A,-,08,22107,,N,B,C,A,A,H,-,D,D,0,,,,,Y,,A,01,0,2,1,0,0,0,0,0,0,"- ","- ",38.34136962890625,-122.71312713623047,SONOMA,"ROHNERT PARK",-122.71296691894531,38.34136962890625
91510721,2021,2021-07-01,9360,2021-06-19,1420,021456,,6,2,9,4900,0,2,4,,1,024,"CALISTOGA RD","GATES RD",1584.00,S,N,A,-,N,,,,,,,,,,Y,3,0,1,1,A,-,01,23152,F,N,E,I,A,A,H,-,A,D,0,,,,,Y,,A,01,0,1,0,0,0,0,0,0,0,"- ","- ",38.533420562744141,-122.64927673339844,SONOMA,UNINCORPORATED,-122.64948272705078,38.533168792724609
9254931,2021,2021-05-03,4908,2021-04-19,1251,3417,12,1,5,5,4908,0,0,0,,0,001,"ELY BL SOUTH","GILRIX ST",0.00,,Y,A,-,N,,,,,,,,,,Y,3,0,3,4,A,-,03,22350,,N,C,C,A,A,H,-,A,D,0,,,,,Y,,A,07,0,1,2,0,0,0,0,0,0,"- ","- ",38.255069732666016,-122.61650848388672,SONOMA,PETALUMA,-122.61639404296875,38.255031585693359
9259662,2021,2021-06-02,4908,2021-04-30,1830,3418,2,5,5,5,4908,0,0,0,,0,001,"LAKEVILLE ST",LAKEVILLE,0.00,,N,A,-,Y,SON,4,101,-,-,3.795,R,4,S,Y,4,0,2,2,A,-,09,21801,A,N,B,C,A,A,H,-,A,A,0,,,,Y,Y,,F,26,0,0,2,0,0,0,0,0,0,"- ",SO,38.234821319580078,-122.62026977539062,SONOMA,PETALUMA,-122.61899566650391,38.235137939453125
9293448,2021,2021-07-28,4908,2021-05-31,1954,3552,3,1,5,5,4908,0,0,0,,0,002,"LAKEVILLE HWY",CAULFIELD,0.00,S,N,A,-,N,,,,,,,,,,Y,2,0,1,1,A,-,08,22107,,N,E,I,A,A,H,-,A,A,0,,,Y,,Y,,C,02,1,0,0,0,0,0,0,0,1,"- ","- ",38.234821319580078,-122.62026977539062,SONOMA,PETALUMA,-122.62240600585938,38.235347747802734
9294030,2021,2021-09-10,4907,2021-07-09,1440,1102826,,5,5,2,4907,0,0,0,,0,SO1,BROADWAY,"ANDRIEUX ST",250.00,S,N,A,-,N,,,12,,,,,,,N,3,0,1,2,A,-,08,22107,,N,D,C,A,A,-,-,A,D,0,,,,,Y,,-,,0,1,0,0,0,0,0,0,0,"- ","- ",38.287410736083984,-122.45893859863281,SONOMA,SONOMA,-122.45857238769531,38.287353515625
9301059,2021,2021-08-12,4905,2021-04-19,1928,921,,1,5,6,4905,0,0,0,,0,,"COLLEGE AV","RT 101",0.00,,Y,A,-,Y,SON,4,101,-,-,20.903,R,4,N,Y,3,0,2,3,A,-,12,21453,A,N,D,C,A,A,H,-,A,A,0,,,,,Y,,-,,0,1,1,0,0,0,0,0,0,"- ",NF,,,SONOMA,"SANTA ROSA",-122.72509765625,38.447673797607422
9367786,2021,2021-12-15,4905,2021-11-06,1618,1060531,,6,5,6,4905,0,0,0,,0,10609,"NORTH DUTTON AV","WEST 9TH ST",0.00,,Y,A,-,N,,,,,,,,,,Y,3,0,1,2,A,-,08,22107,,F,D,C,A,A,H,-,A,A,0,,,,,Y,Y,A,01,0,1,0,0,0,0,0,0,0,"- ","- ",38.441608428955078,-122.72897338867188,SONOMA,"SANTA ROSA",-122.72898101806641,38.441608428955078
91466942,2021,2021-05-06,9325,2021-04-14,1800,018954,,3,2,9,4900,0,1,3,,1,051,"SR-121 N/B","MEADOWLARK LN",9926.00,S,N,A,-,Y,,,121,,,,,,N,Y,2,0,2,2,C,-,18,,,N,A,C,A,A,H,-,A,D,0,,,,,Y,,-,"- ",1,1,0,0,0,0,0,0,0,"- ","- ",38.197551727294922,-122.44589233398438,SONOMA,UNINCORPORATED,-122.44590759277344,38.197544097900391
91481198,2021,2021-05-27,9360,2021-05-08,1350,020803,,6,1,9,4900,0,1,3,,1,061,SR-1,"PACIFIC VIEW DRIVE",2440.00,N,N,A,-,Y,,,1,,,,,,,N,3,0,1,2,A,-,09,21804,A,N,D,G,A,A,H,-,A,D,0,,Y,,,Y,,A,07,0,1,0,0,0,0,1,0,0,"- ","- ",38.548149108886719,-123.29663848876953,SONOMA,UNINCORPORATED,-123.29664611816406,38.548221588134766
91593860,2021,2021-10-12,9360,2021-09-26,1515,022333,,7,2,9,4900,0,2,4,,1,044,"OLD ADOBE RD","EAST WASHINGTON ST",2112.00,S,N,A,-,N,,,,,,,,,,Y,3,0,1,3,A,-,01,23152,A,N,B,C,A,A,H,-,A,D,0,,,Y,,Y,Y,A,07,0,1,0,0,0,0,0,0,1,"- ","- ",38.264461517333984,-122.60111236572266,SONOMA,UNINCORPORATED,-122.60260009765625,38.265205383300781
91673384,2021,2022-01-07,9360,2021-12-30,0221,018497,,4,3,2,4902,0,1,2,,2,050,"US-101 S/B","GRAVENSTEIN HWY",1285.00,N,N,B,-,Y,,,101,,,,,,S,N,2,0,1,2,A,-,00,21960,A,N,G,B,D,A,H,-,C,D,0,Y,,,,Y,,N,60,1,0,0,0,1,0,0,0,0,"- ","- ",38.334880828857422,-122.71299743652344,SONOMA,COTATI,-122.71289825439453,38.334880828857422
9269622,2021,2021-06-16,4904,2021-04-25,1525,1040519,4904,7,5,4,4904,0,0,0,,0,0B2,"LABATH AV","ROHNERT PARK EXPWY",100.00,S,N,A,-,N,,,,,,,,,,,4,0,2,2,A,-,09,21804,A,N,D,D,A,A,H,-,A,-,0,,,,,Y,,A,01,0,0,2,0,0,0,0,0,0,"- ","- ",38.349220275878906,-122.72120666503906,SONOMA,"ROHNERT PARK",-122.72119903564453,38.348674774169922
91400503,2021,2021-02-02,9360,2021-01-29,0730,020386,,5,1,9,4900,0,2,4,,1,024,"CALISTOGA RD","SAINT HELENA RD",1320.00,N,N,B,-,N,,,,,,,,,,Y,4,0,1,1,A,-,03,22350,,N,H,I,A,B,H,-,A,D,0,,,,,Y,,A,01,0,0,1,0,0,0,0,0,0,"- ","- ",38.509239196777344,-122.65302276611328,SONOMA,UNINCORPORATED,-122.65202331542969,38.508216857910156
91421288,2021,2021-03-05,9360,2021-02-27,0140,022371,,6,3,9,4900,0,3,5,,2,002,"RIEBLI RD","HIDDEN HILLS DR",140.00,W,N,A,-,N,,,,,,,,,,Y,3,0,1,1,A,-,01,23152,A,N,E,I,A,A,H,-,D,D,0,,,,,Y,Y,D,22,0,1,0,0,0,0,0,0,0,"- ","- ",38.502559661865234,-122.70246887207031,SONOMA,UNINCORPORATED,-122.70236968994141,38.502571105957031
91454913,2021,2021-04-21,9350,2021-04-13,0730,015765,,2,1,9,4900,0,1,3,,2,137,"S.R. 37 W/B","S.R. 121",410.00,E,N,B,-,Y,,,,,,,,,,Y,2,0,1,2,A,-,07,21658,A,N,B,C,A,A,H,-,A,D,0,,,Y,,Y,,A,01,1,0,0,0,0,0,0,0,1,"- ","- ",38.151458740234375,-122.44788360595703,SONOMA,UNINCORPORATED,,
91641911,2021,2021-12-03,9360,2021-11-16,0737,016076,,2,1,9,4900,0,3,5,,2,003,"AIRPORT BLVD","SKYLANE BLVD",0.00,,Y,A,-,N,,,,,,,,,,N,3,0,1,2,A,-,12,22450,A,N,D,C,A,A,H,-,A,A,0,,,,,Y,,A,07,0,1,0,0,0,0,0,0,0,"- ","- ",38.510978698730469,-122.79997253417969,SONOMA,UNINCORPORATED,-122.80032348632812,38.511054992675781