CASE_ID,ACCIDENT_YEAR,PROC_DATE,JURIS,COLLISION_DATE,COLLISION_TIME,OFFICER_ID,REPORTING_DISTRICT,DAY_OF_WEEK,CHP_SHIFT,POPULATION,CNTY_CITY_LOC,SPECIAL_COND,BEAT_TYPE,CHP_BEAT_TYPE,CITY_DIVISION_LAPD,CHP_BEAT_CLASS,BEAT_NUMBER,PRIMARY_RD,SECONDARY_RD,DISTANCE,DIRECTION,INTERSECTION,WEATHER_1,WEATHER_2,STATE_HWY_IND,CALTRANS_COUNTY,CALTRANS_DISTRICT,STATE_ROUTE,ROUTE_SUFFIX,POSTMILE_PREFIX,POSTMILE,LOCATION_TYPE,RAMP_INTERSECTION,SIDE_OF_HWY,TOW_AWAY,COLLISION_SEVERITY,NUMBER_KILLED,NUMBER_INJURED,PARTY_COUNT,PRIMARY_COLL_FACTOR,PCF_CODE_OF_VIOL,PCF_VIOL_CATEGORY,PCF_VIOLATION,PCF_VIOL_SUBSECTION,HIT_AND_RUN,TYPE_OF_COLLISION,MVIW,PED_ACTION,ROAD_SURFACE,ROAD_COND_1,ROAD_COND_2,LIGHTING,CONTROL_DEVICE,CHP_ROAD_TYPE,PEDESTRIAN_ACCIDENT,BICYCLE_ACCIDENT,MOTORCYCLE_ACCIDENT,TRUCK_ACCIDENT,NOT_PRIVATE_PROPERTY,ALCOHOL_INVOLVED,STWD_VEHTYPE_AT_FAULT,CHP_VEHTYPE_AT_FAULT,COUNT_SEVERE_INJ,COUNT_VISIBLE_INJ,COUNT_COMPLAINT_PAIN,COUNT_PED_KILLED,COUNT_PED_INJURED,COUNT_BICYCLIST_KILLED,COUNT_BICYCLIST_INJURED,COUNT_MC_KILLED,COUNT_MC_INJURED,PRIMARY_RAMP,SECONDARY_RAMP,LATITUDE,LONGITUDE,COUNTY,CITY,POINT_X,POINT_Y
9246867,2021,2021-05-04,4905,2021-03-09,1303,1060408,,2,5,6,4905,0,0,0,,0,002,"MENDOCINO AV","CHANATE RD",158.00,N,N,A,-,N,,,,,,,,,,Y,4,0,1,3,A,-,09,21804,A,N,D,C,A,A,H,-,A,D,0,,,,,Y,,A,01,0,0,1,0,0,0,0,0,0,"- ","- ",38.465789794921875,-122.71923065185547,SONOMA,"SANTA ROSA",-122.71961212158203,38.4654541015625
9434476,2021,2022-04-12,4905,2021-12-19,2014,1060570,,7,5,6,4905,0,0,0,,0,004,"FOUNTAINGROVE PKWY","HADLEY HILL DR",300.00,W,N,A,-,N,,,,,,,,,,Y,3,0,3,1,A,-,08,22107,,N,E,I,A,A,H,-,C,D,0,,,,,Y,,-,,0,3,0,0,0,0,0,0,0,"- ","- ",38.479129791259766,-122.689208984375,SONOMA,"SANTA ROSA",-122.69162750244141,38.484210968017578
91468638,2021,2021-05-10,9325,2021-05-01,1845,021449,,6,2,9,4900,0,1,3,,1,072,"STATE ROUTE 121","BURNDALE ROAD",10.00,E,N,A,-,Y,,,121,,,,,,,Y,4,0,1,2,A,-,01,23152,A,N,B,C,A,A,H,-,A,A,0,,,,,Y,Y,A,01,0,0,1,0,0,0,0,0,0,"- ","- ",38.246429443359375,-122.42167663574219,SONOMA,UNINCORPORATED,-122.42167663574219,38.246456146240234
91474568,2021,2021-05-27,9360,2021-05-09,1900,021458,,7,2,9,4900,0,2,4,,1,024,"PORTER CREEK ROAD","LOCH HAVEN DRIVE",425.00,W,N,A,-,N,,,,,,,,,,Y,3,0,2,1,A,-,08,22107,,N,E,J,A,A,H,-,A,D,0,,,,,Y,,A,01,0,1,1,0,0,0,0,0,0,"- ","- ",38.549839019775391,-122.714599609375,SONOMA,UNINCORPORATED,-122.71455383300781,38.549812316894531
9222759,2021,2021-03-19,4900,2021-01-05,0645,1101496,,2,5,3,4980,0,0,0,,0,WI1,"LOS AMIGOS RD","ARATA LN",0.00,,Y,E,-,N,,,,,,,,,,Y,4,0,1,2,A,-,08,22107,,N,A,C,A,B,H,-,B,A,0,,,,,Y,,-,,0,0,1,0,0,0,0,0,0,"- ","- ",38.561798095703125,-122.82227325439453,SONOMA,WINDSOR,-122.82228088378906,38.561813354492188
9387278,2021,2022-01-10,4908,2021-11-29,0832,3509,6,1,5,5,4908,0,0,0,,0,003,"PETALUMA BL NORTH","OAK ST",209.00,S,N,A,-,N,,,,,,,,,,N,4,0,1,2,A,-,03,22350,,N,C,C,A,A,H,-,A,D,0,,,,,Y,,D,22,0,0,1,0,0,0,0,0,0,"- ","- ",38.238430023193359,-122.64277648925781,SONOMA,PETALUMA,-122.64282989501953,38.238449096679688
91446331,2021,2021-04-08,9360,2021-04-04,1228,019366,,7,1,9,4900,0,2,4,,1,034,"FREI RD","HOLT ROAD",367.00,S,N,A,-,N,,,,,,,,,,Y,3,0,1,2,A,-,01,23152,A,N,B,C,A,A,H,-,A,D,0,,,,,Y,Y,A,01,0,1,0,0,0,0,0,0,0,"- ","- ",38.442371368408203,-122.84689331054688,SONOMA,UNINCORPORATED,-122.84860229492188,38.440296173095703
91587955,2021,2021-10-05,9360,2021-08-28,1800,018828,,6,2,9,4900,0,3,5,,2,005,"LLANO ROAD",SR-12,1056.00,S,N,A,-,N,,,,,,,,,,Y,3,0,2,2,A,-,09,21804,A,N,B,C,A,A,H,-,A,D,0,,,,,Y,,A,01,0,2,0,0,0,0,0,0,0,"- ","- ",38.408760070800781,-122.79283905029297,SONOMA,UNINCORPORATED,-122.79319763183594,38.409141540527344
9221252,2021,2021-02-08,4904,2021-01-02,1243,1040559,,6,5,4,4904,0,0,0,,0,001,"GOLF COURSE DR","COUNTRY CLUB DR",0.00,,Y,B,C,N,,,,,,,,,,N,4,0,1,2,A,-,03,22350,,N,C,C,A,B,H,-,A,A,0,,,,,Y,,A,07,0,0,1,0,0,0,0,0,0,"- ","- ",38.362098693847656,-122.69474029541016,SONOMA,"ROHNERT PARK",-122.6947021484375,38.362075805664062
91407392,2021,2021-02-12,9360,2021-02-05,1500,021445,,5,2,9,4900,0,3,5,,2,004,"MARK WEST SPRINGS RD","US-101 N/B",150.00,E,N,A,-,N,,,,,,,,,,Y,3,0,3,3,A,-,03,22350,,N,C,C,A,A,H,-,A,A,0,,,,,Y,,D,22,0,2,1,0,0,0,0,0,0,"- ","- ",38.496288299560547,-122.75328063964844,SONOMA,UNINCORPORATED,-122.75553894042969,38.496170043945312
91412563,2021,2021-02-22,9360,2021-02-15,0920,021893,,1,1,6,4905,0,1,3,,1,051,"SR-12 W/B","DUTTON AVE",300.00,E,N,B,-,Y,,,12,,,,,,W,Y,4,0,1,1,A,-,08,22107,,N,F,I,A,B,H,-,A,D,0,,,,,Y,,A,01,0,0,1,0,0,0,0,0,0,"- ","- ",38.433338165283203,-122.72503662109375,SONOMA,"SANTA ROSA",-122.72503662109375,38.433296203613281
91422591,2021,2021-03-08,9360,2021-03-02,1430,022257,,2,2,6,4905,0,1,2,,2,040,"US-101 S/B","TODD RD",700.00,N,N,A,-,Y,,,,,,,,,,Y,3,0,1,1,A,-,08,22107,,N,E,I,A,A,H,-,A,D,0,,,,Y,Y,,F,26,0,1,0,0,0,0,0,0,0,"- ","- ",38.389331817626953,-122.71640777587891,SONOMA,"SANTA ROSA",-122.71629333496094,38.38751220703125
91443959,2021,2021-04-06,9360,2021-03-30,2010,018881,,2,2,9,4900,0,2,4,,1,038,"BOHEMIAN HIGHWAY","FREESTONE FLAT ROAD",3168.00,N,N,A,-,N,,,,,,,,,,Y,3,0,1,1,A,-,08,22107,,N,E,I,A,A,H,-,D,D,0,,,,,Y,,A,01,0,1,0,0,0,0,0,0,0,"- ","- ",38.383049011230469,-122.93505859375,SONOMA,UNINCORPORATED,-122.93505859375,38.382965087890625
91616142,2021,2021-11-04,9360,2021-10-27,0843,013838,,3,1,6,4905,0,1,3,,1,051,"E/B SR-12 E OF DUTTON AVE","DUTTON AVE",400.00,E,N,A,-,Y,,,,,,,,,,N,4,0,1,2,A,-,04,21703,,N,C,C,A,A,H,-,A,D,0,,,,,Y,,A,01,0,0,1,0,0,0,0,0,0,"- ","- ",38.255901336669922,-122.43199920654297,SONOMA,"SANTA ROSA",-122.72479248046875,38.433155059814453
91621613,2021,2021-11-10,9360,2021-10-30,0830,019083,,6,1,9,4900,0,1,3,,1,061,SR-1,"BURKE AVE",5280.00,N,N,B,C,Y,,,,,,,,,,Y,3,0,1,1,A,-,03,22350,,N,F,A,A,B,H,-,A,D,0,,,,,Y,,D,22,0,1,0,0,0,0,0,0,0,"- ","- ",38.455009460449219,-123.33775329589844,SONOMA,UNINCORPORATED,-123.13568115234375,38.458843231201172
9192735,2021,2021-06-02,4906,2021-04-26,1530,451,4906,1,5,2,4906,0,0,0,,0,,"RT 116","PALM AV",0.00,,Y,A,-,Y,SON,4,116,-,R,27.320,I,5,W,Y,3,0,1,2,A,-,09,21802,A,N,D,C,A,A,D,H,A,A,0,,,,,Y,,A,01,0,1,0,0,0,0,0,0,0,"- ","- ",38.395900726318359,-122.81960296630859,SONOMA,SEBASTOPOL,-122.81961822509766,38.395908355712891
9218471,2021,2021-03-18,4902,2021-01-12,1837,105348,,2,5,2,4902,0,0,0,,0,,"EAST COTATI AV","SANTERO WY",290.00,E,N,A,-,N,,,,,,,,,,,4,0,1,1,A,-,07,21658,A,N,E,I,A,A,H,-,C,A,0,,,,,Y,,A,01,0,0,1,0,0,0,0,0,0,"- ","- ",,,SONOMA,COTATI,-122.69142913818359,38.331989288330078
9246234,2021,2021-04-09,4905,2021-01-23,2134,1060556,,6,5,6,4905,0,0,0,,0,002,"MENDOCINO AV","PACIFIC AV",100.00,S,N,B,-,N,,,,,,,,,,Y,4,0,1,2,A,-,03,22350,,F,C,C,A,A,H,-,C,D,0,,,,,Y,,A,01,0,0,1,0,0,0,0,0,0,"- ","- ",38.453639984130859,-122.71739196777344,SONOMA,"SANTA ROSA",-122.71745300292969,38.453094482421875
91470284,2021,2021-05-11,9360,2021-05-05,0915,015434,,3,1,9,4900,0,2,4,,1,042,"PETALUMA HILL RD","WARRRINGTON RD",10.00,N,N,A,-,N,,,,,,,,,,Y,4,0,1,2,A,-,03,22350,,N,C,C,A,A,H,-,A,D,0,,,,,Y,,A,01,0,0,1,0,0,0,0,0,0,"- ","- ",38.380538940429688,-122.6834716796875,SONOMA,UNINCORPORATED,-122.68340301513672,38.380542755126953
91576840,2021,2021-09-22,9360,2021-09-11,0920,020201,,6,1,9,4900,0,2,4,,1,043,"OLD REDWOOD HIGHWAY","GOODWIN AVE.",620.00,N,N,A,-,N,,,,,,,,,,N,3,0,1,2,A,-,08,22107,,N,B,G,A,A,H,-,A,D,0,,Y,,,Y,,A,01,0,1,0,0,0,0,1,0,0,"- ","- ",38.285789489746094,-122.66718292236328,SONOMA,UNINCORPORATED,-122.66715240478516,38.285530090332031
9312707,2021,2021-09-09,4901,2021-07-23,1028,075,4901,5,5,2,4901,0,0,0,,0,,"SOUTH CLOVERDALE BL","INDUSTRIAL DR",140.00,N,N,A,-,N,,,,,,,,,,Y,4,0,1,3,A,-,08,22107,,N,A,E,E,A,D,-,A,D,0,Y,,,Y,Y,,A,07,0,0,1,0,0,0,0,0,0,"- ","- ",38.796058654785156,-123.01863098144531,SONOMA,CLOVERDALE,-123.01875305175781,38.796424865722656
91442819,2021,2021-04-05,9360,2021-03-26,1705,021456,,5,2,9,4900,0,1,2,,1,010,"W DRY CREEK RD","LAMBERT BRIDGE RD",0.00,,Y,A,-,N,,,,,,,,,,Y,3,0,2,2,A,-,03,22350,,N,C,C,A,A,H,-,A,D,0,,,Y,,Y,,C,02,0,2,0,0,0,0,0,0,2,"- ","- ",38.651870727539062,-122.93315124511719,SONOMA,UNINCORPORATED,-122.93328857421875,38.651885986328125
91509032,2021,2021-06-29,9360,2021-06-21,0225,020905,,1,3,9,4900,0,1,2,,1,010,"US-101 NORTHBOUND","THERESA DR",20.00,S,N,A,-,Y,,,101,,,,,,N,Y,3,0,1,1,A,-,01,23152,A,N,E,I,A,A,H,-,C,D,0,,,,,Y,Y,A,01,0,1,0,0,0,0,0,0,0,"- ","- ",38.767749786376953,-122.99462890625,SONOMA,UNINCORPORATED,-122.99467468261719,38.767696380615234
91590473,2021,2021-10-07,9360,2021-09-30,2045,018881,,4,2,9,4900,0,3,5,,2,001,"STEWARTS POINT SKAGGS SPRINGS ROAD","SEWELL ROAD",43296.00,E,N,A,-,N,,,,,,,,,,Y,4,0,1,1,A,-,08,22107,,N,F,A,A,A,H,-,D,D,0,,,,,Y,,A,01,0,0,1,0,0,0,0,0,0,"- ","- ",38.681079864501953,-123.12449645996094,SONOMA,UNINCORPORATED,-123.18881988525391,38.666629791259766
91637349,2021,2021-11-29,9360,2021-11-20,0750,017761,,6,1,9,4900,0,1,3,,1,021,"GEYSERVILLE AVENUE S/B","NORTH OF RENZ ROAD",37.00,N,N,A,-,N,,,,,,,,,,Y,3,0,1,2,A,-,08,22107,,N,C,E,A,A,H,-,A,D,0,,,,,Y,,A,01,0,1,0,0,0,0,0,0,0,"- ","- ",38.709621429443359,-122.90499877929688,SONOMA,UNINCORPORATED,,
91416776,2021,2021-02-26,9360,2021-02-22,1733,020266,,1,2,3,4980,0,1,2,,2,020,"US-101 NB","ARATA LN",90.00,S,N,A,-,Y,,,101,,,,,,N,Y,3,0,1,1,A,-,08,22107,,N,E,I,A,A,H,-,A,D,0,,,,,Y,,A,08,0,1,0,0,0,0,0,0,0,"- ","- ",38.560470581054688,-122.82164764404297,SONOMA,WINDSOR,-122.82162475585938,38.560493469238281
91491980,2021,2021-06-08,9360,2021-05-22,1850,021445,,6,2,5,4908,0,1,2,,1,060,"US-101 SOUTHBOUND","N/O SR-116 (LAKEVILLE HIGHWAY)",190.00,N,N,A,-,Y,,,101,,,,,,S,Y,4,0,1,2,A,-,01,23152,A,N,B,C,A,A,D,-,A,D,0,,,,,Y,Y,A,07,0,0,1,0,0,0,0,0,0,"- ","- ",38.23529052734375,-122.61971282958984,SONOMA,PETALUMA,-122.61919403076172,38.235557556152344
91498115,2021,2021-06-16,9360,2021-06-08,0720,016524,,2,1,9,4900,0,3,5,,2,003,"MOSCOW RD","RUSSIAN RIVER AVE.",220.00,W,N,A,-,N,,,,,,,,,,N,3,0,1,1,A,-,08,22107,,N,E,I,A,A,H,-,A,D,0,,,,,Y,,A,01,0,1,0,0,0,0,0,0,0,"- ","- ",38.473838806152344,-123.0225830078125,SONOMA,UNINCORPORATED,-123.02262115478516,38.473827362060547
91558633,2021,2021-08-30,9360,2021-08-20,1730,022128,,5,2,5,4908,0,2,4,,1,042,"PETALUMA HILL ROAD","HOPI TRAIL",1108.00,N,N,A,-,N,,,,,,,,,,N,3,0,1,2,A,-,08,22107,,F,C,G,A,A,H,-,A,D,0,,Y,,,Y,,-,99,0,1,0,0,0,0,1,0,0,"- ","- ",38.392910003662109,-122.69239807128906,SONOMA,PETALUMA,-122.69534301757812,38.399482727050781
91631502,2021,2021-11-22,9325,2021-11-12,0020,021081,,5,3,9,4900,0,3,5,,2,005,SR-121,"RAMAL ROAD",3168.00,N,N,A,-,Y,,,121,,,,,,,Y,4,0,1,1,A,-,01,23152,A,M,E,I,A,A,H,-,D,D,0,,,,,Y,Y,A,01,0,0,1,0,0,0,0,0,0,"- ","- ",38.252479553222656,-122.40435791015625,SONOMA,UNINCORPORATED,-122.40435791015625,38.252468109130859
81624922,2021,2021-11-15,4908,2021-11-11,1400,3296,13,4,5,5,4908,0,0,0,,0,001,"RAMONA LN","MARIAN WY (S)",40.00,E,N,A,-,N,,,,,,,,,,N,3,0,1,1,C,-,18,,,N,H,A,A,A,H,-,A,D,0,,,,,Y,,-,"- ",0,1,0,0,0,0,0,0,0,"- ","- ",38.240589141845703,-122.61817169189453,SONOMA,PETALUMA,-122.61806488037109,38.240699768066406
81629914,2021,2021-11-19,4908,2021-11-13,0856,3367,2,6,5,5,4908,0,0,0,,0,002,"EAST WASHINGTON ST","US-101 S/B",0.00,,Y,C,E,Y,,,,,,,,,,Y,4,0,1,2,A,-,12,21453,A,N,D,C,A,B,H,-,A,A,0,,,,,Y,,D,22,0,0,1,0,0,0,0,0,0,"- ","- ",38.260158538818359,-122.6162109375,SONOMA,PETALUMA,-122.62774658203125,38.246776580810547
81632691,2021,2021-11-23,4908,2021-11-19,1547,3367,12,5,5,5,4908,0,0,0,,0,001,"ELY BL SOUTH","CAULFIELD LN",0.00,,Y,B,C,N,,,,,,,,,,N,4,0,1,2,A,-,12,22450,A,N,D,C,A,B,H,-,A,A,0,,,,,Y,,A,07,0,0,1,0,0,0,0,0,0,"- ","- ",38.249530792236328,-122.60758972167969,SONOMA,PETALUMA,-122.60736846923828,38.249927520751953
81635737,2021,2021-11-29,4908,2021-10-26,1635,3419,13,2,5,5,4908,0,0,0,,0,004,"EAST WASHINGTON ST","NORTH MCDOWELL BL",12.00,E,N,A,-,N,,,,,,,,,,N,4,0,1,2,A,-,21,22106,,M,C,C,A,A,H,-,A,A,0,,,,,Y,,A,01,0,0,1,0,0,0,0,0,0,"- ","- ",38.249179840087891,-122.62574005126953,SONOMA,PETALUMA,-122.62581634521484,38.249217987060547
81642749,2021,2021-12-06,4908,2021-11-24,1411,3296,7,3,5,5,4908,0,0,0,,0,004,"CORONA RD","NORTH MCDOWELL BL",113.00,W,N,A,-,N,,,,,,,,,,Y,2,0,1,2,A,-,09,21804,A,N,D,C,A,A,H,-,A,D,0,,,Y,,Y,,C,02,1,0,0,0,0,0,0,0,1,"- ","- ",38.266670227050781,-122.65691375732422,SONOMA,PETALUMA,-122.65714263916016,38.266437530517578
81647016,2021,2021-12-09,4908,2021-11-16,0623,3592,7,2,5,5,4908,0,0,0,,0,004,"OLD REDWOOD HW","N MCDOWELL BL (N)",0.00,,Y,A,-,N,,,,,,,,,,Y,4,0,1,2,A,-,09,21453,C,N,D,C,A,A,H,-,B,A,0,,,,,Y,,A,01,0,0,1,0,0,0,0,0,0,"- ","- ",38.280410766601562,-122.66818237304688,SONOMA,PETALUMA,-122.6693115234375,38.275623321533203
81647018,2021,2021-12-09,4908,2021-12-07,1512,2754,6,2,5,5,4908,0,0,0,,0,003,"VALLEJO ST","EAST WASHINGTON ST",5.00,N,N,B,-,N,,,,,,,,,,N,3,0,1,2,A,-,05,21650,1,N,D,G,A,A,H,-,A,A,0,,Y,,,Y,,L,04,0,1,0,0,0,0,1,0,0,"- ","- ",38.241031646728516,-122.6334228515625,SONOMA,PETALUMA,-122.63346099853516,38.241039276123047
81652310,2021,2021-12-15,4908,2021-11-15,2125,3419,,1,5,5,4908,0,0,0,,0,,"CASA GRANDE RD","ELY BL SOUTH",60.00,S,N,B,-,N,,,,,,,,,,N,3,0,1,1,A,-,08,22107,,N,E,I,A,A,H,-,C,D,0,,,,,Y,,A,01,0,1,0,0,0,0,0,0,0,"- ","- ",38.243518829345703,-122.59584808349609,SONOMA,PETALUMA,-122.59598541259766,38.243511199951172
81658260,2021,2021-12-22,4908,2021-12-17,1458,2747,1,5,5,5,4908,0,0,0,,0,002,"C ST","1ST ST",0.00,,Y,A,-,N,,,,,,,,,,N,4,0,1,2,A,-,10,21950,A,N,G,B,B,A,H,-,A,D,0,Y,,,,Y,,A,01,0,0,1,0,1,0,0,0,0,"- ","- ",38.234279632568359,-122.63723754882812,SONOMA,PETALUMA,-122.63725280761719,38.234241485595703
81665964,2021,2021-12-30,4908,2021-12-15,0538,3458,7,3,5,5,4908,0,0,0,,0,004,"NORTH MCDOWELL BL","CORONA RD",0.00,,Y,A,-,N,,,,,,,,,,Y,2,0,1,1,A,-,03,22350,,N,E,I,A,B,H,-,C,A,0,,,,,Y,,A,01,1,0,0,0,0,0,0,0,0,"- ","- ",38.266510009765625,-122.65702819824219,SONOMA,PETALUMA,-122.65689849853516,38.266677856445312
81690116,2021,2022-02-01,4904,2021-12-16,1312,1040561,,4,5,4,4904,0,0,0,,0,,"ROHNERT PARK EXPY","REDWOOD DR",571.00,W,N,A,-,Y,,,,,,,,,,N,4,0,1,2,A,-,09,21804,A,N,D,C,A,A,H,-,A,D,0,,,,,Y,,A,01,0,0,1,0,0,0,0,0,0,"- ","- ",38.348461151123047,-122.71701049804688,SONOMA,"ROHNERT PARK",-122.71885681152344,38.348480224609375
81690117,2021,2022-02-01,4904,2021-12-23,1106,1040525,4904,4,5,4,4904,0,0,0,,0,002,"REDWOOD DR","WILLIS AVE",0.00,,Y,C,-,N,,,,,,,,,,Y,4,0,1,3,A,-,08,22107,,N,D,C,A,B,H,-,A,D,0,,,,,Y,,A,01,0,0,1,0,0,0,0,0,0,"- ","- ",38.3619384765625,-122.71421813964844,SONOMA,"ROHNERT PARK",-122.71424865722656,38.361835479736328
81747575,2021,2022-04-14,4904,2021-12-15,1914,1040518,4904,3,5,4,4904,0,0,0,,0,001,"ROHNERT PARK EXPY","COUNTRY CLUB DR",28.00,E,N,C,-,N,,,,,,,,,,Y,4,0,1,1,A,-,08,22107,,N,E,I,A,B,H,-,C,A,0,,,,,Y,,A,01,0,0,1,0,0,0,0,0,0,"- ","- ",38.347770690917969,-122.69599151611328,SONOMA,"ROHNERT PARK",-122.69605255126953,38.348163604736328
82026209,2021,2023-03-23,4908,2021-09-20,1553,3418,6,1,5,5,4908,0,0,0,,0,004,"PETALUMA BL NORTH","AUTO CENTER DR",0.00,,Y,A,-,N,,,,,,,,,,Y,3,0,2,2,A,-,09,21801,A,N,D,C,A,A,H,-,A,A,0,,,Y,,Y,,A,01,0,1,1,0,0,0,0,0,1,"- ","- ",38.269859313964844,-122.67038726806641,SONOMA,PETALUMA,-122.67044067382812,38.269718170166016
8872290,2021,2021-10-04,4906,2021-08-04,1049,451,4906,3,5,2,4906,0,0,0,,0,,"RT 116","FANNEN AV",0.00,,Y,B,-,Y,SON,4,116,-,R,26.930,I,5,E,Y,4,0,1,2,A,-,08,22107,A,N,B,C,A,A,H,-,A,A,0,,,,,Y,,A,01,0,0,1,0,0,0,0,0,0,"- ","- ",38.399551391601562,-122.82244873046875,SONOMA,SEBASTOPOL,-122.82271575927734,38.399433135986328
8872294,2021,2021-10-04,4906,2021-08-08,1646,451,4906,7,5,2,4906,0,0,0,,0,,"RT 116","SOLL CT",256.00,N,N,A,-,Y,SON,4,116,-,-,25.520,H,-,W,Y,2,0,4,2,A,-,09,21801,A,N,D,C,A,A,H,-,A,A,0,,,,,Y,,A,07,1,2,1,0,0,0,0,0,0,"- ","- ",38.407341003417969,-122.83754730224609,SONOMA,SEBASTOPOL,-122.83847045898438,38.407367706298828
9003899,2021,2021-10-06,4908,2021-09-05,2033,2938,15,7,5,5,4908,0,0,0,,0,001,"LAKEVILLE HWY","SOUTH MCDOWELL BL",350.00,W,N,A,-,Y,SON,4,116,-,-,35.990,H,-,W,Y,3,0,1,1,A,-,01,23152,A,N,E,I,A,A,H,-,C,D,0,,,,,Y,Y,A,01,0,1,0,0,0,0,0,0,0,"- ","- ",38.23419189453125,-122.59998321533203,SONOMA,PETALUMA,-122.60015869140625,38.234157562255859
9127124,2021,2021-06-16,4908,2021-05-29,1611,3341,15,6,5,5,4908,0,0,0,,0,001,"LAKEVILLE HWY","PINE VIEW WY",32.00,S,N,A,-,Y,SON,4,116,-,-,36.920,I,6,E,Y,4,0,1,2,A,-,03,22350,,N,E,I,A,A,H,-,A,D,0,,,,,Y,,D,22,0,0,1,0,0,0,0,0,0,"- ","- ",38.231239318847656,-122.58432006835938,SONOMA,PETALUMA,-122.5849609375,38.231662750244141
9133153,2021,2021-10-05,4906,2021-07-19,1727,411,4906,1,5,2,4906,0,0,0,,0,,"RT 116","COOPER RD",180.00,N,N,A,-,Y,SON,4,116,-,-,27.820,H,-,W,N,4,0,1,2,A,-,09,21804,A,N,D,C,A,A,H,-,A,A,0,,,,,Y,,A,07,0,0,1,0,0,0,0,0,0,"- ","- ",38.402130126953125,-122.82527160644531,SONOMA,SEBASTOPOL,-122.81449127197266,38.388416290283203
9133157,2021,2021-10-05,4906,2021-07-31,2008,460,4906,6,5,2,4906,0,0,0,,0,,"RT 116","HURLBUT AV",331.00,S,N,A,-,Y,SON,4,116,-,-,25.540,H,-,E,N,3,0,1,1,A,-,05,21650,,N,E,I,A,A,H,-,A,D,0,,,,,Y,,A,01,0,1,0,0,0,0,0,0,0,"- ","- ",38.405479431152344,-122.8367919921875,SONOMA,SEBASTOPOL,-122.83833312988281,38.407157897949219
91379269,2021,2021-01-04,9360,2021-01-01,0700,020092,,5,1,9,4900,0,1,2,,2,050,"N/B US-101","PETALUMA BLVDN",2112.00,N,N,A,-,Y,,,,,,,,,,Y,3,0,1,1,A,-,08,22107,,N,E,I,A,A,H,-,D,D,0,,,,,Y,,A,08,0,1,0,0,0,0,0,0,0,"- ","- ",38.276081085205078,-122.67491149902344,SONOMA,UNINCORPORATED,-122.67011260986328,38.272258758544922
91383118,2021,2021-01-07,9360,2021-01-05,1800,016045,,2,2,9,4900,0,1,2,,2,050,"U.S.-101 N/B","GOLF COURSE DR U/C",100.00,S,N,A,-,Y,,,,,,,,,,Y,3,0,2,4,A,-,04,21703,,N,C,C,A,A,H,-,C,D,0,,,,,Y,,D,23,0,1,1,0,0,0,0,0,0,"- ","- ",38.36260986328125,-122.7127685546875,SONOMA,UNINCORPORATED,-122.71282958984375,38.361961364746094
91384019,2021,2021-01-08,9325,2021-01-05,1540,022560,,2,2,9,4900,0,1,3,,1,063,"ARNOLD DR","CRAIG AVE",0.00,,Y,A,-,N,,,,,,,,,,N,4,0,1,2,A,-,09,21802,A,N,D,C,A,A,H,-,A,A,0,,,,,Y,,D,22,0,0,1,0,0,0,0,0,0,"- ","- ",38.304569244384766,-122.49471282958984,SONOMA,UNINCORPORATED,-122.49467468261719,38.304538726806641
91384089,2021,2021-01-08,9360,2021-01-06,1655,018790,,3,2,9,4900,0,2,4,,2,056,"STATE ROUTE 116","LONE PINE ROAD",800.00,E,N,B,C,Y,,,116,,,,,,,Y,4,0,1,2,A,-,09,21804,A,N,D,C,A,B,H,-,A,D,0,,,,,Y,,A,01,0,0,1,0,0,0,0,0,0,"- ","- ",38.363540649414062,-122.77942657470703,SONOMA,UNINCORPORATED,-122.77945709228516,38.363513946533203
91386554,2021,2021-01-13,9360,2021-01-05,0618,017693,,2,1,4,4904,0,1,2,,2,050,"US-101 S/B","ROHNER PARK EXPRESSWAY",100.00,N,N,B,-,Y,,,101,,,,,,S,Y,4,0,1,2,A,-,03,22350,,N,B,C,A,A,H,-,C,D,0,,,,,Y,,A,01,0,0,1,0,0,0,0,0,0,"- ","- ",38.348770141601562,-122.71320343017578,SONOMA,"ROHNERT PARK",-122.71318817138672,38.348770141601562
91387281,2021,2021-01-14,9360,2021-01-06,1858,021445,,3,2,6,4905,0,1,3,,1,051,"SR-12 W/B","FARMERS LANE",500.00,W,N,B,C,Y,,,12,,,,,,W,Y,3,0,1,1,A,-,01,23152,G,N,E,I,A,B,H,-,D,D,0,,,,,Y,Y,A,07,0,1,0,0,0,0,0,0,0,"- ","- ",38.436038970947266,-122.68968963623047,SONOMA,"SANTA ROSA",-122.68970489501953,38.436073303222656
91387983,2021,2021-01-15,9360,2021-01-06,1740,019794,,3,2,9,4900,0,1,3,,1,051,SR-12,"LLANO RD",15.00,W,N,C,-,Y,,,,,,,,,,N,4,0,1,2,A,-,03,22350,,N,C,C,A,B,H,-,C,A,0,,,,,Y,,D,22,0,0,1,0,0,0,0,0,0,"- ","- ",38.441661834716797,-122.79490661621094,SONOMA,UNINCORPORATED,-122.79495239257812,38.411685943603516