CASE_ID,ACCIDENT_YEAR,PROC_DATE,JURIS,COLLISION_DATE,COLLISION_TIME,OFFICER_ID,REPORTING_DISTRICT,DAY_OF_WEEK,CHP_SHIFT,POPULATION,CNTY_CITY_LOC,SPECIAL_COND,BEAT_TYPE,CHP_BEAT_TYPE,CITY_DIVISION_LAPD,CHP_BEAT_CLASS,BEAT_NUMBER,PRIMARY_RD,SECONDARY_RD,DISTANCE,DIRECTION,INTERSECTION,WEATHER_1,WEATHER_2,STATE_HWY_IND,CALTRANS_COUNTY,CALTRANS_DISTRICT,STATE_ROUTE,ROUTE_SUFFIX,POSTMILE_PREFIX,POSTMILE,LOCATION_TYPE,RAMP_INTERSECTION,SIDE_OF_HWY,TOW_AWAY,COLLISION_SEVERITY,NUMBER_KILLED,NUMBER_INJURED,PARTY_COUNT,PRIMARY_COLL_FACTOR,PCF_CODE_OF_VIOL,PCF_VIOL_CATEGORY,PCF_VIOLATION,PCF_VIOL_SUBSECTION,HIT_AND_RUN,TYPE_OF_COLLISION,MVIW,PED_ACTION,ROAD_SURFACE,ROAD_COND_1,ROAD_COND_2,LIGHTING,CONTROL_DEVICE,CHP_ROAD_TYPE,PEDESTRIAN_ACCIDENT,BICYCLE_ACCIDENT,MOTORCYCLE_ACCIDENT,TRUCK_ACCIDENT,NOT_PRIVATE_PROPERTY,ALCOHOL_INVOLVED,STWD_VEHTYPE_AT_FAULT,CHP_VEHTYPE_AT_FAULT,COUNT_SEVERE_INJ,COUNT_VISIBLE_INJ,COUNT_COMPLAINT_PAIN,COUNT_PED_KILLED,COUNT_PED_INJURED,COUNT_BICYCLIST_KILLED,COUNT_BICYCLIST_INJURED,COUNT_MC_KILLED,COUNT_MC_INJURED,PRIMARY_RAMP,SECONDARY_RAMP,LATITUDE,LONGITUDE,COUNTY,CITY,POINT_X,POINT_Y
91388200,2021,2021-01-15,9360,2021-01-13,1450,020285,,3,2,9,4900,0,1,3,,1,051,SR-12,"MERCED AVE",120.00,W,N,A,-,Y,,,12,,,,,,,Y,4,0,1,3,A,-,03,22350,,N,C,C,A,A,H,-,A,D,0,,,,,Y,,D,22,0,0,1,0,0,0,0,0,0,"- ","- ",38.420970916748047,-122.77870941162109,SONOMA,UNINCORPORATED,-122.77877807617188,38.42108154296875
91389376,2021,2021-01-18,9360,2021-01-15,1430,018828,,5,2,9,4900,0,3,5,,2,005,"S. MOORLAND AVE","SCENIC AVE",2112.00,N,N,A,-,N,,,,,,,,,,Y,3,0,2,2,A,-,03,22350,,N,C,C,A,A,H,-,A,D,0,,,,,Y,,A,01,0,1,1,0,0,0,0,0,0,"- ","- ",38.382221221923828,-122.71656799316406,SONOMA,UNINCORPORATED,-122.71652984619141,38.382114410400391
91391159,2021,2021-01-20,9360,2021-01-17,2120,020266,,7,2,9,4900,0,1,2,,2,020,"US-101 NB","ARATA LN",530.00,N,N,A,-,Y,,,101,,,,,,N,Y,4,0,1,1,A,-,08,22107,,N,E,I,A,A,H,-,D,D,0,,,,,Y,,A,01,0,0,1,0,0,0,0,0,0,"- ","- ",38.563831329345703,-122.82469177246094,SONOMA,UNINCORPORATED,-122.82474517822266,38.563777923583984
91391950,2021,2021-01-22,9360,2021-01-16,1914,020905,,6,2,6,4905,0,3,5,,2,005,"SANTA ROSA AVENUE","BUCKS RD",230.00,N,N,A,-,N,,,,,,,,,,Y,4,0,2,2,A,-,01,23152,G,N,C,C,A,A,H,-,C,D,0,,,,,Y,Y,A,01,0,0,2,0,0,0,0,0,0,"- ","- ",38.38861083984375,-122.71365356445312,SONOMA,"SANTA ROSA",-122.71360015869141,38.388370513916016
91392116,2021,2021-01-21,9360,2021-01-20,0755,016660,,3,1,6,4905,0,1,2,,2,040,"US 101 N/B","COLLEGE AVE",500.00,N,N,A,-,Y,,,,,,,,,,N,4,0,1,2,A,-,03,22350,,N,C,C,A,A,H,-,A,D,0,,,,,Y,,A,01,0,0,1,0,0,0,0,0,0,"- ","- ",34.447219848632812,-122.72483062744141,SONOMA,"SANTA ROSA",-122.72460174560547,38.446926116943359
91392505,2021,2021-01-22,9360,2021-01-15,1820,021456,,5,2,9,4900,0,1,2,,1,060,"US-101 N/B","LAKEVILLE ST",800.00,S,N,A,-,Y,,,101,,,,,,N,Y,3,0,2,2,A,-,01,23152,G,F,C,C,A,A,H,-,C,D,0,,,,,Y,Y,A,07,0,1,1,0,0,0,0,0,0,"- ","- ",38.230758666992188,-122.61647796630859,SONOMA,UNINCORPORATED,-122.61650085449219,38.230747222900391
91394034,2021,2021-01-26,9360,2021-01-13,1635,020285,,3,2,9,4900,0,2,4,,1,046,"WARM SPRINGS RD","KANHOLT RD",1848.00,S,N,A,-,N,,,,,,,,,,Y,4,0,1,1,A,-,08,22107,,M,E,I,A,A,H,-,B,D,0,,,,,Y,,A,01,0,0,1,0,0,0,0,0,0,"- ","- ",38.390960693359375,-122.54991912841797,SONOMA,UNINCORPORATED,,
91394205,2021,2021-01-26,9360,2021-01-24,1450,022323,,7,2,9,4900,0,1,3,,1,051,"W/B SR-12","DUTTON AVE",1584.00,E,N,C,-,Y,,,12,,,,,,,Y,3,0,2,1,A,-,03,22350,,N,E,I,A,B,H,-,A,D,0,,,,,Y,,D,22,0,2,0,0,0,0,0,0,0,"- ","- ",38.433151245117188,-122.72023773193359,SONOMA,UNINCORPORATED,-122.72023010253906,38.433185577392578
91394883,2021,2021-01-27,9360,2021-01-26,2000,016045,,2,2,9,4900,0,1,2,,2,050,"U.S.-101 N/B","RAILROAD AVE. U/C",7920.00,S,N,B,C,Y,,,,,,,,,,Y,3,0,1,1,A,-,08,22107,,N,E,I,A,B,H,-,D,D,0,,,,,Y,,A,07,0,1,0,0,0,0,0,0,0,"- ","- ",38.295589447021484,-122.70126342773438,SONOMA,UNINCORPORATED,-122.6900634765625,38.28759765625
91395554,2021,2021-01-28,9360,2021-01-25,0610,016524,,1,1,9,4900,0,2,4,,1,024,"PORTER CREEK RD","LOCH HAVEN DR",336.00,E,N,A,-,N,,,,,,,,,,Y,3,0,1,1,A,-,08,22107,,N,E,I,A,B,H,-,D,D,0,,,,,Y,,A,01,0,1,0,0,0,0,0,0,0,"- ","- ",38.549301147460938,-122.71188354492188,SONOMA,UNINCORPORATED,-122.71200561523438,38.549400329589844
91395923,2021,2021-01-28,9360,2021-01-27,1620,019359,,3,2,3,4903,0,1,2,,2,020,"US-101 S/B","DRY CREEK RD",2600.00,S,N,C,-,Y,,,101,,,,,,S,Y,4,0,2,1,A,-,03,22350,,N,E,I,A,B,H,-,B,D,0,,,,,Y,,A,01,0,0,2,0,0,0,0,0,0,"- ","- ",38.619350433349609,-122.87854766845703,SONOMA,HEALDSBURG,-122.87867736816406,38.619358062744141
91398347,2021,2021-01-29,9360,2021-01-21,2130,022146,,4,2,9,4900,0,1,2,,1,010,"US-101 N/B","CANYON RD",5280.00,N,N,B,-,Y,,,101,,,,,,N,Y,4,0,1,2,A,-,03,22350,,N,C,C,A,A,H,-,D,D,0,,,,,Y,,A,01,0,0,1,0,0,0,0,0,0,"- ","- ",38.724071502685547,-122.93212127685547,SONOMA,UNINCORPORATED,-122.93212890625,38.724048614501953
91398386,2021,2021-01-29,9360,2021-01-22,0450,021904,,5,3,9,4900,0,2,4,,1,034,"FREI RD","FREI RANCH RD",850.00,S,N,C,-,N,,,,,,,,,,Y,3,0,1,1,A,-,08,22107,,N,F,I,A,B,H,-,D,D,0,,,,Y,Y,,F,24,0,1,0,0,0,0,0,0,0,"- ","- ",38.447601318359375,-122.84530639648438,SONOMA,UNINCORPORATED,,
91399438,2021,2021-02-01,9325,2021-01-16,1850,022560,,6,2,9,4900,0,1,3,,1,072,SR-121,"POEHLMAN RD",157.00,N,N,A,-,Y,,,121,,,,,,,Y,2,0,1,2,A,-,01,23152,A,M,A,C,A,A,H,-,D,D,0,,,,,Y,Y,A,07,1,0,0,0,0,0,0,0,0,"- ","- ",38.251689910888672,-122.38720703125,SONOMA,UNINCORPORATED,-122.38720703125,38.251697540283203
91399677,2021,2021-02-01,9360,2021-01-25,0045,020905,,1,3,6,4905,0,1,2,,2,040,"US-101 SB","SR-12 WB",200.00,N,N,B,-,Y,,,101,,,,,,S,Y,4,0,2,1,A,-,08,22107,,N,E,I,A,A,H,-,C,D,0,,,,,Y,,A,07,0,0,2,0,0,0,0,0,0,"- ","- ",38.431228637695312,-122.71553039550781,SONOMA,"SANTA ROSA",-122.71554565429688,38.431224822998047
91400378,2021,2021-02-02,9360,2021-01-29,1645,022323,,5,2,9,4900,0,2,4,,1,024,"MARK WEST SPRINGS RD","MARK WEST LANE",3168.00,E,N,B,-,N,,,,,,,,,,Y,2,0,1,1,A,-,08,22107,,N,E,J,A,A,H,-,A,D,0,,,,,Y,,D,22,1,0,0,0,0,0,0,0,0,"- ","- ",38.539169311523438,-122.72164916992188,SONOMA,UNINCORPORATED,-122.71934509277344,38.524166107177734
91400457,2021,2021-02-02,9360,2021-01-26,1025,013838,,2,1,6,4905,0,1,2,,2,040,"US-101 S/B","COLLEGE AVE",259.00,S,N,A,-,Y,,,101,,,,,,S,Y,2,0,1,1,A,-,01,23152,A,N,E,I,A,A,H,-,A,D,0,,,,,Y,Y,D,22,1,0,0,0,0,0,0,0,0,"- ","- ",38.444988250732422,-122.72377777099609,SONOMA,"SANTA ROSA",-122.72360992431641,38.445110321044922
91400787,2021,2021-02-02,9360,2021-01-29,2030,020905,,5,2,9,4900,0,3,5,,2,004,"SAINT HELENA RD","NEAL CREEK ROAD",2480.00,E,N,A,-,N,,,,,,,,,,Y,4,0,1,1,A,-,08,22107,,N,F,I,A,B,H,-,D,D,0,,,,,Y,,D,22,0,0,1,0,0,0,0,0,0,"- ","- ",38.519710540771484,-122.57479095458984,SONOMA,UNINCORPORATED,-122.60177612304688,38.518901824951172
91400925,2021,2021-02-02,9360,2021-01-21,1545,019794,,4,2,9,4900,0,2,4,,1,012,"DRY CREEK RD","DUTCHER CREEK RD",500.00,E,N,A,-,N,,,,,,,,,,Y,3,0,2,2,A,-,01,23152,A,N,C,C,A,A,H,-,A,D,0,,,,,Y,Y,D,22,0,1,1,0,0,0,0,0,0,"- ","- ",38.711471557617188,-122.9747314453125,SONOMA,UNINCORPORATED,-122.97478485107422,38.711517333984375
91401374,2021,2021-02-03,9360,2021-01-23,1259,021326,,6,1,6,4905,0,1,2,,2,030,"US-101 N/B","BICENTENNIAL WAY",1500.00,S,N,A,-,Y,,,101,,,,,,N,Y,4,0,2,4,A,-,03,22350,,N,C,C,A,A,H,-,A,D,0,,,,,Y,,A,01,0,0,2,0,0,0,0,0,0,"- ","- ",38.46630859375,-122.72756195068359,SONOMA,"SANTA ROSA",-122.72747802734375,38.466350555419922
91401426,2021,2021-02-03,9360,2021-01-30,1400,019083,,6,2,9,4900,0,1,3,,1,061,SR-1,"FT ROSS ROAD",5808.00,N,N,A,-,Y,,,1,,,,,,,N,2,0,1,1,A,-,03,22350,,N,F,A,A,A,B,-,A,D,0,,Y,,,Y,,L,04,1,0,0,0,0,0,1,0,0,"- ","- ",38.525581359863281,-123.26284027099609,SONOMA,UNINCORPORATED,-123.26298522949219,38.525585174560547
91401501,2021,2021-02-03,9360,2021-02-02,0620,015187,,2,1,9,4900,0,2,4,,1,032,"PORTER CREEK RD.","LESLIE RD",190.00,E,N,B,C,N,,,,,,,,,,Y,4,0,1,1,A,-,08,22107,,N,E,J,A,B,H,-,D,D,0,,,,,Y,,A,01,0,0,1,0,0,0,0,0,0,"- ","- ",38.549720764160156,-122.718017578125,SONOMA,UNINCORPORATED,-122.71846008300781,38.549781799316406
91402281,2021,2021-02-04,9360,2021-01-26,2150,020828,,2,2,3,4903,0,1,2,,2,020,"US-101 S/B","WESTSIDE RD",733.00,S,N,C,-,Y,,,101,,,,,,S,Y,4,0,1,1,A,-,03,22350,,N,E,I,A,B,H,-,C,D,0,,,,,Y,,A,01,0,0,1,0,0,0,0,0,0,"- ","- ",38.605010986328125,-122.87019348144531,SONOMA,HEALDSBURG,-122.87017059326172,38.60504150390625
91403054,2021,2021-02-05,9360,2021-01-31,1520,019083,,7,2,9,4900,0,1,3,,1,061,SR-1,"WOODSIDE CAMPGROUND",1320.00,S,N,B,-,Y,,,1,,,,,,,Y,2,0,3,2,A,-,05,21460,A,N,A,C,A,A,H,-,A,D,0,,,,,Y,,D,22,1,0,2,0,0,0,0,0,0,"- ","- ",38.565940856933594,-123.31936645507812,SONOMA,UNINCORPORATED,-123.31935119628906,38.565944671630859
91404092,2021,2021-02-08,9360,2021-02-03,0750,016660,,3,1,9,4900,0,1,2,,2,050,"US 101 N/B","SANTA ROSA AVE",415.00,S,N,B,-,Y,,,,,,,,,,N,4,0,1,4,A,-,03,22350,,N,C,C,A,A,H,-,A,D,0,,,,,Y,,A,07,0,0,1,0,0,0,0,0,0,"- ","- ",38.371021270751953,-122.71356964111328,SONOMA,UNINCORPORATED,,
91404464,2021,2021-02-08,9360,2021-02-04,2040,021904,,4,2,2,4906,0,1,3,,1,053,SR-116,"HESSEL RD",70.00,S,N,A,-,Y,,,,,,,,,,Y,3,0,1,1,A,-,01,23152,A,N,E,I,A,A,H,-,D,D,0,,,,,Y,Y,A,01,0,1,0,0,0,0,0,0,0,"- ","- ",38.362339019775391,-122.77818298339844,SONOMA,SEBASTOPOL,-122.77804565429688,38.362216949462891
91405767,2021,2021-02-10,9360,2021-02-05,1050,019366,,5,1,9,4900,0,2,4,,1,038,"BODEGA HIGHWAY","MONTGOMERY ROAD",618.00,W,N,A,-,Y,,,,,,,,,,Y,3,0,1,1,A,-,01,23152,A,N,E,I,A,A,H,-,A,D,0,,,,,Y,Y,A,01,0,1,0,0,0,0,0,0,0,"- ","- ",38.394680023193359,-122.87184906005859,SONOMA,UNINCORPORATED,-122.87144470214844,38.394802093505859
91406589,2021,2021-02-11,9360,2021-02-09,0755,016660,,2,1,6,4905,0,1,2,,2,040,"US 101 N/B","COLLEGE AVE",450.00,N,N,B,-,Y,,,,,,,,,,Y,4,0,1,2,A,-,03,22350,,N,C,C,A,A,H,-,A,D,0,,,,,Y,,A,01,0,0,1,0,0,0,0,0,0,"- ","- ",38.446849822998047,-122.72457122802734,SONOMA,"SANTA ROSA",-122.72451782226562,38.446807861328125
91407676,2021,2021-02-12,9360,2021-02-11,0710,015187,,4,1,6,4905,0,1,2,,2,030,"US-101 N/B","BICENTENNIAL WAY",2112.00,S,N,B,-,Y,,,101,,,,,,N,Y,4,0,1,1,A,-,08,22107,,N,E,I,A,A,H,-,B,D,0,,,,,Y,,A,01,0,0,1,0,0,0,0,0,0,"- ","- ",38.464008331298828,-122.72664642333984,SONOMA,"SANTA ROSA",-122.72657775878906,38.464027404785156
91407734,2021,2021-02-12,9360,2021-01-14,1615,016045,,4,2,9,4900,0,2,4,,1,044,"ADOBE RD","DAVIS LN",386.00,E,N,A,-,N,,,,,,,,,,Y,1,1,1,4,A,-,01,23152,A,N,C,C,A,A,H,-,A,A,0,,,,,Y,Y,A,01,0,1,0,0,0,0,0,0,0,"- ","- ",38.296588897705078,-122.65830230712891,SONOMA,UNINCORPORATED,-122.65847778320312,38.296642303466797
91408775,2021,2021-02-16,9360,2021-02-06,1210,020803,,6,1,9,4900,0,1,3,,1,061,SR-116,SR-1,10.00,E,N,A,-,Y,,,116,,,,,,,Y,3,0,1,2,A,-,03,22350,,N,C,C,A,A,H,-,A,D,0,,,Y,,Y,,C,02,0,1,0,0,0,0,0,0,1,"- ","- ",38.437149047851562,-123.10399627685547,SONOMA,UNINCORPORATED,-123.10397338867188,38.437156677246094
91409177,2021,2021-02-16,9360,2021-02-11,2145,021904,,4,2,6,4905,0,2,4,,1,034,"HALL ROAD","PARK ROYAL AVE",167.00,W,N,A,-,N,,,,,,,,,,Y,4,0,1,2,A,-,08,22107,,N,E,E,A,B,H,-,D,D,0,,,,,Y,,A,01,0,0,1,0,0,0,0,0,0,"- ","- ",38.43804931640625,-122.78205108642578,SONOMA,"SANTA ROSA",-122.78177642822266,38.437984466552734
91409181,2021,2021-02-16,9360,2021-02-11,2000,016045,,4,2,9,4900,0,1,2,,2,040,"U.S.-101 S/B TRANSITION RAMP",U.S.-101,200.00,W,N,B,C,Y,,,,,,,,,,Y,4,0,1,1,A,-,08,22107,,N,E,I,A,B,H,-,C,D,0,,,,,Y,,A,07,0,0,1,0,0,0,0,0,0,"- ","- ",38.431171417236328,-122.71666717529297,SONOMA,UNINCORPORATED,,
91409687,2021,2021-02-25,9360,2021-02-08,1015,020225,,1,1,9,4900,0,2,4,,1,044,"OLD ADOBE RD","JACOBSEN LN",366.00,E,N,B,-,N,,,,,,,,,,Y,3,0,2,2,A,-,09,21804,A,N,D,C,A,A,H,-,A,D,0,,,,,Y,,-,98,0,1,1,0,0,0,0,0,0,"- ","- ",38.292308807373047,-122.65070343017578,SONOMA,UNINCORPORATED,-122.65076446533203,38.292335510253906
91411475,2021,2021-02-19,9360,2021-02-11,0800,015812,,4,1,9,4900,0,3,5,,2,001,"STEWARTS POINT SKAGGS SPRINGS ROAD","ROCKPILE ROAD",2640.00,E,N,B,-,N,,,,,,,,,,Y,3,0,1,1,A,-,08,22107,,N,E,I,A,A,H,-,A,D,0,,,,,Y,,D,22,0,1,0,0,0,0,0,0,0,"- ","- ",38.709270477294922,-123.00119018554688,SONOMA,UNINCORPORATED,-123.00379943847656,38.708320617675781
91412294,2021,2021-02-22,9360,2021-02-13,1112,019366,,6,1,9,4900,0,2,4,,1,038,"STATE ROUTE 116","MAYS CANYON ROAD",1056.00,E,N,A,-,Y,,,116,,,,,,,N,2,0,1,2,A,-,05,21650,,N,A,G,A,A,H,-,A,D,0,,Y,,,Y,,L,04,1,0,0,0,0,0,1,0,0,"- ","- ",38.500450134277344,-122.98385620117188,SONOMA,UNINCORPORATED,-122.98385620117188,38.500450134277344
91413584,2021,2021-02-23,9360,2021-02-18,2307,020740,,4,3,6,4905,0,1,2,,2,040,"US-101 SOUTHBOUND","HEARN AVENUE O/C",800.00,N,N,C,-,Y,,,101,,,,,,S,Y,4,0,1,1,A,-,01,23152,A,N,E,I,A,B,H,-,C,D,0,,,,,Y,Y,D,22,0,0,1,0,0,0,0,0,0,"- ","- ",38.41796875,-122.71623992919922,SONOMA,"SANTA ROSA",-122.71611022949219,38.417964935302734
91415039,2021,2021-02-25,9325,2021-02-04,1415,017538,,4,2,9,4900,0,3,5,,2,006,"GROVE AVE","WHITE ALDER",1584.00,E,N,A,-,N,,,,,,,,,,Y,3,0,2,1,A,-,03,22350,,N,E,I,A,A,H,-,A,D,0,,,,Y,Y,,F,25,0,2,0,0,0,0,0,0,0,"- ","- ",38.292148590087891,-122.52037048339844,SONOMA,UNINCORPORATED,-122.52147674560547,38.292598724365234
91417699,2021,2021-03-01,9360,2021-02-17,1105,017693,,3,1,9,4900,0,2,4,,1,052,"STONY POINT ROAD","BUTLER AVE",905.00,S,N,A,-,N,,,,,,,,,,Y,3,0,1,2,A,-,01,23152,F,N,B,C,A,A,H,-,A,D,0,,,,,Y,,A,07,0,1,0,0,0,0,0,0,0,"- ","- ",38.396759033203125,-122.74152374267578,SONOMA,UNINCORPORATED,-122.74152374267578,38.396766662597656
91417804,2021,2021-03-01,9360,2021-02-20,0620,021326,,6,1,9,4900,0,1,3,,1,041,"SR-12 E/B","DUNBAR RD",350.00,E,N,A,-,Y,,,12,,,,,,E,Y,4,0,2,2,A,-,03,22350,,N,C,C,A,B,H,-,B,D,0,,,,,Y,,A,01,0,0,2,0,0,0,0,0,0,"- ","- ",38.391120910644531,-122.52845001220703,SONOMA,UNINCORPORATED,-122.52841186523438,38.391208648681641
91417889,2021,2021-03-01,9360,2021-02-23,1140,020225,,2,1,5,4908,0,1,2,,1,060,"US-101 S/B","LAKEVILLE ST",65.00,N,N,A,-,Y,,,,,,,,,,N,4,0,1,2,A,-,04,21703,,N,C,C,A,A,H,-,A,D,0,,,,,Y,,D,22,0,0,1,0,0,0,0,0,0,"- ","- ",38.235050201416016,-122.62007141113281,SONOMA,PETALUMA,-122.61815643310547,38.233558654785156
91418118,2021,2021-03-01,9360,2021-02-23,2110,018881,,2,2,9,4900,0,1,3,,1,063,SR-1,"EASTSHORE ROAD",528.00,S,N,B,-,Y,,,1,,,,,,,Y,3,0,1,1,A,-,01,23152,A,N,E,I,A,A,H,-,D,D,0,,,,,Y,Y,A,01,0,1,0,0,0,0,0,0,0,"- ","- ",38.337150573730469,-123.04810333251953,SONOMA,UNINCORPORATED,-123.04801177978516,38.337226867675781
91419771,2021,2021-03-03,9360,2021-02-24,2500,018881,,3,4,9,4900,0,1,3,,1,061,SR-1,"FORT ROSS ROAD",6864.00,S,N,F,-,Y,,,1,,,,,,,Y,2,0,1,1,A,-,08,22107,,N,F,A,A,A,H,-,D,D,0,,,,,Y,,A,01,1,0,0,0,0,0,0,0,0,"- ","- ",38.511978149414062,-123.2313232421875,SONOMA,UNINCORPORATED,-123.23130798339844,38.511993408203125
91420763,2021,2021-04-29,9360,2021-01-28,0935,013838,,4,1,6,4905,0,1,2,,2,040,"US-101 S/B","COLLEGE AVE",258.00,N,N,C,-,Y,,,101,,,,,,S,Y,1,1,0,2,A,-,07,21658,A,N,B,C,A,B,H,-,A,D,0,,,,,Y,,A,01,0,0,0,0,0,0,0,0,0,"- ","- ",38.446220397949219,-122.7244873046875,SONOMA,"SANTA ROSA",-122.72441101074219,38.446273803710938
91421249,2021,2021-03-05,9360,2021-02-26,1845,021456,,5,2,9,4900,0,1,2,,2,040,"US 101 N/B DOWTOWN SANTA ROSA OFF-RAMP","3RD ST",20.00,S,N,A,-,Y,,,,,,,,,,N,4,0,1,2,A,-,03,22350,,N,C,C,A,A,H,-,C,A,0,,,,,Y,,A,01,0,0,1,0,0,0,0,0,0,"- ","- ",38.437538146972656,-122.71768951416016,SONOMA,UNINCORPORATED,,
91421430,2021,2021-03-05,9360,2021-02-28,2015,022323,,7,2,9,4900,0,1,2,,2,020,"NB US-101","HEALDSBURG AVE",1584.00,S,N,A,-,Y,,,101,,,,,,,Y,4,0,1,2,A,-,01,23152,A,N,B,C,A,A,H,-,D,D,0,,,,,Y,Y,A,07,0,0,1,0,0,0,0,0,0,"- ","- ",38.588649749755859,-122.844482421875,SONOMA,UNINCORPORATED,-122.84458923339844,38.588569641113281
91422252,2021,2021-03-08,9360,2021-03-01,1456,021195,,1,2,5,4908,0,1,2,,1,060,"US-101 N/B","E. WASHINGTON ST",300.00,N,N,A,-,Y,,,101,,,,,,N,N,3,0,1,2,A,-,03,22350,,N,C,C,A,A,D,-,A,D,0,,,,,Y,,A,01,0,1,0,0,0,0,0,0,0,"- ","- ",38.247089385986328,-122.62769317626953,SONOMA,PETALUMA,-122.62773895263672,38.246990203857422
91422296,2021,2021-03-08,9360,2021-02-28,0800,021893,,7,1,9,4900,0,2,4,,1,032,"RIVER RD","SLUSSER RD",370.00,E,N,A,-,Y,,,,,,,,,,Y,4,0,1,1,A,-,08,22107,,N,E,I,A,A,A,H,A,D,0,,,,,Y,,A,07,0,0,1,0,0,0,0,0,0,"- ","- ",38.483470916748047,-122.82424926757812,SONOMA,UNINCORPORATED,-122.82430267333984,38.483348846435547
91424092,2021,2021-03-10,9360,2021-02-25,0545,013838,,4,3,6,4905,0,1,2,,2,040,"US-101 S/B","HEARN AVE",350.00,S,N,B,-,Y,,,,,,,,,,Y,4,0,1,2,A,-,07,21658,A,M,B,C,A,A,H,-,D,D,0,,,,,Y,,A,08,0,0,1,0,0,0,0,0,0,"- ","- ",38.244701385498047,-122.42579650878906,SONOMA,"SANTA ROSA",-122.71612548828125,38.413619995117188
91424975,2021,2021-03-11,9360,2021-03-05,1035,020386,,5,1,9,4900,0,2,4,,1,047,"LAKEVILLE HWY","OLD LAKEVILLE ROAD NO 2",5808.00,N,N,A,-,N,,,,,,,,,,Y,3,0,1,3,A,-,05,21460,A,N,B,C,A,A,H,-,A,D,0,,,,,Y,,A,01,0,1,0,0,0,0,0,0,0,"- ","- ",38.187141418457031,-122.54042816162109,SONOMA,UNINCORPORATED,-122.54701995849609,38.2071533203125
91424978,2021,2021-03-11,9360,2021-03-06,1000,020386,,6,1,9,4900,0,2,4,,1,047,"LAKEVILLE HWY",SR-37,5808.00,N,N,A,-,N,,,,,,,,,,Y,4,0,3,2,A,-,03,22350,,N,C,C,A,A,H,-,A,D,0,,,,,Y,,A,01,0,0,3,0,0,0,0,0,0,"- ","- ",38.147731781005859,-122.48661804199219,SONOMA,UNINCORPORATED,-122.47679138183594,38.140110015869141
91425094,2021,2021-03-11,9360,2021-03-01,0800,016660,,1,1,9,4900,0,1,2,,2,040,"US 101 N/B","TODD RD O/C",2640.00,N,N,A,-,Y,,,,,,,,,,Y,3,0,1,1,A,-,08,22107,,N,E,I,A,A,H,-,A,D,0,,,,,Y,,D,22,0,1,0,0,0,0,0,0,0,"- ","- ",38.393581390380859,-122.71589660644531,SONOMA,UNINCORPORATED,-122.716064453125,38.393512725830078
91425646,2021,2021-03-12,9325,2021-02-22,1600,018954,,1,2,9,4900,0,3,5,,2,005,"5TH ST  E","NAPA RD",20.00,N,N,A,-,N,,,,,,,,,,Y,3,0,1,2,A,-,05,21460,A,N,A,C,A,A,H,-,A,D,0,,,,,Y,,D,22,0,1,0,0,0,0,0,0,0,"- ","- ",38.274761199951172,-122.45017242431641,SONOMA,UNINCORPORATED,-122.45017242431641,38.274662017822266
91425873,2021,2021-03-12,9350,2021-03-06,1035,021586,,6,1,9,4900,0,1,3,,2,237,"SR-37 W/B","NOBLE RD",4224.00,E,N,A,-,Y,,,37,,,,,,W,Y,4,0,2,2,A,-,03,22350,,N,C,C,A,A,H,-,A,D,0,,,,,Y,,A,01,0,0,2,0,0,0,0,0,0,"- ","- ",38.155738830566406,-122.40754699707031,SONOMA,UNINCORPORATED,-122.40755462646484,38.155715942382812
91426216,2021,2021-03-12,9360,2021-03-10,0850,015434,,3,1,9,4900,0,1,2,,2,040,"US 101 N/B","HEARN AVE",1056.00,S,N,C,-,Y,,,,,,,,,,Y,4,0,1,2,A,-,03,22350,,N,C,C,A,B,H,-,A,D,0,,,,,Y,,D,22,0,0,1,0,0,0,0,0,0,"- ","- ",38.411991119384766,-122.71585845947266,SONOMA,UNINCORPORATED,-122.71593475341797,38.411720275878906
91426502,2021,2021-03-12,9350,2021-03-11,1415,017978,,4,2,9,4900,0,1,3,,2,137,"SR37 E/B","LAKEVILLE HWY",15.00,W,N,A,-,Y,,,37,,,,,,E,Y,4,0,2,2,A,-,03,22350,,N,C,C,A,A,H,-,A,A,0,,,,,Y,,A,01,0,0,2,0,0,0,0,0,0,"- ","- ",38.133941650390625,-122.4765625,SONOMA,UNINCORPORATED,-122.47651672363281,38.133861541748047
91426835,2021,2021-03-15,9360,2021-03-02,0830,017693,,2,1,9,4900,0,2,4,,1,044,"ADOBE ROAD","WAGNER LN",567.00,N,N,A,-,N,,,,,,,,,,Y,3,0,1,1,C,-,18,,,N,E,J,A,A,H,-,A,D,0,,,,Y,Y,,-,"- ",0,1,0,0,0,0,0,0,0,"- ","- ",38.280479431152344,-122.62973785400391,SONOMA,UNINCORPORATED,-122.63027954101562,38.280815124511719
91427262,2021,2021-03-15,9360,2021-03-10,1058,016076,,3,1,9,4900,0,2,4,,1,032,"RIVER RD","OLIVET RD",753.00,E,N,C,F,N,,,,,,,,,,Y,3,0,1,1,A,-,03,22350,,N,F,I,A,B,H,-,A,D,0,,,,,Y,,A,01,0,1,0,0,0,0,0,0,0,"- ","- ",38.484001159667969,-122.81992340087891,SONOMA,UNINCORPORATED,-122.81731414794922,38.484481811523438