CASE_ID,ACCIDENT_YEAR,PROC_DATE,JURIS,COLLISION_DATE,COLLISION_TIME,OFFICER_ID,REPORTING_DISTRICT,DAY_OF_WEEK,CHP_SHIFT,POPULATION,CNTY_CITY_LOC,SPECIAL_COND,BEAT_TYPE,CHP_BEAT_TYPE,CITY_DIVISION_LAPD,CHP_BEAT_CLASS,BEAT_NUMBER,PRIMARY_RD,SECONDARY_RD,DISTANCE,DIRECTION,INTERSECTION,WEATHER_1,WEATHER_2,STATE_HWY_IND,CALTRANS_COUNTY,CALTRANS_DISTRICT,STATE_ROUTE,ROUTE_SUFFIX,POSTMILE_PREFIX,POSTMILE,LOCATION_TYPE,RAMP_INTERSECTION,SIDE_OF_HWY,TOW_AWAY,COLLISION_SEVERITY,NUMBER_KILLED,NUMBER_INJURED,PARTY_COUNT,PRIMARY_COLL_FACTOR,PCF_CODE_OF_VIOL,PCF_VIOL_CATEGORY,PCF_VIOLATION,PCF_VIOL_SUBSECTION,HIT_AND_RUN,TYPE_OF_COLLISION,MVIW,PED_ACTION,ROAD_SURFACE,ROAD_COND_1,ROAD_COND_2,LIGHTING,CONTROL_DEVICE,CHP_ROAD_TYPE,PEDESTRIAN_ACCIDENT,BICYCLE_ACCIDENT,MOTORCYCLE_ACCIDENT,TRUCK_ACCIDENT,NOT_PRIVATE_PROPERTY,ALCOHOL_INVOLVED,STWD_VEHTYPE_AT_FAULT,CHP_VEHTYPE_AT_FAULT,COUNT_SEVERE_INJ,COUNT_VISIBLE_INJ,COUNT_COMPLAINT_PAIN,COUNT_PED_KILLED,COUNT_PED_INJURED,COUNT_BICYCLIST_KILLED,COUNT_BICYCLIST_INJURED,COUNT_MC_KILLED,COUNT_MC_INJURED,PRIMARY_RAMP,SECONDARY_RAMP,LATITUDE,LONGITUDE,COUNTY,CITY,POINT_X,POINT_Y
91427315,2021,2021-03-15,9360,2021-03-10,1033,015812,,3,1,9,4900,0,1,2,,2,030,"US-101 S/B","RIVER ROAD (O/C)",100.00,N,N,B,-,Y,,,101,,,,,,S,Y,3,0,1,2,A,-,03,22350,,N,C,C,A,B,H,-,A,D,0,,,,Y,Y,,F,26,0,1,0,0,0,0,0,0,0,"- ","- ",38.49652099609375,-122.75684356689453,SONOMA,UNINCORPORATED,-122.75686645507812,38.496482849121094
91427882,2021,2021-03-16,9360,2021-03-01,1800,019794,,1,2,9,4900,0,1,3,,1,037,SR-116,"ODD FELLOWS PARK RD",350.00,E,N,A,-,Y,,,116,,,,,,,Y,2,0,1,2,A,-,05,21460,A,N,B,C,A,A,H,-,B,D,0,,,Y,,Y,,C,02,1,0,0,0,0,0,0,0,1,"- ","- ",38.494838714599609,-122.96176910400391,SONOMA,UNINCORPORATED,-122.96178436279297,38.494834899902344
91427883,2021,2021-03-16,9360,2021-03-07,1655,021195,,7,2,9,4900,0,2,4,,1,042,"PETALUMA HILL RD","WINTERHAVEN AVE",3696.00,S,N,A,-,N,,,,,,,,,,Y,3,0,1,1,A,-,01,23152,A,N,E,I,A,A,H,-,A,A,0,,,,,Y,Y,A,07,0,1,0,0,0,0,0,0,0,"- ","- ",38.399391174316406,-122.69519805908203,SONOMA,UNINCORPORATED,-122.70416259765625,38.409160614013672
91427907,2021,2021-03-16,9360,2021-03-09,0026,020828,,2,3,6,4905,0,1,2,,2,040,"US-101 S/B","HEARN AVE",1350.00,S,N,A,-,Y,,,101,,,,,,S,Y,2,0,4,1,A,-,01,23152,A,N,E,I,A,A,H,-,C,D,0,,,,,Y,Y,D,22,1,0,3,0,0,0,0,0,0,"- ","- ",38.405601501464844,-122.71604919433594,SONOMA,"SANTA ROSA",-122.71620178222656,38.405601501464844
91428343,2021,2021-03-16,9360,2021-03-11,1500,020285,,4,2,9,4900,0,1,3,,1,013,SR-116,"OLD MONTE RIO RD",10.00,W,N,A,-,Y,,,116,,,,,,,Y,3,0,2,2,A,-,03,22350,,N,C,C,A,A,H,-,A,D,0,,,,,Y,,D,22,0,2,0,0,0,0,0,0,0,"- ","- ",38.495121002197266,-123.0087890625,SONOMA,UNINCORPORATED,-123.00881195068359,38.495155334472656
91428465,2021,2021-03-16,9360,2021-03-10,0917,017693,,3,1,9,4900,0,2,4,,1,034,"GUERNEVILLE ROAD","ABRAMSON RD",1901.00,W,N,B,F,N,,,,,,,,,,Y,4,0,2,3,A,-,08,22107,,N,B,C,A,C,G,-,A,D,0,,,,,Y,,A,01,0,0,2,0,0,0,0,0,0,"- ","- ",38.452629089355469,-122.79061126708984,SONOMA,UNINCORPORATED,-122.79022216796875,38.452579498291016
91429863,2021,2021-03-18,9360,2021-03-10,1020,019366,,3,1,9,4900,0,2,4,,1,047,"LAKEVILLE HIGHWAY","OLD LAKEVILLE ROAD NO 1",278.00,N,N,F,-,Y,,,,,,,,,,Y,4,0,1,1,A,-,08,22107,,N,F,I,A,B,H,-,A,D,0,,,,,Y,,D,22,0,0,1,0,0,0,0,0,0,"- ","- ",38.205921173095703,-122.54741668701172,SONOMA,UNINCORPORATED,-122.54758453369141,38.203994750976562
91429966,2021,2021-03-18,9360,2021-03-11,0505,022371,,4,3,6,4905,0,1,2,,2,030,"US-101 N/B","MENDOCINO AVE",1056.00,S,N,A,-,Y,,,101,,,,,,N,Y,4,0,1,2,A,-,03,22350,,N,C,C,A,A,H,-,C,D,0,,,,,Y,,A,01,0,0,1,0,0,0,0,0,0,"- ","- ",38.471668243408203,-122.72975921630859,SONOMA,"SANTA ROSA",-122.729736328125,38.4716796875
91430002,2021,2021-03-18,9360,2021-03-06,0840,021326,,6,1,9,4900,0,3,5,,2,004,"W RAILROAD AVE","CYPRESS AVE",390.00,E,N,A,-,N,,,,,,,,,,Y,4,0,1,1,A,-,08,22107,,N,E,I,A,A,H,-,A,D,0,,,,,Y,,A,07,0,0,1,0,0,0,0,0,0,"- ","- ",38.312141418457031,-122.69695281982422,SONOMA,UNINCORPORATED,-122.697021484375,38.312149047851562
91430872,2021,2021-03-19,9350,2021-03-08,1830,022433,,1,2,9,4900,0,1,3,,2,237,"SR-37 E/B","NOBLE RD",2500.00,E,N,A,-,Y,,,37,,,,,,E,N,4,0,1,2,A,-,03,22350,,N,C,C,A,A,H,-,C,D,0,,,,,Y,,A,01,0,0,1,0,0,0,0,0,0,"- ","- ",38.155681610107422,-122.41323852539062,SONOMA,UNINCORPORATED,-122.41323852539062,38.15570068359375
91431168,2021,2021-03-19,9325,2021-02-26,0830,019590,,5,1,9,4900,0,1,3,,1,051,SR-121,"VIANSA WINERY",3500.00,S,N,A,-,Y,,,121,,,,,,,Y,4,0,1,2,A,-,05,21460,A,N,A,C,A,A,H,-,A,D,0,,,,,Y,,A,01,0,0,1,0,0,0,0,0,0,"- ","- ",38.203811645507812,-122.45001220703125,SONOMA,UNINCORPORATED,-122.45000457763672,38.203811645507812
91432042,2021,2021-03-22,9360,2021-03-12,1133,019366,,5,1,9,4900,0,2,4,,1,032,"RIVER ROAD","OLIVET RD",4224.00,E,N,A,-,N,,,,,,,,,,Y,2,0,2,2,A,-,06,21750,,N,B,C,A,A,H,-,A,D,0,,,,,Y,,A,01,1,1,0,0,0,0,0,0,0,"- ","- ",38.489559173583984,-122.80419921875,SONOMA,UNINCORPORATED,-122.80658721923828,38.488864898681641
91432161,2021,2021-03-22,9360,2021-03-12,1650,021437,,5,2,9,4900,0,3,5,,2,002,SR-128,"CLEGG LN",1185.00,E,N,A,-,Y,,,128,,,,,,,Y,3,0,1,1,A,-,03,22350,,N,E,I,A,A,H,-,A,D,0,,,,,Y,,D,22,0,1,0,0,0,0,0,0,0,"- ","- ",38.623161315917969,-122.66342163085938,SONOMA,UNINCORPORATED,-122.66341400146484,38.623161315917969
91432338,2021,2021-03-22,9360,2021-03-14,1644,021195,,7,2,9,4900,0,1,2,,1,010,"US-101 S/B","GEYSERVILLE AVE",560.00,N,N,C,-,Y,,,101,,,,,,S,Y,4,0,1,2,A,-,03,22350,,N,C,C,A,B,H,-,A,D,0,,,,,Y,,A,01,0,0,1,0,0,0,0,0,0,"- ","- ",38.697731018066406,-122.89202117919922,SONOMA,UNINCORPORATED,-122.89208221435547,38.697650909423828
91432856,2021,2021-03-23,9360,2021-03-15,2200,020828,,1,3,9,4900,0,1,2,,1,060,"US-101 S/B","SAN ANTONIO RD",5808.00,N,N,A,-,Y,,,,,,,,,,Y,4,0,1,1,A,-,01,23152,F,M,E,I,A,A,H,-,D,D,0,,,,,Y,,A,07,0,0,1,0,0,0,0,0,0,"- ","- ",38.176219940185547,-122.5936279296875,SONOMA,UNINCORPORATED,-122.60157012939453,38.190505981445312
91433912,2021,2021-03-24,9360,2021-03-18,1355,019083,,4,1,9,4900,0,1,3,,1,065,SR-116,"B ST",2640.00,W,N,B,C,Y,,,116,,,,,,,Y,4,0,1,1,A,-,08,22107,,N,E,I,A,B,H,-,A,D,0,,,,,Y,,D,22,0,0,1,0,0,0,0,0,0,"- ","- ",38.447200775146484,-123.06105804443359,SONOMA,UNINCORPORATED,-123.06100463867188,38.447128295898438
91434870,2021,2021-03-25,9360,2021-03-21,1020,020092,,7,1,9,4900,0,3,5,,2,004,"SANTA ROSA AVE","TODD RD",760.00,S,N,A,-,N,,,,,,,,,,Y,4,0,1,2,A,-,09,21804,A,N,D,C,A,A,H,-,A,D,0,,,,,Y,,D,22,0,0,1,0,0,0,0,0,0,"- ","- ",38.384971618652344,-122.71369171142578,SONOMA,UNINCORPORATED,-122.71358489990234,38.385021209716797
91437157,2021,2021-03-26,9360,2021-03-21,2005,021456,,7,2,9,4900,0,1,2,,1,060,"US-101 S/B","KASTANIA RD O/C",5280.00,S,N,A,-,Y,,,101,,,,,,S,Y,3,0,1,1,A,-,03,22350,,N,E,I,A,A,H,-,D,D,0,,,,,Y,,A,01,0,1,0,0,0,0,0,0,0,"- ","- ",38.204208374023438,-122.59845733642578,SONOMA,UNINCORPORATED,-122.59824371337891,38.204208374023438
91437856,2021,2021-04-12,9360,2021-03-18,0015,020905,,4,3,3,4903,0,3,5,,2,003,"S FITCH MOUNTAIN ROAD","S FITCH MOUNTAIN CT",270.00,S,N,B,-,N,,,,,,,,,,Y,4,0,1,1,A,-,01,23152,A,N,E,I,A,A,H,-,D,D,0,,,,,Y,Y,A,01,0,0,1,0,0,0,0,0,0,"- ","- ",38.611240386962891,-122.84349822998047,SONOMA,HEALDSBURG,-122.84322357177734,38.611381530761719
91440698,2021,2021-04-01,9360,2021-03-23,0800,013838,,2,1,9,4900,0,1,3,,1,051,SR-12,"LLANO ROAD",0.00,,Y,B,-,Y,,,,,,,,,,Y,4,0,1,3,A,-,03,22350,,N,B,C,A,A,H,-,A,D,0,,,,,Y,,A,01,0,0,1,0,0,0,0,0,0,"- ","- ",38.244098663330078,-122.47409820556641,SONOMA,UNINCORPORATED,-122.79491424560547,38.411712646484375
91441836,2021,2021-04-02,9325,2021-03-30,1630,018954,,2,2,9,4900,0,1,3,,1,052,"SR-12 E/B","WATMAUGH RD",0.00,,Y,A,-,N,,,12,,,,,,E,Y,3,0,1,2,A,-,09,21802,A,N,D,C,A,A,H,-,A,D,0,,,,,Y,,A,01,0,1,0,0,0,0,0,0,0,"- ","- ",38.265468597412109,-122.46225738525391,SONOMA,UNINCORPORATED,-122.46195983886719,38.265426635742188
91442734,2021,2021-04-05,9360,2021-03-23,1015,022323,,2,1,9,4900,0,1,2,,1,060,"SB US-101","CAULFIELD LN",655.00,S,N,A,-,Y,,,,,,,,,,N,4,0,1,3,A,-,03,22350,,N,C,C,A,A,H,-,A,A,0,,,,,Y,,D,22,0,0,1,0,0,0,0,0,0,"- ","- ",38.235801696777344,-122.61959075927734,SONOMA,UNINCORPORATED,-122.61945343017578,38.236057281494141
91442770,2021,2021-04-05,9360,2021-03-25,1700,021456,,4,2,9,4900,0,1,3,,1,051,"SR-12 E/B","STONY POINT RD",950.00,W,N,A,-,Y,,,,,,,,,,Y,4,0,3,2,A,-,07,21658,A,N,C,C,A,A,H,-,A,D,0,,,,,Y,,A,07,0,0,3,0,0,0,0,0,0,"- ","- ",38.429630279541016,-122.74500274658203,SONOMA,UNINCORPORATED,-122.7449951171875,38.429744720458984
91443191,2021,2021-04-05,9360,2021-03-28,1840,022257,,7,2,9,4900,0,1,2,,2,030,"MARK WEST SPRINGS RD","LOCH HAVEN DR",900.00,E,N,A,-,N,,,,,,,,,,Y,2,0,1,1,A,-,08,22107,,N,F,I,A,A,H,-,A,D,0,,,Y,,Y,,C,02,1,0,0,0,0,0,0,0,1,"- ","- ",38.548721313476562,-122.71006774902344,SONOMA,UNINCORPORATED,,
91443286,2021,2021-04-05,9360,2021-03-30,0920,015187,,2,1,6,4905,0,1,2,,2,030,"US-101 S/B TO STEELE LN.","STEELE LN",80.00,N,N,A,-,Y,,,101,,,,R,,S,N,4,0,2,3,A,-,03,22350,,N,C,C,A,A,H,-,A,D,0,,,,,Y,,A,01,0,0,2,0,0,0,0,0,0,"- ","- ",38.460361480712891,-122.72682189941406,SONOMA,"SANTA ROSA",-122.72682189941406,38.460361480712891
91443876,2021,2021-04-06,9360,2021-03-30,1825,020266,,2,2,9,4900,0,1,3,,1,037,"SR-116 W/B","MAYS CANYON RD",1500.00,E,N,A,-,Y,,,116,,,,,,W,Y,3,0,1,1,A,-,08,22107,,N,E,I,A,A,H,-,A,D,0,,,,,Y,,A,01,0,1,0,0,0,0,0,0,0,"- ","- ",38.482280731201172,-122.96109008789062,SONOMA,UNINCORPORATED,-122.96109008789062,38.482246398925781
91443961,2021,2021-04-06,9360,2021-03-29,1400,021195,,1,2,9,4900,0,3,5,,2,002,"ASTI RD","ASTI POST OFFICE RD",363.00,N,N,A,-,N,,,,,,,,,,Y,3,0,2,1,A,-,08,22107,,N,E,I,A,A,H,-,A,D,0,,,,,Y,,A,01,0,1,1,0,0,0,0,0,0,"- ","- ",38.761890411376953,-122.97664642333984,SONOMA,UNINCORPORATED,-122.97646331787109,38.761768341064453
91444858,2021,2021-04-07,9360,2021-03-31,2000,018881,,3,2,9,4900,0,1,3,,1,063,"BODEGA HIGHWAY","JOY ROAD",1584.00,E,N,A,-,Y,,,,,,,,,,Y,3,0,1,1,A,-,01,23152,A,N,E,I,A,A,H,-,D,D,0,,,,,Y,Y,A,01,0,1,0,0,0,0,0,0,0,"- ","- ",38.350940704345703,-122.95684814453125,SONOMA,UNINCORPORATED,-122.95635986328125,38.351039886474609
91445827,2021,2021-04-08,9360,2021-03-27,2125,020740,,6,2,9,4900,0,3,5,,2,002,"ASTI ROAD","SWISS COLONY ROAD",1600.00,S,N,A,-,N,,,,,,,,,,Y,4,0,1,1,A,-,01,23152,A,M,E,I,A,A,H,-,D,D,0,,,,,Y,Y,A,07,0,0,1,0,0,0,0,0,0,"- ","- ",38.763980865478516,-122.98319244384766,SONOMA,UNINCORPORATED,-122.97800445556641,38.762542724609375
91447158,2021,2021-04-09,9360,2021-04-07,1715,021314,,3,2,9,4900,0,1,3,,1,051,"E/B STATE ROUTE 12","DUTTON AVENUE",75.00,E,N,A,-,Y,,,12,,,,,,,Y,4,0,1,2,A,-,03,22350,,N,C,C,A,A,H,-,A,D,0,,,,,Y,,A,01,0,0,1,0,0,0,0,0,0,"- ","- ",38.432991027832031,-122.72579193115234,SONOMA,UNINCORPORATED,-122.72579193115234,38.432998657226562
91448183,2021,2021-04-12,9360,2021-04-06,1050,013838,,2,1,9,4900,0,1,3,,1,051,"SR-12 W/B","LLANO ROAD",35.00,E,N,A,-,Y,,,,,,,,,,Y,3,0,2,2,A,-,01,23152,A,F,C,C,A,A,H,-,A,D,0,,,,,Y,,A,01,0,1,1,0,0,0,0,0,0,"- ","- ",38.24420166015625,-122.4739990234375,SONOMA,UNINCORPORATED,-122.79481506347656,38.411769866943359
91449034,2021,2021-04-13,9325,2021-03-31,1630,018954,,3,2,9,4900,0,3,5,,2,005,"LEVERONI ROAD","ARNOLD DRIVE",3160.00,E,N,A,-,N,,,,,,,,,,Y,2,0,2,2,A,-,01,23152,A,N,A,C,A,A,H,-,A,D,0,,,,,Y,Y,A,01,2,0,0,0,0,0,0,0,0,"- ","- ",38.274871826171875,-122.48146057128906,SONOMA,UNINCORPORATED,-122.48104858398438,38.274997711181641
91450974,2021,2021-04-15,9360,2021-04-13,1655,016045,,2,2,9,4900,0,1,2,,2,050,"US 101 N/B","TODD RD",500.00,S,N,A,-,Y,,,,,,,,,,Y,3,0,1,2,A,-,01,23152,A,N,C,C,A,A,H,-,A,D,0,,,,,Y,Y,A,07,0,1,0,0,0,0,0,0,0,"- ","- ",38.383869171142578,-122.71610260009766,SONOMA,UNINCORPORATED,-122.71611022949219,38.3848876953125
91453260,2021,2021-04-19,9360,2021-04-14,0905,016652,,3,1,5,4908,0,1,2,,1,060,"US-101 S/B","CAULFIELD LN",300.00,N,N,A,-,Y,,,101,,,,,,S,Y,4,0,1,4,A,-,03,22350,,N,C,C,A,A,H,-,A,D,0,,,,,Y,,D,22,0,0,1,0,0,0,0,0,0,"- ","- ",38.238491058349609,-122.62071990966797,SONOMA,PETALUMA,-122.62070465087891,38.238498687744141
91453593,2021,2021-04-19,9360,2021-04-10,1740,022333,,6,2,9,4900,0,2,4,,1,044,"OLD ADOBE RD","FRATES RD",62.00,E,N,A,-,N,,,,,,,,,,N,3,0,1,2,A,-,11,21950,B,N,G,B,D,A,H,-,A,D,0,Y,,,,Y,,N,60,0,1,0,0,1,0,0,0,0,"- ","- ",38.251750946044922,-122.57810974121094,SONOMA,UNINCORPORATED,-122.57817077636719,38.251697540283203
91454329,2021,2021-04-20,9360,2021-04-14,1005,016524,,3,1,9,4900,0,1,2,,2,030,"US-101 N/B","AIRPORT BLVD",1584.00,N,N,A,-,Y,,,,,,,,,,Y,3,0,4,2,A,-,03,22350,,N,C,C,A,A,H,-,A,D,0,,,,,Y,,A,01,0,4,0,0,0,0,0,0,0,"- ","- ",38.514968872070312,-122.51496887207031,SONOMA,UNINCORPORATED,-122.77580261230469,38.511581420898438
91454922,2021,2021-04-21,9360,2021-04-11,1900,022370,,7,2,9,4900,0,3,5,,2,003,"BOHEMIAN HWY","BODEGA HWY",0.00,,Y,A,-,N,,,,,,,,,,Y,4,0,1,2,A,-,09,21802,A,N,D,C,A,A,H,-,B,A,0,,,,,Y,,A,01,0,0,1,0,0,0,0,0,0,"- ","- ",38.3731689453125,-122.9107666015625,SONOMA,UNINCORPORATED,-122.91072082519531,38.373172760009766
91455815,2021,2021-04-22,9360,2021-04-18,0620,020092,,7,1,9,4900,0,1,2,,2,050,"US-101 S/B","SANTA ROSA AVE",300.00,N,N,A,-,Y,,,101,,,,,,S,Y,4,0,1,1,A,-,08,22107,,N,E,I,A,A,H,-,A,D,0,,,,,Y,,D,22,0,0,1,0,0,0,0,0,0,"- ","- ",38.37274169921875,-122.71518707275391,SONOMA,UNINCORPORATED,-122.715087890625,38.372814178466797
91456346,2021,2021-04-22,9360,2021-04-21,1702,018828,,3,2,6,4905,0,1,2,,2,040,"US-101 S/B","COLLEGE AVE",300.00,S,N,A,-,Y,,,101,,,,,,S,Y,2,0,1,1,C,-,18,,,N,F,A,A,A,H,-,A,D,0,,,Y,,Y,,-,"- ",1,0,0,0,0,0,0,0,1,"- ","- ",38.444931030273438,-122.72360229492188,SONOMA,"SANTA ROSA",-122.72351837158203,38.444988250732422
91456395,2021,2021-04-22,9360,2021-04-08,1925,021314,,4,2,5,4908,0,2,S,,2,901,"CAULFIELD COURT","ELY BOULEVARD SOUTH",175.00,W,N,A,-,N,,,,,,,,,,Y,2,0,1,1,A,-,08,22107,,N,F,I,A,A,H,-,C,D,0,,,Y,,Y,,C,02,1,0,0,0,0,0,0,0,1,"- ","- ",38.249439239501953,-122.60774230957031,SONOMA,PETALUMA,-122.60772705078125,38.249538421630859
91457815,2021,2021-04-26,9360,2021-04-10,1545,021445,,6,2,9,4900,0,1,2,,2,050,"US-101 S/B","GOLF COURSE DR",2640.00,N,N,A,-,Y,,,101,,,,,,S,Y,4,0,1,4,A,-,01,23152,F,N,C,C,A,A,H,-,A,D,0,,,,,Y,,A,01,0,0,1,0,0,0,0,0,0,"- ","- ",38.370651245117188,-122.71360015869141,SONOMA,UNINCORPORATED,-122.71348571777344,38.370742797851562
91457830,2021,2021-04-26,9360,2021-04-17,1950,022128,,6,2,9,4900,0,2,4,,1,022,"PLEASANT AVE","PLEASURE AVE",65.00,E,N,A,-,N,,,,,,,,,,Y,3,0,1,1,A,-,08,22107,,N,F,I,A,A,H,-,B,D,0,,,,,Y,,A,01,0,1,0,0,0,0,0,0,0,"- ","- ",38.540248870849609,-122.78472137451172,SONOMA,UNINCORPORATED,-122.78475952148438,38.540321350097656
91457991,2021,2021-04-26,9360,2021-04-18,1120,021326,,7,1,9,4900,0,1,3,,1,041,"BENNETT VALLEY RD","MITCHELL RD",250.00,E,N,A,-,N,,,,,,,,,,Y,3,0,1,1,A,-,08,22107,,N,F,A,A,A,H,-,A,D,0,,,Y,,Y,,C,02,0,1,0,0,0,0,0,0,1,"- ","- ",38.413990020751953,-122.65779876708984,SONOMA,UNINCORPORATED,-122.65776824951172,38.41400146484375
91458529,2021,2021-04-26,9360,2021-04-20,1000,013838,,2,1,9,4900,0,1,3,,1,041,"SR-12 E/B","OAKMONT DR",400.00,W,N,A,-,Y,,,12,,,,,,E,Y,4,0,1,2,A,-,04,21703,,M,C,C,A,A,H,-,A,D,0,,,,,Y,,A,01,0,0,1,0,0,0,0,0,0,"- ","- ",38.445888519287109,-122.60627746582031,SONOMA,UNINCORPORATED,-122.60629272460938,38.445858001708984
91459226,2021,2021-04-27,9350,2021-04-19,1800,021418,,1,2,9,4900,0,1,3,,2,137,"SR-37 E/B","LAKEVILLE HWY",640.00,E,N,A,-,Y,,,37,,,,,,E,Y,3,0,2,2,A,-,01,23152,A,N,C,C,A,A,H,-,A,D,0,,,,,Y,Y,A,01,0,1,1,0,0,0,0,0,0,"- ","- ",38.135120391845703,-122.4744873046875,SONOMA,UNINCORPORATED,-122.47447204589844,38.135097503662109
91460047,2021,2021-04-28,9360,2021-04-23,1710,022333,,5,2,6,4905,0,1,2,,2,030,"US-101 N/B","MENDOCINO AVE",950.00,N,N,A,-,Y,,,101,,,,,,N,Y,3,0,1,1,A,-,08,22107,,N,E,J,A,A,H,-,A,D,0,,,,,Y,,A,08,0,1,0,0,0,0,0,0,0,"- ","- ",38.477310180664062,-122.73185729980469,SONOMA,"SANTA ROSA",-122.73209381103516,38.477210998535156
91460081,2021,2021-04-28,9360,2021-04-23,1645,022128,,5,2,9,4900,0,1,2,,2,030,"US-101 NB","SHILOH ROAD OVER CROSSING",1320.00,S,N,A,-,Y,,,101,,,,,,N,Y,4,0,1,2,A,-,03,22350,,N,C,C,A,A,H,-,A,D,0,,,,,Y,,D,22,0,0,1,0,0,0,0,0,0,"- ","- ",38.522708892822266,-122.78710174560547,SONOMA,UNINCORPORATED,-122.78707885742188,38.522727966308594
91460086,2021,2021-04-28,9360,2021-04-26,1305,015187,,1,1,9,4900,0,2,4,,1,022,"OLD REDWOOD HWY.","MARK WEST SPRINGS RD",0.00,,Y,A,-,N,,,,,,,,,,Y,4,0,2,2,A,-,09,21453,C,N,A,C,A,A,H,-,A,A,0,,,,,Y,,A,01,0,0,2,0,0,0,0,0,0,"- ","- ",38.497169494628906,-122.74809265136719,SONOMA,UNINCORPORATED,-122.74807739257812,38.497123718261719
91460206,2021,2021-04-28,9360,2021-04-24,1455,020803,,6,2,9,4900,0,1,3,,1,063,SR-1,"BEAN AVE",575.00,N,N,A,-,Y,,,1,,,,,,,Y,3,0,1,2,A,-,03,22350,,N,C,C,A,A,H,-,A,D,0,,,,,Y,,A,07,0,1,0,0,0,0,0,0,0,"- ","- ",38.352901458740234,-123.06217956542969,SONOMA,UNINCORPORATED,-123.06215667724609,38.352920532226562
91461691,2021,2021-04-29,9360,2021-04-28,1520,021314,,3,2,9,4900,0,2,4,,1,042,"PETALUMA HILL ROAD","WINTERHAVEN AVENUE",2284.00,S,N,A,-,N,,,,,,,,,,Y,4,0,1,2,A,-,03,22350,,N,C,C,A,A,H,-,A,D,0,,,,,Y,,A,01,0,0,1,0,0,0,0,0,0,"- ","- ",38.404048919677734,-122.69827270507812,SONOMA,UNINCORPORATED,-122.70416259765625,38.409160614013672
91463435,2021,2021-04-30,9350,2021-04-23,1905,020979,,5,2,9,4900,0,1,3,,2,137,"SR-37 E/B","LAKEVILLE HWY",6019.00,E,N,A,-,Y,,,37,,,,,,E,N,4,0,1,2,A,-,03,22350,,N,C,C,A,A,H,-,A,D,0,,,,,Y,,D,22,0,0,1,0,0,0,0,0,0,"- ","- ",38.144081115722656,-122.45960235595703,SONOMA,UNINCORPORATED,-122.45960235595703,38.144088745117188
91465974,2021,2021-05-05,9360,2021-04-28,1040,015434,,3,1,3,4980,0,2,4,,2,056,"STONY POINT RD","PEPPER RD",1056.00,S,N,A,-,N,,,,,,,,,,Y,4,0,1,2,A,-,03,22350,,N,C,C,A,A,H,-,A,D,0,,,,Y,Y,,F,26,0,0,1,0,0,0,0,0,0,"- ","- ",38.280899047851562,-122.683837890625,SONOMA,WINDSOR,-122.68526458740234,38.282211303710938
91467682,2021,2021-05-07,9360,2021-04-25,1245,020731,,7,1,9,4900,0,2,4,,1,046,"BENNETT VALLEY RD","MITCHELL RD",2640.00,E,N,C,-,N,,,,,,,,,,Y,3,0,1,1,A,-,01,23152,A,N,E,I,A,B,H,-,A,D,0,,,,,Y,Y,D,22,0,1,0,0,0,0,0,0,0,"- ","- ",38.412208557128906,-122.65007019042969,SONOMA,UNINCORPORATED,-122.65037536621094,38.412227630615234
91467750,2021,2021-05-07,9360,2021-04-26,2205,019092,,1,3,9,4900,0,2,4,,1,058,"SKILLMAN LN","LIBERTY RD",655.00,E,N,A,-,N,,,,,,,,,,N,4,0,1,1,A,-,08,22107,,M,E,I,A,A,H,-,D,D,0,,,,,Y,,A,01,0,0,1,0,0,0,0,0,0,"- ","- ",38.256149291992188,-122.70337677001953,SONOMA,UNINCORPORATED,-122.69871520996094,38.256244659423828
91469129,2021,2021-05-10,9325,2021-05-07,1107,022562,,5,1,9,4900,0,1,3,,1,051,SR-121,"FLYING ARROW RANCH RD",1584.00,S,N,A,-,Y,,,121,,,,,,,Y,3,0,1,1,A,-,03,22350,,N,F,A,A,A,H,-,A,D,0,,,Y,,Y,,C,02,0,1,0,0,0,0,0,0,1,"- ","- ",38.209800720214844,-122.45467376708984,SONOMA,UNINCORPORATED,-122.45465087890625,38.209815979003906
91469157,2021,2021-05-10,9360,2021-05-02,1210,020225,,7,1,9,4900,0,3,5,,2,001,"SKAGGS SPRINGS RD","FALL CREEK RD",19008.00,W,N,A,-,N,,,,,,,,,,Y,4,0,1,1,A,-,08,22107,,N,E,I,A,A,H,-,A,D,0,,,,,Y,,A,01,0,0,1,0,0,0,0,0,0,"- ","- ",38.669780731201172,-123.03292083740234,SONOMA,UNINCORPORATED,,
91469418,2021,2021-05-10,9360,2021-05-02,0045,021904,,7,3,9,4900,0,1,2,,2,030,"US-101 NORTHBOUND","RIVER ROAD",100.00,N,N,A,-,Y,,,101,,,,,,N,Y,4,0,1,2,A,-,01,23152,A,N,C,C,A,A,H,-,D,D,0,,,,,Y,Y,A,01,0,0,1,0,0,0,0,0,0,"- ","- ",38.496700286865234,-122.75684356689453,SONOMA,UNINCORPORATED,-122.75682830810547,38.496719360351562
91469524,2021,2021-05-10,9360,2021-05-03,1300,015187,,1,1,9,4900,0,2,4,,1,022,"OLD REDWOOD HWY.","WIKIUP DR",150.00,S,N,A,-,N,,,,,,,,,,Y,4,0,2,2,A,-,03,22350,,N,C,C,A,A,H,-,A,D,0,,,,,Y,,A,07,0,0,2,0,0,0,0,0,0,"- ","- ",38.506881713867188,-122.75914764404297,SONOMA,UNINCORPORATED,-122.75918579101562,38.507282257080078