CASE_ID,ACCIDENT_YEAR,PROC_DATE,JURIS,COLLISION_DATE,COLLISION_TIME,OFFICER_ID,REPORTING_DISTRICT,DAY_OF_WEEK,CHP_SHIFT,POPULATION,CNTY_CITY_LOC,SPECIAL_COND,BEAT_TYPE,CHP_BEAT_TYPE,CITY_DIVISION_LAPD,CHP_BEAT_CLASS,BEAT_NUMBER,PRIMARY_RD,SECONDARY_RD,DISTANCE,DIRECTION,INTERSECTION,WEATHER_1,WEATHER_2,STATE_HWY_IND,CALTRANS_COUNTY,CALTRANS_DISTRICT,STATE_ROUTE,ROUTE_SUFFIX,POSTMILE_PREFIX,POSTMILE,LOCATION_TYPE,RAMP_INTERSECTION,SIDE_OF_HWY,TOW_AWAY,COLLISION_SEVERITY,NUMBER_KILLED,NUMBER_INJURED,PARTY_COUNT,PRIMARY_COLL_FACTOR,PCF_CODE_OF_VIOL,PCF_VIOL_CATEGORY,PCF_VIOLATION,PCF_VIOL_SUBSECTION,HIT_AND_RUN,TYPE_OF_COLLISION,MVIW,PED_ACTION,ROAD_SURFACE,ROAD_COND_1,ROAD_COND_2,LIGHTING,CONTROL_DEVICE,CHP_ROAD_TYPE,PEDESTRIAN_ACCIDENT,BICYCLE_ACCIDENT,MOTORCYCLE_ACCIDENT,TRUCK_ACCIDENT,NOT_PRIVATE_PROPERTY,ALCOHOL_INVOLVED,STWD_VEHTYPE_AT_FAULT,CHP_VEHTYPE_AT_FAULT,COUNT_SEVERE_INJ,COUNT_VISIBLE_INJ,COUNT_COMPLAINT_PAIN,COUNT_PED_KILLED,COUNT_PED_INJURED,COUNT_BICYCLIST_KILLED,COUNT_BICYCLIST_INJURED,COUNT_MC_KILLED,COUNT_MC_INJURED,PRIMARY_RAMP,SECONDARY_RAMP,LATITUDE,LONGITUDE,COUNTY,CITY,POINT_X,POINT_Y
91469848,2021,2021-05-11,9360,2021-05-02,0215,021567,,7,3,4,4904,0,1,2,,2,050,"US-101 N/B GOLF COURSE DR OFF-RAMP","COMMERCE BLVD",70.00,S,N,A,-,Y,,,101,,,,,,N,Y,4,0,1,1,A,-,01,23152,F,N,E,I,A,A,H,-,C,D,0,,,,,Y,,A,01,0,0,1,0,0,0,0,0,0,"- ","- ",38.362010955810547,-122.71222686767578,SONOMA,"ROHNERT PARK",-122.71273803710938,38.362091064453125
91470191,2021,2021-05-11,9360,2021-05-04,1758,021195,,2,2,9,4900,0,1,2,,2,050,"US-101 N/B","TODD RD",528.00,S,N,A,-,Y,,,101,,,,,,N,Y,4,0,1,1,A,-,03,22350,,N,E,I,A,A,H,-,A,D,0,,,,,Y,,A,07,0,0,1,0,0,0,0,0,0,"- ","- ",38.385421752929688,-122.71611022949219,SONOMA,UNINCORPORATED,-122.71607208251953,38.385417938232422
91471715,2021,2021-05-27,9360,2021-05-08,1150,021326,,6,1,5,4908,0,2,4,,1,043,"OLD REDWOOD HIGHWAY","ELY ROAD NORTH",120.00,N,N,A,-,N,,,,,,,,,,Y,3,0,1,1,A,-,08,22107,,N,E,I,A,A,H,-,A,D,0,,,,,Y,,D,22,0,1,0,0,0,0,0,0,0,"- ","- ",38.284168243408203,-122.66729736328125,SONOMA,PETALUMA,-122.66744232177734,38.284175872802734
91472247,2021,2021-05-13,9360,2021-04-30,1348,018828,,5,1,9,4900,0,3,5,,2,004,"W. RAILROAD AVE","POPLAR AVE",792.00,W,N,A,-,N,,,,,,,,,,Y,3,0,1,1,A,-,01,23152,F,N,E,I,A,A,H,-,A,D,0,,,,,Y,,A,01,0,1,0,0,0,0,0,0,0,"- ","- ",38.306270599365234,-122.70570373535156,SONOMA,UNINCORPORATED,-122.7056884765625,38.306278228759766
91473720,2021,2021-05-14,9360,2021-05-01,1655,022333,,6,2,9,4900,0,1,3,,1,013,SR-116,"CNOPIUS RD",365.00,S,N,A,-,Y,,,116,,,,,,,Y,4,0,1,3,A,-,03,22350,,N,C,C,A,A,H,-,A,D,0,,,,,Y,,A,08,0,0,1,0,0,0,0,0,0,"- ","- ",38.482208251953125,-123.00978088378906,SONOMA,UNINCORPORATED,-123.00978088378906,38.482200622558594
91475729,2021,2021-05-27,9360,2021-05-13,1800,021458,,4,2,9,4900,0,2,4,,1,046,"BENNETT VALLEY ROAD","GARDNER RANCH ROAD",500.00,E,N,A,-,N,,,,,,,,,,Y,3,0,1,1,A,-,03,22350,,N,F,A,A,A,H,-,A,D,0,,,,,Y,,A,07,0,1,0,0,0,0,0,0,0,"- ","- ",38.391021728515625,-122.60505676269531,SONOMA,UNINCORPORATED,-122.60514831542969,38.391139984130859
91476009,2021,2021-05-27,9350,2021-05-12,1740,021266,,3,2,9,4900,0,1,3,,2,137,"STATE ROUTE 37 E/B","LAKEVILLE HIGHWAY",2640.00,E,N,A,-,Y,,,37,,,,,,E,N,4,0,1,3,A,-,07,21658,A,N,B,C,A,A,H,-,A,D,0,,,Y,,Y,,A,01,0,0,1,0,0,0,0,0,1,"- ","- ",38.138778686523438,-122.46839904785156,SONOMA,UNINCORPORATED,-122.46839141845703,38.138771057128906
91476263,2021,2021-05-27,9360,2021-05-10,2110,016669,,1,2,9,4900,0,2,4,,1,038,"GRATON RD","SULLIVAN RD",508.00,E,N,A,-,N,,,,,,,,,,Y,3,0,1,1,A,-,01,23152,A,N,E,I,A,A,H,-,D,D,0,,,,,Y,Y,A,01,0,1,0,0,0,0,0,0,0,"- ","- ",38.435779571533203,-122.88008880615234,SONOMA,UNINCORPORATED,-122.88013458251953,38.435810089111328
91476467,2021,2021-05-27,9360,2021-05-14,1610,021458,,5,2,9,4900,0,2,4,,1,024,"MARK WEST SPRINGS ROAD","CRESTA ROAD",2112.00,S,N,A,-,N,,,,,,,,,,Y,2,0,4,2,A,-,08,22107,,N,A,C,A,A,H,-,A,D,0,,,,Y,Y,,F,26,3,0,1,0,0,0,0,0,0,"- ","- ",38.53765869140625,-122.72364044189453,SONOMA,UNINCORPORATED,-122.72050476074219,38.543487548828125
91476795,2021,2021-05-27,9360,2021-05-14,0925,020731,,5,1,6,4905,0,1,3,,1,051,"SR-12 W/B","EB SR-12 TO NB 101 O/C",250.00,W,N,B,-,Y,,,12,,,,,,W,Y,3,0,5,2,A,-,03,22350,,N,C,C,A,A,H,-,A,D,0,,,,,Y,,A,01,0,3,2,0,0,0,0,0,0,"- ","- ",38.431968688964844,-122.71730804443359,SONOMA,"SANTA ROSA",-122.71730804443359,38.431968688964844
91479012,2021,2021-05-27,9360,2021-05-13,1530,022257,,4,2,9,4900,0,2,4,,1,024,"MARK WEST SPRINGS ROAD","MICHELE WAY",200.00,W,N,A,-,N,,,,,,,,,,Y,3,0,1,1,A,-,03,22350,,N,F,A,A,A,H,-,A,D,0,,,Y,,Y,,C,02,0,1,0,0,0,0,0,0,1,"- ","- ",38.517009735107422,-122.72038269042969,SONOMA,UNINCORPORATED,-122.72061157226562,38.517589569091797
91479577,2021,2021-05-27,9360,2021-05-15,1740,021456,,6,2,9,4900,0,2,4,,1,052,"STONY POINT ROAD","SCENIC AVE",0.00,,Y,A,-,N,,,,,,,,,,Y,4,0,2,2,A,-,07,21658,A,N,C,C,A,A,H,-,A,A,0,,,,,Y,,A,01,0,0,2,0,0,0,0,0,0,"- ","- ",38.376148223876953,-122.74138641357422,SONOMA,UNINCORPORATED,-122.74143981933594,38.376277923583984
91480218,2021,2021-05-27,9360,2021-05-17,1655,021458,,1,2,6,4905,0,1,2,,2,030,"US-101 (SOUTHBOUND)","BICENTENNIAL WAY",2640.00,S,N,A,-,Y,,,101,,,,,,,N,4,0,1,3,A,-,07,21658,A,N,C,C,A,A,H,-,A,D,0,,,,,Y,,A,01,0,0,1,0,0,0,0,0,0,"- ","- ",38.465888977050781,-122.72752380371094,SONOMA,"SANTA ROSA",-122.72752380371094,38.465888977050781
91480718,2021,2021-05-27,9360,2021-05-08,0405,017761,,6,3,9,4900,0,2,4,,1,052,"STONY POINT RD","BUTLER AVE",100.00,N,N,A,-,N,,,,,,,,,,Y,4,0,1,2,A,-,03,22350,,M,C,C,A,A,H,-,C,D,0,,,,,Y,,A,01,0,0,1,0,0,0,0,0,0,"- ","- ",38.400470733642578,-122.74137878417969,SONOMA,UNINCORPORATED,-122.74143218994141,38.399524688720703
91481111,2021,2021-05-27,9360,2021-05-18,1410,021314,,2,2,9,4900,0,2,4,,1,044,"OLD ADOBE ROAD, SOUTH OF CASA GRANDE","CASA GRANDE ROAD",830.00,S,N,A,-,N,,,,,,,,,,Y,4,0,1,2,A,-,13,22504,A,N,C,C,A,A,H,-,A,D,0,,,,,Y,,A,01,0,0,1,0,0,0,0,0,0,"- ","- ",38.253990173339844,-122.58262634277344,SONOMA,UNINCORPORATED,-122.5826416015625,38.254001617431641
91481287,2021,2021-05-27,9350,2021-05-19,1340,021488,,3,1,6,4905,0,1,3,,2,137,SR-37,"SEARS POINT ROAD",0.00,,Y,A,-,Y,,,,,,,,,,Y,2,0,2,2,A,-,09,21802,A,N,D,2,A,A,H,-,A,D,0,,,,,Y,,A,01,1,1,0,0,0,0,0,0,0,"- ","- ",38.124408721923828,-122.49215698242188,SONOMA,"SANTA ROSA",-122.28301239013672,38.119419097900391
91481873,2021,2021-05-27,9350,2021-05-24,0920,015765,,1,1,9,4900,0,1,3,,2,237,"SR-37 W/B","NOBLE RD.",3100.00,W,N,A,-,Y,,,37,,,,,,W,Y,3,0,1,2,A,-,03,22350,,N,C,C,A,A,H,-,A,D,0,,,,,Y,,A,01,0,1,0,0,0,0,0,0,0,"- ","- ",38.153839111328125,-122.43283081054688,SONOMA,UNINCORPORATED,-122.43282318115234,38.153800964355469
91482713,2021,2021-05-27,9360,2021-05-16,0510,022370,,7,3,9,4900,0,2,4,,1,032,"RIVER ROAD","OLD RIVER ROAD",800.00,E,N,A,-,N,,,,,,,,,,Y,2,0,1,1,A,-,01,23152,A,N,E,I,A,A,H,-,D,D,0,,,Y,,Y,Y,C,02,1,0,0,0,0,0,0,0,1,"- ","- ",38.509418487548828,-122.91945648193359,SONOMA,UNINCORPORATED,-122.99329376220703,38.503910064697266
91483231,2021,2021-05-27,9360,2021-05-16,1420,021456,,7,2,9,4900,0,2,4,,1,052,"STONY POINT ROAD","MILLBRAE AVE",450.00,N,N,A,-,N,,,,,,,,,,Y,3,0,1,2,A,-,09,21801,A,N,D,C,A,A,H,-,A,D,0,,,Y,,Y,,D,22,0,1,0,0,0,0,0,0,1,"- ","- ",38.370708465576172,-122.74130249023438,SONOMA,UNINCORPORATED,-122.74140930175781,38.370735168457031
91484696,2021,2021-05-28,9360,2021-05-20,2245,021904,,4,3,6,4905,0,3,5,,2,004,"SANTA ROSA AVENUE","E. ROBLES AVENUE",85.00,N,N,A,-,N,,,,,,,,,,N,2,0,1,2,A,-,11,21954,A,N,G,B,D,A,H,-,C,A,0,Y,,,,Y,,N,60,1,0,0,0,1,0,0,0,0,"- ","- ",38.394371032714844,-122.71351623535156,SONOMA,"SANTA ROSA",-122.71354675292969,38.394634246826172
91484903,2021,2021-05-28,9360,2021-05-08,1440,019083,,6,2,9,4900,0,1,3,,1,063,SR-1,"SMITH BROTHER RD",440.00,S,N,A,-,Y,,,1,,,,,,,Y,4,0,1,4,A,-,03,22350,,N,C,C,A,A,H,-,A,D,0,,,,,Y,,D,22,0,0,1,0,0,0,0,0,0,"- ","- ",38.324901580810547,-123.03884887695312,SONOMA,UNINCORPORATED,-123.03886413574219,38.32489013671875
91486122,2021,2021-06-01,9360,2021-05-18,1730,018790,,2,2,9,4900,0,1,2,,2,050,"US 101 N/B","TODD ROAD",2112.00,S,N,A,-,Y,,,,,,,,,,Y,4,0,2,2,A,-,04,21703,,N,C,C,A,A,H,-,A,D,0,,,,,Y,,A,07,0,0,2,0,0,0,0,0,0,"- ","- ",38.487041473388672,-123.01534271240234,SONOMA,UNINCORPORATED,-122.71614837646484,38.380458831787109
91486139,2021,2021-06-01,9360,2021-05-24,0530,016524,,1,3,9,4900,0,3,5,,2,003,"EASTSIDE RD","TRENTON HEALDSBURG RD.",2640.00,N,N,B,-,N,,,,,,,,,,Y,3,0,1,1,A,-,08,22107,,N,E,I,A,A,H,-,B,D,0,,,,,Y,,D,22,0,1,0,0,0,0,0,0,0,"- ","- ",38.509639739990234,-122.85920715332031,SONOMA,UNINCORPORATED,-122.85911560058594,38.510208129882812
91488423,2021,2021-06-03,9360,2021-05-25,1709,021458,,2,2,6,4905,0,1,2,,2,040,"US-101 (SOUTHBOUND)","STEELE LN",2640.00,S,N,A,-,Y,,,101,,,,,,,N,4,0,1,2,A,-,03,22350,,M,C,C,A,A,H,-,A,D,0,,,,,Y,Y,D,22,0,0,1,0,0,0,0,0,0,"- ","- ",38.450759887695312,-122.72628784179688,SONOMA,"SANTA ROSA",-122.72623443603516,38.450763702392578
91488558,2021,2021-06-03,9360,2021-05-30,1225,020092,,7,1,9,4900,0,1,2,,2,050,"US-101 N/B","GOLF COURSE DR",1320.00,S,N,A,-,Y,,,,,,,,,,N,3,0,1,2,A,-,07,21658,A,F,B,C,A,A,H,-,A,D,0,,,Y,,Y,,A,01,0,1,0,0,0,0,0,0,1,"- ","- ",38.359428405761719,-122.71302795410156,SONOMA,UNINCORPORATED,-122.71282958984375,38.361961364746094
91490285,2021,2021-06-07,9325,2021-05-31,1510,017538,,1,2,9,4900,0,1,3,,1,063,SR-12,"RANCHO DR.",66.00,W,N,A,-,Y,,,12,,,,,,,Y,4,0,2,1,A,-,03,22350,,N,E,8,A,A,H,-,A,D,0,,,,,Y,,A,07,0,0,2,0,0,0,0,0,0,"- ","- ",38.320331573486328,-122.48642730712891,SONOMA,UNINCORPORATED,-122.48638916015625,38.320358276367188
91490921,2021,2021-06-07,9360,2021-05-29,1700,022333,,6,2,9,4900,0,2,4,,1,038,"OCCIDENTAL ROAD","REINHOLD AVE",950.00,E,N,A,-,N,,,,,,,,,,Y,2,0,1,1,A,-,08,22107,,N,F,A,A,A,H,-,A,D,0,,,Y,,Y,,C,02,1,0,0,0,0,0,0,0,1,"- ","- ",38.424579620361328,-122.77388763427734,SONOMA,UNINCORPORATED,-122.77407073974609,38.424453735351562
91490926,2021,2021-06-07,9360,2021-05-29,1830,020803,,6,2,9,4900,0,3,5,,2,006,"MEYERS GRADE RD","SMITH RIDGE ROAD",4330.00,W,N,A,-,N,,,,,,,,,,Y,3,0,1,1,A,-,08,22107,,N,A,I,A,A,H,-,A,D,0,,,,,Y,,D,22,0,1,0,0,0,0,0,0,0,"- ","- ",38.505428314208984,-123.1898193359375,SONOMA,UNINCORPORATED,,
91490968,2021,2021-06-07,9360,2021-05-29,1950,022257,,6,2,9,4900,0,1,2,,2,030,"COFFEY LN","DENNIS LN",1200.00,N,N,A,-,N,,,,,,,,,,N,4,0,1,2,A,-,03,22350,,N,D,C,A,A,H,-,A,D,0,,,Y,,Y,,C,02,0,0,1,0,0,0,0,0,1,"- ","- ",38.486518859863281,-122.74723052978516,SONOMA,UNINCORPORATED,-122.74723052978516,38.486167907714844
91491554,2021,2021-06-08,9360,2021-05-25,1450,016045,,2,2,9,4900,0,2,4,,1,042,"PETALUMA HILL RD","ROHNERT PARK EXP",25.00,N,N,A,-,N,,,,,,,,,,Y,4,0,1,2,A,-,03,22350,,N,C,C,A,A,H,-,A,A,0,,,,,Y,,A,07,0,0,1,0,0,0,0,0,0,"- ","- ",38.346229553222656,-122.66693115234375,SONOMA,UNINCORPORATED,-122.66690063476562,38.34600830078125
91491595,2021,2021-06-23,9360,2021-05-24,1218,021893,,1,1,9,4900,0,2,4,,1,044,"ADOBE RD","MONOR LANE",0.00,,Y,A,-,N,,,,,,,,,,Y,4,0,1,2,A,-,03,22350,,N,C,C,A,A,H,-,A,D,0,,,,,Y,,-,36,0,0,1,0,0,0,0,0,0,"- ","- ",38.2559814453125,-122.58618927001953,SONOMA,UNINCORPORATED,,
91491922,2021,2021-06-08,9360,2021-05-31,1100,015187,,1,1,9,4900,0,3,5,,2,003,"RIEBLI RD.","PINECROFT WAY",1056.00,S,N,A,-,N,,,,,,,,,,N,3,0,1,2,A,-,09,21801,A,N,A,G,A,A,H,-,A,D,0,,Y,,,Y,,A,01,0,1,0,0,0,0,1,0,0,"- ","- ",38.501720428466797,-122.69435119628906,SONOMA,UNINCORPORATED,-122.69624328613281,38.501651763916016
91492613,2021,2021-06-09,9360,2021-05-29,0220,020828,,6,3,9,4900,0,2,4,,1,044,"ADOBE RD W/B","CORONA RD.",648.00,W,N,A,-,N,,,,,,,,,,Y,3,0,1,1,A,-,08,22107,,N,F,A,A,A,H,-,D,D,0,,,,Y,Y,,G,55,0,1,0,0,0,0,0,0,0,"- ","- ",38.288021087646484,-122.64328002929688,SONOMA,UNINCORPORATED,-122.64129638671875,38.2869873046875
91492654,2021,2021-06-09,9360,2021-05-29,1035,016652,,6,1,9,4900,0,3,5,,2,001,"STEWARTS POINT SKAGGS-SPRINGS RD","SEWELL ROAD",12672.00,E,N,A,-,N,,,,,,,,,,Y,2,0,2,1,A,-,08,22107,,N,E,I,A,A,H,-,A,D,0,,,,,Y,,A,07,2,0,0,0,0,0,0,0,0,"- ","- ",38.678379058837891,-123.19772338867188,SONOMA,UNINCORPORATED,-123.19884490966797,38.678245544433594
91493034,2021,2021-06-09,9360,2021-05-28,2220,022370,,5,3,9,4900,0,1,2,,2,030,"US-101 N/B","FULTON RD O/C",270.00,S,N,A,-,Y,,,101,,,,,,N,Y,3,0,3,2,A,-,03,22350,,N,C,C,A,A,H,-,D,D,0,,,,,Y,,A,01,0,1,2,0,0,0,0,0,0,"- ","- ",38.506259918212891,-122.76924896240234,SONOMA,UNINCORPORATED,-122.76921844482422,38.506298065185547
91493722,2021,2021-06-10,9360,2021-05-27,1640,021445,,4,2,9,4900,0,2,4,,1,044,"S. ELY ROAD W/O BROWNS LANE","BROWNS LN",2640.00,W,N,A,-,N,,,,,,,,,,N,4,0,1,1,A,-,08,22107,,N,E,I,A,A,H,-,A,D,0,,,,,Y,,A,07,0,0,1,0,0,0,0,0,0,"- ","- ",38.233989715576172,-122.5789794921875,SONOMA,UNINCORPORATED,,
91493731,2021,2021-06-10,9360,2021-05-29,1240,021326,,6,1,9,4900,0,1,3,,1,053,"SR-116 (GRAVENSTEIN HIGHWAY)","FREDRICKS RD",120.00,E,N,A,-,Y,,,116,,,,,,,Y,3,0,1,2,A,-,09,21801,A,N,A,2,A,A,H,-,A,D,0,,,Y,,Y,,A,01,0,1,0,0,0,0,0,0,1,"- ","- ",38.373989105224609,-122.79091644287109,SONOMA,UNINCORPORATED,-122.79090118408203,38.374019622802734
91494700,2021,2021-06-11,9360,2021-05-27,2215,021904,,4,3,6,4905,0,1,2,,2,040,"US-101 NORTHBOUND","COLLEGE AVE",35.00,S,N,A,-,Y,,,101,,,,,,N,N,4,0,1,2,A,-,01,23152,A,N,C,C,A,A,H,-,C,A,0,,,,,Y,Y,D,22,0,0,1,0,0,0,0,0,0,"- ","- ",38.443130493164062,-122.72193145751953,SONOMA,"SANTA ROSA",-122.72193908691406,38.443122863769531
91495056,2021,2021-06-11,9350,2021-06-10,1536,022411,,4,2,9,4900,0,1,3,,2,137,"SR-37 E/B","LAKEVILLE HWY",860.00,E,N,A,-,Y,,,37,,,,,,E,N,4,0,1,2,A,-,03,22350,,N,C,C,A,A,H,-,A,D,0,,,,,Y,,D,22,0,0,1,0,0,0,0,0,0,"- ","- ",38.135471343994141,-122.47382354736328,SONOMA,UNINCORPORATED,-122.47383117675781,38.135486602783203
91495194,2021,2021-06-11,9360,2021-06-04,1735,021445,,5,2,9,4900,0,2,4,,1,044,"ADOBE ROAD","EAST WASHINGTON STREET",3168.00,S,N,A,-,N,,,,,,,,,,Y,3,0,1,1,A,-,01,23152,G,N,E,I,A,A,H,-,A,D,0,,,,,Y,Y,A,07,0,1,0,0,0,0,0,0,0,"- ","- ",38.263271331787109,-122.59932708740234,SONOMA,UNINCORPORATED,-122.59960174560547,38.263515472412109
91495797,2021,2021-06-14,9360,2021-05-30,1550,020803,,7,2,9,4900,0,1,3,,1,061,SR-1,"ROSSEN RD",582.00,S,N,A,-,Y,,,1,,,,,,,Y,3,0,1,1,A,-,08,22107,,N,A,I,A,A,H,-,A,D,0,,,,,Y,,A,07,0,1,0,0,0,0,0,0,0,"- ","- ",38.531501770019531,-123.26975250244141,SONOMA,UNINCORPORATED,-123.26976013183594,38.531486511230469
91495804,2021,2021-06-14,9360,2021-05-30,1820,021314,,7,2,9,4900,0,2,4,,1,044,"OLD ADOBE ROAD","CORONA ROAD",816.00,S,N,A,-,N,,,,,,,,,,Y,3,0,2,2,A,-,05,21460,A,N,B,C,A,A,H,-,A,D,0,,,,,Y,,A,01,0,2,0,0,0,0,0,0,0,"- ","- ",38.284618377685547,-122.63709259033203,SONOMA,UNINCORPORATED,-122.63713836669922,38.284656524658203
91495821,2021,2021-06-14,9360,2021-06-06,1815,020740,,7,2,6,4905,0,2,4,,1,052,"BUTLER AVE","STONY POINT ROAD",30.00,W,N,A,-,N,,,,,,,,,,Y,3,0,2,2,A,-,01,23152,A,N,A,C,A,A,H,-,A,A,0,,,,,Y,Y,A,01,0,2,0,0,0,0,0,0,0,"- ","- ",38.399211883544922,-122.74166107177734,SONOMA,"SANTA ROSA",-122.74152374267578,38.399250030517578
91496375,2021,2021-06-14,9360,2021-06-06,1410,022333,,7,2,5,4908,0,1,2,,1,060,US-101,"SR-116 (LAKEVILLE HWY)",581.00,N,N,A,-,Y,,,101,,,,,,,Y,3,0,1,2,A,-,03,22350,,N,C,C,A,A,H,-,A,D,0,,,,,Y,,A,01,0,1,0,0,0,0,0,0,0,"- ","- ",38.235088348388672,-122.61866760253906,SONOMA,PETALUMA,-122.61870574951172,38.235073089599609
91496382,2021,2021-06-14,9360,2021-06-05,1935,022333,,6,2,9,4900,0,1,3,,1,013,SR-116,"RIVERSIDE DR",1267.00,W,N,A,-,Y,,,116,,,,,,,Y,3,0,3,2,A,-,01,23152,A,N,E,I,A,A,H,-,B,D,0,,,,,Y,Y,A,07,0,3,0,0,0,0,0,0,0,"- ","- ",38.489589691162109,-123.01648712158203,SONOMA,UNINCORPORATED,-123.01650238037109,38.489589691162109
91497385,2021,2021-06-15,9325,2021-06-05,2038,021081,,6,2,9,4900,0,1,3,,1,072,"STATE ROUTE 121","NAPA ROAD",70.00,E,N,A,-,Y,,,121,,,,,,,Y,4,0,2,2,A,-,01,23152,A,N,A,C,A,A,H,-,C,A,0,,,,,Y,Y,A,01,0,0,2,0,0,0,0,0,0,"- ","- ",38.253448486328125,-122.39351654052734,SONOMA,UNINCORPORATED,-122.39352416992188,38.253459930419922
91497435,2021,2021-06-15,9360,2021-06-07,1708,018881,,1,2,9,4900,0,1,3,,1,061,SR-1,"DEER TRAIL ROAD",1056.00,N,N,A,-,Y,,,1,,,,,,,Y,4,0,2,2,A,-,05,21460,A,N,B,C,A,A,H,-,A,D,0,,,,,Y,,A,01,0,0,2,0,0,0,0,0,0,"- ","- ",38.74407958984375,-123.50244140625,SONOMA,UNINCORPORATED,-123.50241088867188,38.744140625
91497465,2021,2021-06-15,9360,2021-06-07,1803,020285,,1,2,9,4900,0,2,4,,1,024,"PETRIFIED FOREST RD","SHARP RD",31.00,E,N,A,-,N,,,,,,,,,,Y,2,0,1,1,A,-,08,22107,,N,F,J,A,A,H,-,A,D,0,,,,,Y,,A,01,1,0,0,0,0,0,0,0,0,"- ","- ",38.559860229492188,-122.62870788574219,SONOMA,UNINCORPORATED,-122.62493896484375,38.559955596923828
91497496,2021,2021-06-15,9360,2021-06-10,1632,020740,,4,2,9,4900,0,1,2,,1,060,"US-101 NORTHBOUND","KASTANIA ROAD O/C",100.00,N,N,A,-,Y,,,101,,,,,,N,N,4,0,2,2,A,-,03,22350,,N,C,C,A,A,H,-,A,D,0,,,,,Y,,A,07,0,0,2,0,0,0,0,0,0,"- ","- ",38.221080780029297,-122.60784912109375,SONOMA,UNINCORPORATED,-122.60782623291016,38.221111297607422
91497520,2021,2021-06-15,9360,2021-06-12,0855,020731,,6,1,9,4900,0,1,2,,2,040,"US-101 S/B","TODD RD O/C",2640.00,N,N,A,-,Y,,,101,,,,,,S,Y,4,0,1,2,A,-,03,22350,,M,C,C,A,A,H,-,A,D,0,,,,,Y,,A,01,0,0,1,0,0,0,0,0,0,"- ","- ",38.393310546875,-122.71627044677734,SONOMA,UNINCORPORATED,-122.71627044677734,38.393310546875
91500166,2021,2021-06-18,9360,2021-05-31,1215,021893,,1,1,9,4900,0,2,4,,1,034,"LUPINE ROAD","GUERNEVILLE ROAD",0.00,,Y,A,-,N,,,,,,,,,,Y,4,0,1,2,A,-,09,21802,A,N,D,C,A,A,H,-,A,A,0,,,,,Y,,A,01,0,0,1,0,0,0,0,0,0,"- ","- ",38.452571868896484,-122.80342102050781,SONOMA,UNINCORPORATED,-122.80335998535156,38.452537536621094
91501720,2021,2021-06-21,9360,2021-06-12,1330,022333,,6,1,9,4900,0,2,4,,1,038,"BODEGA HWY","FERGUSON RD",80.00,W,N,A,-,N,,,,,,,,,,Y,3,0,1,1,A,-,08,22107,,N,F,A,A,A,H,-,A,D,0,,,Y,,Y,,C,02,0,1,0,0,0,0,0,0,1,"- ","- ",38.396049499511719,-122.86760711669922,SONOMA,UNINCORPORATED,-122.86752319335938,38.396018981933594
91502903,2021,2021-06-22,9350,2021-06-16,1610,021520,,3,2,9,4900,0,1,3,,2,137,"SR-37 EASTBOUND","LAKEVILLE HIGHWAY",2640.00,E,N,A,-,Y,,,37,,,,,,E,N,4,0,1,2,A,-,03,22350,,N,C,C,A,A,H,-,A,D,0,,,,,Y,,A,01,0,0,1,0,0,0,0,0,0,"- ","- ",38.137798309326172,-122.47006225585938,SONOMA,UNINCORPORATED,-122.47004699707031,38.137775421142578
91503612,2021,2021-06-23,9360,2021-06-11,0930,022128,,5,1,9,4900,0,2,4,,1,032,"RIVER ROAD","TRENTON ROAD",52.00,E,N,A,-,N,,,,,,,,,,Y,4,0,1,2,A,-,03,22350,,N,C,C,A,A,H,-,A,D,0,,,,,Y,,A,01,0,0,1,0,0,0,0,0,0,"- ","- ",38.495689392089844,-122.89926910400391,SONOMA,UNINCORPORATED,-122.89916229248047,38.495624542236328
91503650,2021,2021-06-23,9360,2021-06-13,1905,020740,,7,2,6,4905,0,2,4,,1,052,"STONY POINT ROAD","SCENIC AVENUE",1000.00,N,N,A,-,N,,,,,,,,,,N,3,0,1,2,D,-,00,,,N,C,C,A,A,H,-,A,D,0,,,,,Y,,-,"- ",0,1,0,0,0,0,0,0,0,"- ","- ",38.379920959472656,-122.74156188964844,SONOMA,"SANTA ROSA",-122.74144744873047,38.3790283203125
91503843,2021,2021-06-23,9360,2021-06-14,1545,015434,,1,2,9,4900,0,2,4,,1,046,"BENNETT VALLEY RD","YULUPA AVE",1584.00,E,N,A,-,N,,,,,,,,,,Y,3,0,2,3,A,-,03,22350,,F,C,C,A,A,H,-,A,D,0,,,,,Y,,D,22,0,2,0,0,0,0,0,0,0,"- ","- ",38.414070129394531,-122.65693664550781,SONOMA,UNINCORPORATED,-122.66006469726562,38.415565490722656
91505030,2021,2021-06-24,9325,2021-06-15,0810,017538,,2,1,9,4900,0,3,5,,2,006,"W VERANO AVE","ARNOLD DR",20.00,E,N,A,-,N,,,,,,,,,,N,2,0,1,2,A,-,08,22107,,N,D,G,A,A,H,-,A,A,0,,Y,,,Y,,L,04,1,0,0,0,0,0,1,0,0,"- ","- ",38.299831390380859,-122.49233245849609,SONOMA,UNINCORPORATED,-122.49239349365234,38.299842834472656