CASE_ID,ACCIDENT_YEAR,PROC_DATE,JURIS,COLLISION_DATE,COLLISION_TIME,OFFICER_ID,REPORTING_DISTRICT,DAY_OF_WEEK,CHP_SHIFT,POPULATION,CNTY_CITY_LOC,SPECIAL_COND,BEAT_TYPE,CHP_BEAT_TYPE,CITY_DIVISION_LAPD,CHP_BEAT_CLASS,BEAT_NUMBER,PRIMARY_RD,SECONDARY_RD,DISTANCE,DIRECTION,INTERSECTION,WEATHER_1,WEATHER_2,STATE_HWY_IND,CALTRANS_COUNTY,CALTRANS_DISTRICT,STATE_ROUTE,ROUTE_SUFFIX,POSTMILE_PREFIX,POSTMILE,LOCATION_TYPE,RAMP_INTERSECTION,SIDE_OF_HWY,TOW_AWAY,COLLISION_SEVERITY,NUMBER_KILLED,NUMBER_INJURED,PARTY_COUNT,PRIMARY_COLL_FACTOR,PCF_CODE_OF_VIOL,PCF_VIOL_CATEGORY,PCF_VIOLATION,PCF_VIOL_SUBSECTION,HIT_AND_RUN,TYPE_OF_COLLISION,MVIW,PED_ACTION,ROAD_SURFACE,ROAD_COND_1,ROAD_COND_2,LIGHTING,CONTROL_DEVICE,CHP_ROAD_TYPE,PEDESTRIAN_ACCIDENT,BICYCLE_ACCIDENT,MOTORCYCLE_ACCIDENT,TRUCK_ACCIDENT,NOT_PRIVATE_PROPERTY,ALCOHOL_INVOLVED,STWD_VEHTYPE_AT_FAULT,CHP_VEHTYPE_AT_FAULT,COUNT_SEVERE_INJ,COUNT_VISIBLE_INJ,COUNT_COMPLAINT_PAIN,COUNT_PED_KILLED,COUNT_PED_INJURED,COUNT_BICYCLIST_KILLED,COUNT_BICYCLIST_INJURED,COUNT_MC_KILLED,COUNT_MC_INJURED,PRIMARY_RAMP,SECONDARY_RAMP,LATITUDE,LONGITUDE,COUNTY,CITY,POINT_X,POINT_Y
91505186,2021,2021-06-24,9360,2021-06-16,0507,020748,,3,3,5,4908,0,1,2,,1,060,"US-101 S/B","CAULFIELD LN",1300.00,N,N,A,-,Y,,,101,,,,,,S,Y,4,0,1,2,A,-,03,22350,,N,C,C,A,A,H,-,D,D,0,,,,Y,Y,,A,07,0,0,1,0,0,0,0,0,0,"- ","- ",38.241008758544922,-122.62209320068359,SONOMA,PETALUMA,-122.62202453613281,38.241046905517578
91506725,2021,2021-06-25,9360,2021-06-17,1844,020740,,4,2,5,4908,0,1,2,,1,060,"US-101 NORTHBOUND","LAKEVILLE HIGHWAY",1000.00,N,N,A,-,Y,,,101,,,,,,N,Y,3,0,1,2,A,-,01,23152,A,F,C,C,A,A,H,-,A,D,0,,,,,Y,Y,D,22,0,1,0,0,0,0,0,0,0,"- ","- ",38.235820770263672,-122.61920928955078,SONOMA,PETALUMA,-122.61911773681641,38.235870361328125
91506772,2021,2021-10-29,9360,2021-06-17,1505,021445,,4,2,9,4900,0,1,3,,1,051,"SR-12 E/B","LLANO RD",400.00,W,N,A,-,Y,,,12,,,,,,E,Y,3,0,2,3,A,-,03,22350,,N,C,C,A,A,H,-,A,D,0,,,,,Y,,-,"- ",0,1,1,0,0,0,0,0,0,"- ","- ",38.410919189453125,-122.79622650146484,SONOMA,UNINCORPORATED,-122.79624176025391,38.410945892333984
91507607,2021,2021-06-28,9360,2021-06-17,0545,013838,,4,3,6,4905,0,1,3,,1,041,SR-12,"PYTHIAN ROAD",3696.00,W,N,A,-,Y,,,,,,,,,,Y,4,0,1,2,A,-,05,21460,A,N,B,C,A,A,H,-,A,D,0,,,,,Y,,A,01,0,0,1,0,0,0,0,0,0,"- ","- ",38.262401580810547,-122.35270690917969,SONOMA,"SANTA ROSA",-122.58983612060547,38.439807891845703
91507650,2021,2021-06-28,9360,2021-06-17,1450,019083,,4,2,9,4900,0,1,3,,1,063,SR-1,"VALLEY FORD-ESTERO RD",100.00,S,N,A,-,Y,,,1,,,,,,,N,4,0,1,2,A,-,09,21801,A,N,D,C,A,A,H,-,A,D,0,,,,,Y,,D,22,0,0,1,0,0,0,0,0,0,"- ","- ",38.318008422851562,-122.92430114746094,SONOMA,UNINCORPORATED,-122.92430114746094,38.317996978759766
91508501,2021,2021-06-29,9360,2021-06-11,0815,021893,,5,1,6,4905,0,1,2,,1,060,"US-101 S/B","CORONA ROAD",100.00,S,N,A,-,Y,,,,,,,,,,N,3,0,1,1,A,-,03,22350,,N,F,A,A,A,H,-,A,D,0,,,Y,,Y,,C,02,0,1,0,0,0,0,0,0,1,"- ","- ",38.263511657714844,-122.65882873535156,SONOMA,"SANTA ROSA",-122.65650939941406,38.262248992919922
91508511,2021,2021-06-29,9360,2021-06-11,0830,021893,,5,1,9,4900,0,2,4,,1,044,"ADOBE ROAD",SR-116,0.00,,Y,A,-,N,,,,,,,,,,Y,4,0,1,2,A,-,09,21802,A,N,C,C,A,A,H,-,A,A,0,,,,Y,Y,,A,01,0,0,1,0,0,0,0,0,0,"- ","- ",38.236358642578125,-122.52684020996094,SONOMA,UNINCORPORATED,-122.52658843994141,38.236194610595703
91508851,2021,2021-06-29,9360,2021-06-20,1840,021314,,7,2,9,4900,0,1,2,,1,010,"US 101 S/B","CHIQUITA ROAD",265.00,N,N,A,-,Y,,,,,,,,,,Y,2,0,1,2,A,-,07,21658,A,N,B,C,A,A,H,-,A,D,0,,,,,Y,,A,01,1,0,0,0,0,0,0,0,0,"- ","- ",38.636539459228516,-122.87757110595703,SONOMA,UNINCORPORATED,-122.87798309326172,38.630325317382812
91509512,2021,2021-06-30,9360,2021-06-21,1620,016045,,1,2,9,4900,0,1,2,,2,050,"US 101 NB","GOLF COURSE DR U/C",20.00,N,N,A,-,Y,,,,,,,,,,N,4,0,2,2,A,-,07,21658,A,N,B,C,A,A,H,-,A,D,0,,,,,Y,,A,07,0,0,2,0,0,0,0,0,0,"- ","- ",38.363739013671875,-122.71246337890625,SONOMA,UNINCORPORATED,-122.71282196044922,38.362014770507812
91509540,2021,2021-06-30,9360,2021-06-01,1940,019359,,2,2,9,4900,0,3,5,,2,001,"STEWARTS POINT-SKAGGS SPRINGS RD","WARM SPRINGS RANCH",11616.00,E,N,A,-,N,,,,,,,,,,Y,2,0,1,1,A,-,08,22107,,N,E,I,A,A,H,-,A,D,0,,,Y,,Y,,C,02,1,0,0,0,0,0,0,0,1,"- ","- ",38.670879364013672,-123.04418182373047,SONOMA,UNINCORPORATED,,
91509583,2021,2021-06-30,9360,2021-06-21,1425,021195,,1,2,9,4900,0,2,4,,1,032,"RIVER ROAD","SUNSET AVENUE",120.00,E,N,A,-,N,,,,,,,,,,Y,4,0,1,1,A,-,01,23152,F,N,E,I,A,A,H,-,A,D,0,,,,,Y,,A,01,0,0,1,0,0,0,0,0,0,"- ","- ",38.506488800048828,-122.93049621582031,SONOMA,UNINCORPORATED,-122.93060302734375,38.506359100341797
91509589,2021,2021-06-30,9325,2021-06-22,1250,017538,,2,1,9,4900,0,1,3,,1,063,"W. VERANO AVE.",SR-12,200.00,E,N,A,-,N,,,,,,,,,,N,4,0,1,2,A,-,08,22107,,N,D,G,A,A,H,-,A,A,0,,Y,,,Y,,D,22,0,0,1,0,0,0,1,0,0,"- ","- ",38.302841186523438,-122.47573852539062,SONOMA,UNINCORPORATED,-122.47536468505859,38.302707672119141
91510849,2021,2021-07-01,9360,2021-06-24,1625,019359,,4,2,9,4900,0,1,3,,1,021,SR-128,"DRY CREEK RANCH",0.00,,Y,A,-,Y,,,128,,,,,,,Y,4,0,1,2,A,-,09,21800,A,N,D,C,A,A,H,-,A,A,0,,,,,Y,,A,07,0,0,1,0,0,0,0,0,0,"- ","- ",38.695991516113281,-122.85832977294922,SONOMA,UNINCORPORATED,-122.85832977294922,38.695991516113281
91512079,2021,2021-07-02,9325,2021-06-25,0930,019590,,5,1,9,4900,0,3,5,,2,006,"1890 ARNOLD DRIVE","NORTH OF VERANO AVENUE",160.00,N,N,A,-,N,,,,,,,,,,N,2,0,1,2,B,-,22,,,N,D,E,A,A,H,-,A,D,0,,Y,,,Y,,L,04,1,0,0,0,0,0,1,0,0,"- ","- ",38.300628662109375,-122.49313354492188,SONOMA,UNINCORPORATED,-122.49266815185547,38.300228118896484
91513249,2021,2021-07-06,9360,2021-06-19,1345,022333,,6,1,2,4906,0,3,5,,2,003,"MILL STATION RD","RAGLE RD",580.00,E,N,A,-,N,,,,,,,,,,Y,2,0,2,2,A,-,08,22107,,N,E,I,E,A,H,-,A,D,0,Y,,,,Y,,A,01,1,1,0,0,1,0,0,0,0,"- ","- ",38.410881042480469,-122.84958648681641,SONOMA,SEBASTOPOL,-122.84553527832031,38.411647796630859
91514348,2021,2021-07-07,9360,2021-06-26,2325,021567,,6,3,5,4908,0,1,2,,1,060,"US-101 NB","PETALUMA BLVD NORTH",1800.00,S,N,A,-,Y,,,101,,,,,,N,Y,2,0,3,6,A,-,08,22107,,N,G,4,E,A,H,-,D,D,0,Y,,,,Y,,A,07,2,0,1,0,3,0,0,0,0,"- ","- ",38.268440246582031,-122.66529083251953,SONOMA,PETALUMA,-122.66532897949219,38.268398284912109
91514350,2021,2021-07-07,9360,2021-06-26,2335,021458,,6,3,9,4900,0,1,3,,1,053,"STONY POINT RD","TODD RD",1250.00,S,N,A,-,N,,,,,,,,,,Y,4,0,1,2,A,-,03,22350,,N,C,C,A,A,H,-,D,D,0,,,,,Y,,A,07,0,0,1,0,0,0,0,0,0,"- ","- ",38.381938934326172,-122.74159240722656,SONOMA,UNINCORPORATED,-122.74156951904297,38.383705139160156
91514351,2021,2021-07-07,9360,2021-06-28,1700,016045,,1,2,2,4902,0,1,2,,2,050,"US-101 N/B","SR-116 U/C",500.00,N,N,A,-,Y,,,101,,,,,,N,N,4,0,2,3,A,-,07,21658,A,N,B,C,A,A,H,-,A,D,0,,,,,Y,,D,22,0,0,2,0,0,0,0,0,0,"- ","- ",38.334911346435547,-122.7127685546875,SONOMA,COTATI,-122.71272277832031,38.334911346435547
91514357,2021,2021-07-07,9360,2021-06-28,2230,021567,,1,3,5,4908,0,1,2,,1,060,"US-101 SOUTHBOUND","EAST WASHINGTON",400.00,N,N,A,-,Y,,,101,,,,,,S,Y,3,0,3,3,A,-,01,23152,A,F,C,C,D,A,D,-,C,D,0,Y,,,,Y,Y,D,22,0,2,1,0,1,0,0,0,0,"- ","- ",38.247821807861328,-122.62991333007812,SONOMA,PETALUMA,-122.6298828125,38.247875213623047
91515703,2021,2021-07-08,9360,2021-06-30,1950,018828,,3,2,9,4900,0,3,5,,2,003,"EASTSIDE ROAD","WINDSOR RIVER ROAD",5280.00,S,N,A,-,N,,,,,,,,,,Y,3,0,1,2,A,-,05,21460,A,M,F,A,A,A,H,-,A,D,0,,,Y,,Y,,-,99,0,1,0,0,0,0,0,0,1,"- ","- ",38.532730102539062,-122.84870147705078,SONOMA,UNINCORPORATED,-122.848388671875,38.533363342285156
91515980,2021,2021-07-08,9350,2021-07-03,1818,022066,,6,2,9,4900,0,1,3,,2,237,"SR-37 E/B","NOBLE RD",1584.00,W,N,A,-,Y,,,37,,,,,,E,Y,4,0,1,2,A,-,03,22350,,N,C,C,A,A,H,-,A,D,0,,,,,Y,,D,22,0,0,1,0,0,0,0,0,0,"- ","- ",38.154228210449219,-122.42816162109375,SONOMA,UNINCORPORATED,-122.42816162109375,38.154254913330078
91519126,2021,2021-07-13,9360,2021-07-02,1642,018828,,5,2,9,4900,0,3,5,,2,005,"LUDWIG AVE","LLANO ROAD",194.00,E,N,A,-,N,,,,,,,,,,Y,3,0,1,1,A,-,08,22107,,N,E,I,A,A,H,-,A,D,0,,,,,Y,,A,07,0,1,0,0,0,0,0,0,0,"- ","- ",38.397548675537109,-122.78211975097656,SONOMA,UNINCORPORATED,-122.78224945068359,38.397529602050781
91519753,2021,2021-07-14,9360,2021-07-01,1730,022370,,4,2,9,4900,0,3,5,,2,004,"PRESSLEY RD","CRYSTAL LAKE RANCH RD",200.00,N,N,A,-,N,,,,,,,,,,Y,2,0,1,1,C,-,18,,,N,F,A,A,A,G,-,A,D,0,,,Y,,Y,,-,"- ",1,0,0,0,0,0,0,0,1,"- ","- ",38.355140686035156,-122.63686370849609,SONOMA,UNINCORPORATED,-122.63684844970703,38.355026245117188
91520399,2021,2021-07-14,9360,2021-07-02,1824,020266,,5,2,9,4900,0,1,3,,1,021,"SR-128 E/B","DRY CREEK RANCH",4224.00,W,N,A,-,Y,,,,,,,,,,Y,3,0,1,2,A,-,05,21460,A,N,D,C,A,A,H,-,A,D,0,,,Y,,Y,,C,02,0,1,0,0,0,0,0,0,1,"- ","- ",,,SONOMA,UNINCORPORATED,-122.80551147460938,38.538990020751953
91520430,2021,2021-07-14,9360,2021-07-06,1125,021314,,2,1,9,4900,0,3,5,,2,003,"APPLE BLOSSOM LANE",SR-116,12.00,E,N,A,-,N,,,,,,,,,,N,3,0,1,2,A,-,09,21804,A,N,D,G,A,A,H,-,A,D,0,,Y,,,Y,,D,22,0,1,0,0,0,0,1,0,0,"- ","- ",38.415409088134766,-122.84525299072266,SONOMA,UNINCORPORATED,-122.84534454345703,38.41534423828125
91520842,2021,2021-07-15,9360,2021-07-07,1325,016045,,3,1,9,4900,0,1,3,,1,053,SR-116,"LONE PINE RD",100.00,E,N,A,-,Y,,,116,,,,,,,Y,4,0,1,2,A,-,03,22350,,N,C,C,A,A,H,-,A,D,0,,,,,Y,,A,01,0,0,1,0,0,0,0,0,0,"- ","- ",38.364959716796875,-122.78095245361328,SONOMA,UNINCORPORATED,-122.78096771240234,38.364936828613281
91521427,2021,2021-07-15,9360,2021-07-07,1025,020225,,3,1,9,4900,0,1,2,,2,030,"US-101 S/B","FULTON RD",338.00,N,N,A,-,Y,,,101,,,,,,S,Y,4,0,1,1,A,-,08,22107,,N,E,I,A,A,H,-,A,D,0,,,,,Y,,A,07,0,0,1,0,0,0,0,0,0,"- ","- ",38.507408142089844,-122.77078247070312,SONOMA,UNINCORPORATED,-122.77084350585938,38.507331848144531
91522976,2021,2021-07-19,9325,2021-07-08,1410,022538,,4,2,9,4900,0,1,3,,1,063,SR-12,"TRINITY RD",900.00,W,N,A,-,Y,,,12,,,,,,,Y,3,0,2,3,A,-,08,22107,,N,D,C,A,A,H,-,A,D,0,,,,,Y,,A,08,0,2,0,0,0,0,0,0,0,"- ","- ",38.37725830078125,-122.51323699951172,SONOMA,UNINCORPORATED,-122.51323699951172,38.377262115478516
91523008,2021,2021-07-19,9360,2021-06-27,1430,019083,,7,2,9,4900,0,2,4,,1,054,"VALLEY FORD RD","CARROLL RD",290.00,W,N,A,B,N,,,,,,,,,,Y,2,0,1,1,A,-,03,22350,,N,F,A,A,A,H,-,A,D,0,,,Y,,Y,,C,02,1,0,0,0,0,0,0,0,1,"- ","- ",38.313331604003906,-122.88008880615234,SONOMA,UNINCORPORATED,-122.88005828857422,38.313369750976562
91523236,2021,2021-07-19,9360,2021-07-04,1555,020803,,7,2,9,4900,0,1,3,,1,061,SR-1,"MEYERS GRADE ROAD",16896.00,N,N,A,-,Y,,,1,,,,,,,Y,3,0,1,1,A,-,08,22107,,N,E,I,A,A,H,-,A,D,0,,,,,Y,,A,01,0,1,0,0,0,0,0,0,0,"- ","- ",38.500968933105469,-123.20748901367188,SONOMA,UNINCORPORATED,-123.20753479003906,38.500999450683594
91523252,2021,2021-07-19,9360,2021-07-05,1830,022128,,1,2,6,4905,0,1,3,,1,051,"SR-12 W/B","DUTTON AVE UNDER CROSSING",1690.00,E,N,A,-,Y,,,12,,,,,,W,N,3,0,1,1,A,-,01,23152,A,N,E,I,A,A,H,-,A,D,0,,,,,Y,Y,A,01,0,1,0,0,0,0,0,0,0,"- ","- ",38.431411743164062,-122.71582794189453,SONOMA,"SANTA ROSA",-122.71583557128906,38.431396484375
91523297,2021,2021-07-19,9360,2021-07-07,0018,020853,,3,3,6,4905,0,1,2,,2,040,"US-101 SB TO HEARN AVENUE","HEARN AVENUE",320.00,S,N,A,-,Y,,,101,,,,R,,S,Y,4,0,1,1,A,-,01,23152,A,N,E,8,A,A,H,-,C,D,0,,,,,Y,Y,A,01,0,0,1,0,0,0,0,0,0,"- ","- ",38.413520812988281,-122.71652221679688,SONOMA,"SANTA ROSA",-122.71652221679688,38.413520812988281
91523513,2021,2021-07-19,9360,2021-07-17,1035,021456,,6,1,9,4900,0,2,4,,1,022,"OLD REDWOOD HWY","URSULINE RD",200.00,S,N,A,-,N,,,,,,,,,,N,3,0,2,2,B,-,22,,,N,B,G,A,A,H,-,A,D,0,,Y,,,Y,,L,04,0,2,0,0,0,0,2,0,0,"- ","- ",38.491729736328125,-122.74152374267578,SONOMA,UNINCORPORATED,-122.74151611328125,38.491683959960938
91524129,2021,2021-07-20,9360,2021-07-10,1005,022333,,6,1,3,4903,0,1,2,,2,020,"US-101 S/B","WESTSIDE RD",100.00,N,N,A,-,Y,,,101,,,,,,S,Y,3,0,2,2,A,-,08,22107,,N,E,I,A,A,H,-,A,D,0,,,,,Y,,A,01,0,2,0,0,0,0,0,0,0,"- ","- ",38.607368469238281,-122.8731689453125,SONOMA,HEALDSBURG,-122.87320709228516,38.607334136962891
91524533,2021,2021-07-20,9360,2021-07-12,1735,019359,,1,2,6,4905,0,1,2,,2,030,"US-101 S/B","STEELE LANE",400.00,N,N,A,-,Y,,,101,,,,,,S,Y,4,0,1,2,A,-,03,22350,,N,C,C,A,A,H,-,A,D,0,,,,,Y,,A,07,0,0,1,0,0,0,0,0,0,"- ","- ",38.465221405029297,-122.72724914550781,SONOMA,"SANTA ROSA",-122.72724151611328,38.465221405029297
91524836,2021,2021-07-20,9360,2021-05-29,1500,021456,,6,2,9,4900,0,1,2,,2,050,"US-101 SOUTHBOUND (PEPPER ROAD ON-RAMP)","PEPPER ROAD",621.00,S,N,A,-,Y,,,101,,,,,,S,Y,4,0,2,2,B,-,22,,,N,B,C,A,A,H,-,A,D,0,,,,,Y,,J,48,0,0,2,0,0,0,0,0,0,"- ","- ",38.283870697021484,-122.68567657470703,SONOMA,UNINCORPORATED,-122.68560791015625,38.283962249755859
91525299,2021,2021-07-21,9360,2021-07-14,0129,020853,,3,3,9,4900,0,1,3,,1,041,SR-12,"HOFF ROAD",835.00,E,N,A,-,N,,,12,,,,,,,Y,3,0,1,1,A,-,08,22107,,N,F,A,A,A,H,-,D,D,0,,,,,Y,,A,01,0,1,0,0,0,0,0,0,0,"- ","- ",38.426780700683594,-122.55879974365234,SONOMA,UNINCORPORATED,-122.55875396728516,38.426830291748047
91525472,2021,2021-07-21,9360,2021-07-15,1135,020386,,4,1,5,4908,0,1,2,,1,060,"US-101 N/B","SR-116 (LAKEVILLE HWY)",1056.00,S,N,A,-,Y,,,101,,,,,,N,Y,4,0,1,2,A,-,03,22350,,N,C,C,A,A,H,-,A,D,0,,,,,Y,,A,01,0,0,1,0,0,0,0,0,0,"- ","- ",38.229888916015625,-122.61608123779297,SONOMA,PETALUMA,-122.61608123779297,38.229888916015625
91525637,2021,2021-07-21,9360,2021-07-13,1855,016045,,2,2,9,4900,0,2,4,,1,042,"PETALUMA HILL RD","TERRA BELLA VISTA WAY",100.00,S,N,A,-,N,,,,,,,,,,Y,2,0,1,1,A,-,01,23152,G,N,E,I,A,A,H,-,A,A,0,,,Y,,Y,Y,C,02,1,0,0,0,0,0,0,0,1,"- ","- ",38,-122,SONOMA,UNINCORPORATED,-122.66739654541016,38.372222900390625
91525651,2021,2021-07-21,9360,2021-07-13,1730,016045,,2,2,9,4900,0,1,2,,2,050,"US 101 N/B","GOLF COURSE DR U/C",50.00,S,N,A,-,Y,,,,,,,,,,Y,4,0,1,3,A,-,03,22350,,N,C,C,A,A,H,-,A,D,0,,,,,Y,,A,07,0,0,1,0,0,0,0,0,0,"- ","- ",38.362819671630859,-122.71270751953125,SONOMA,UNINCORPORATED,-122.71282958984375,38.361961364746094
91525690,2021,2021-07-21,9360,2021-07-15,1540,016045,,4,2,9,4900,0,3,5,,2,004,"MAIN ST","WOODWARD AVE",100.00,S,N,A,-,N,,,,,,,,,,Y,4,0,1,4,A,-,03,22350,,N,C,C,A,A,H,-,A,A,0,,,,,Y,,A,07,0,0,1,0,0,0,0,0,0,"- ","- ",38.296810150146484,-122.66648864746094,SONOMA,UNINCORPORATED,-122.66645050048828,38.296943664550781
91525714,2021,2021-07-21,9360,2021-07-16,1420,022257,,5,2,9,4900,0,2,4,,1,024,"PETRIFIED FOREST RD","SHARP ROAD",200.00,N,N,A,-,N,,,,,,,,,,Y,3,0,1,2,A,-,03,22350,,N,C,C,A,A,H,-,A,D,0,,,,,Y,,A,01,0,1,0,0,0,0,0,0,0,"- ","- ",38.561389923095703,-122.62386322021484,SONOMA,UNINCORPORATED,-122.62443542480469,38.560188293457031
91526247,2021,2021-07-22,9360,2021-07-18,1128,021314,,7,1,9,4900,0,1,3,,1,021,"STATE ROUTE 128","PINE FLAT ROAD",3.00,W,N,A,-,Y,,,128,,,,,,,Y,2,0,1,1,A,-,08,22107,,N,F,A,A,A,B,-,A,D,0,,,Y,,Y,,C,02,1,0,0,0,0,0,0,0,1,"- ","- ",38.671619415283203,-122.81317138671875,SONOMA,UNINCORPORATED,-122.81316375732422,38.671607971191406
91526769,2021,2021-07-22,9360,2021-07-15,0650,021445,,4,1,9,4900,0,2,4,,1,024,"CALISTOGA RD","SKINNER ROAD",800.00,S,N,B,-,N,,,,,,,,,,N,3,0,1,1,A,-,08,22107,,N,E,I,A,A,H,-,A,D,0,,,,,Y,,E,22,0,1,0,0,0,0,0,0,0,"- ","- ",38.508491516113281,-122.65229797363281,SONOMA,UNINCORPORATED,-122.65224456787109,38.508392333984375
91528674,2021,2021-07-26,9360,2021-07-17,1115,020731,,6,1,9,4900,0,2,4,,1,057,"PETALUMA BLVD NORTH","TROUDY LANE",208.00,S,N,A,-,N,,,,,,,,,,Y,4,0,3,2,A,-,01,23153,F,F,D,C,A,A,H,-,A,D,0,,,,,Y,,A,01,0,0,3,0,0,0,0,0,0,"- ","- ",38.263401031494141,-122.66722106933594,SONOMA,UNINCORPORATED,-122.66719055175781,38.263355255126953
91529087,2021,2021-07-26,9360,2021-05-12,1756,020266,,3,2,9,4900,0,3,5,,2,003,"HIGH SCHOOL ROAD","E HURLBUT AVENUE",1848.00,N,N,A,-,N,,,,,,,,,,Y,1,1,2,3,A,-,01,23152,A,N,C,G,A,A,H,-,A,D,0,,Y,,,Y,Y,D,22,2,0,0,0,0,1,1,0,0,"- ","- ",38.418300628662109,-122.82808685302734,SONOMA,UNINCORPORATED,-122.82789611816406,38.417728424072266
91530124,2021,2021-07-27,9360,2021-07-22,1735,016045,,4,2,9,4900,0,1,2,,1,060,"US 101 NB","PETALUMA BLVD NORTH O/C",650.00,S,N,A,-,Y,,,,,,,,,,N,4,0,1,3,A,-,03,22350,,N,C,C,A,A,D,-,A,D,0,,,,,Y,,D,22,0,0,1,0,0,0,0,0,0,"- ","- ",,,SONOMA,UNINCORPORATED,-122.66848754882812,38.271011352539062
91530354,2021,2021-07-28,9360,2021-07-24,1615,020803,,6,2,9,4900,0,1,3,,1,061,SR-1,"FORT ROSS ROAD",7075.00,N,N,A,-,Y,,,1,,,,,,,Y,3,0,1,1,A,-,08,22107,,N,E,I,A,A,H,-,A,D,0,,,Y,,Y,,C,02,0,1,0,0,0,0,0,0,1,"- ","- ",38.524559020996094,-123.26461029052734,SONOMA,UNINCORPORATED,-123.26463317871094,38.52459716796875
91530914,2021,2021-07-28,9350,2021-07-18,1638,022300,,7,2,9,4900,0,1,3,,2,137,SR-37,SR-121,0.00,,Y,A,-,Y,,,37,,,,,,,Y,3,0,1,3,A,-,03,22350,,N,C,C,A,A,H,-,A,D,0,,,,,Y,,A,01,0,1,0,0,0,0,0,0,0,"- ","- ",38.150840759277344,-122.44940948486328,SONOMA,UNINCORPORATED,-122.44939422607422,38.150810241699219
91530933,2021,2021-07-28,9325,2021-07-21,1545,021083,,3,2,9,4900,0,1,3,,1,063,SR-12,"AURORA LN",528.00,W,N,A,-,Y,,,12,,,,,,,Y,3,0,1,1,A,-,08,22107,,N,E,I,A,A,H,-,A,D,0,,,,,Y,,A,01,0,1,0,0,0,0,0,0,0,"- ","- ",38.364540100097656,-122.51016235351562,SONOMA,UNINCORPORATED,-122.51016235351562,38.364536285400391
91530961,2021,2021-07-28,9360,2021-07-26,1510,020285,,1,2,9,4900,0,2,4,,1,024,"PORTER CREEK RD","FRANZ VALLEY RD",1584.00,E,N,A,-,N,,,,,,,,,,Y,2,0,1,1,A,-,08,22107,,N,E,I,A,A,H,-,A,D,0,,,,,Y,,A,07,1,0,0,0,0,0,0,0,0,"- ","- ",38.558441162109375,-122.6900634765625,SONOMA,UNINCORPORATED,-122.68986511230469,38.558326721191406
91531098,2021,2021-07-28,9350,2021-07-20,1605,021266,,2,2,9,4900,0,1,3,,2,137,"STATE ROUTE 37 EASTBOUND","LAKEVILLE HIGHWAY",2640.00,E,N,A,-,Y,,,37,,,,,,E,N,4,0,1,2,A,-,03,22350,,N,C,C,A,A,H,-,A,D,0,,,,,Y,,A,01,0,0,1,0,0,0,0,0,0,"- ","- ",38.138759613037109,-122.4683837890625,SONOMA,UNINCORPORATED,-122.46839141845703,38.138774871826172
91532002,2021,2021-07-29,9350,2021-07-27,1400,021719,,2,2,9,4900,0,1,3,,2,037,"SR-37 W/B","LAKEVILLE HIGHWAY",1000.00,E,N,A,-,Y,,,37,,,,,,W,Y,3,0,1,2,A,-,03,22350,,N,C,C,A,A,H,-,A,D,0,,,,,Y,,A,01,0,1,0,0,0,0,0,0,0,"- ","- ",38.135860443115234,-122.47358703613281,SONOMA,UNINCORPORATED,-122.47359466552734,38.135871887207031
91534882,2021,2021-08-02,9350,2021-06-09,1855,021485,,3,2,9,4900,0,1,3,,2,237,"SR-37 E/B",SR-121,11194.00,E,N,A,-,Y,,,37,,,,,,E,Y,1,1,1,4,A,-,03,22350,,N,C,C,A,A,H,-,A,D,0,,,Y,,Y,,A,08,0,0,1,0,0,0,0,1,0,"- ","- ",38.155708312988281,-122.4127197265625,SONOMA,UNINCORPORATED,-122.41272735595703,38.155750274658203
91535096,2021,2021-08-02,9360,2021-07-29,1550,020285,,4,2,9,4900,0,1,3,,1,041,SR-12,"OAKMONT DR",2112.00,W,N,A,-,Y,,,12,,,,,,,Y,4,0,1,3,A,-,03,22350,,N,C,C,A,A,H,-,A,D,0,,,,,Y,,A,01,0,0,1,0,0,0,0,0,0,"- ","- ",38.44866943359375,-122.61160278320312,SONOMA,UNINCORPORATED,-122.61172485351562,38.448402404785156
91535417,2021,2021-08-03,9360,2021-07-22,1433,019366,,4,2,9,4900,0,3,5,,2,003,"HARRISON GRADE ROAD","GREEN VALLEY ROAD",4224.00,N,N,A,-,N,,,,,,,,,,Y,4,0,1,3,D,-,00,,,N,B,C,A,A,H,-,A,D,0,,,,,Y,,-,"- ",0,0,1,0,0,0,0,0,0,"- ","- ",38.441410064697266,-122.92936706542969,SONOMA,UNINCORPORATED,-122.92575836181641,38.447589874267578
91535418,2021,2021-08-03,9360,2021-07-30,0800,020386,,5,1,5,4908,0,1,2,,1,060,"US-101 N/B","CAULFIELD LN",465.00,S,N,A,-,Y,,,101,,,,,,N,Y,4,0,1,2,A,-,03,22350,,N,C,9,A,A,H,-,A,D,0,,,,,Y,,A,01,0,0,1,0,0,0,0,0,0,"- ","- ",38.236518859863281,-122.61933135986328,SONOMA,PETALUMA,-122.61943054199219,38.236469268798828