CASE_ID,ACCIDENT_YEAR,PROC_DATE,JURIS,COLLISION_DATE,COLLISION_TIME,OFFICER_ID,REPORTING_DISTRICT,DAY_OF_WEEK,CHP_SHIFT,POPULATION,CNTY_CITY_LOC,SPECIAL_COND,BEAT_TYPE,CHP_BEAT_TYPE,CITY_DIVISION_LAPD,CHP_BEAT_CLASS,BEAT_NUMBER,PRIMARY_RD,SECONDARY_RD,DISTANCE,DIRECTION,INTERSECTION,WEATHER_1,WEATHER_2,STATE_HWY_IND,CALTRANS_COUNTY,CALTRANS_DISTRICT,STATE_ROUTE,ROUTE_SUFFIX,POSTMILE_PREFIX,POSTMILE,LOCATION_TYPE,RAMP_INTERSECTION,SIDE_OF_HWY,TOW_AWAY,COLLISION_SEVERITY,NUMBER_KILLED,NUMBER_INJURED,PARTY_COUNT,PRIMARY_COLL_FACTOR,PCF_CODE_OF_VIOL,PCF_VIOL_CATEGORY,PCF_VIOLATION,PCF_VIOL_SUBSECTION,HIT_AND_RUN,TYPE_OF_COLLISION,MVIW,PED_ACTION,ROAD_SURFACE,ROAD_COND_1,ROAD_COND_2,LIGHTING,CONTROL_DEVICE,CHP_ROAD_TYPE,PEDESTRIAN_ACCIDENT,BICYCLE_ACCIDENT,MOTORCYCLE_ACCIDENT,TRUCK_ACCIDENT,NOT_PRIVATE_PROPERTY,ALCOHOL_INVOLVED,STWD_VEHTYPE_AT_FAULT,CHP_VEHTYPE_AT_FAULT,COUNT_SEVERE_INJ,COUNT_VISIBLE_INJ,COUNT_COMPLAINT_PAIN,COUNT_PED_KILLED,COUNT_PED_INJURED,COUNT_BICYCLIST_KILLED,COUNT_BICYCLIST_INJURED,COUNT_MC_KILLED,COUNT_MC_INJURED,PRIMARY_RAMP,SECONDARY_RAMP,LATITUDE,LONGITUDE,COUNTY,CITY,POINT_X,POINT_Y
91535514,2021,2021-08-03,9360,2021-07-31,2245,021187,,6,3,9,4900,0,2,4,,1,044,"OLD ADOBE RD","MATSONS LN",5.00,W,N,A,-,N,,,,,,,,,,N,4,0,1,1,A,-,08,22107,,N,E,I,A,A,G,-,D,D,0,,,Y,,Y,,C,02,0,0,1,0,0,0,0,0,1,"- ","- ",38.299789428710938,-122.67089080810547,SONOMA,UNINCORPORATED,-122.67070007324219,38.299781799316406
91535599,2021,2021-08-03,9360,2021-07-17,1727,022370,,6,2,9,4900,0,3,5,,2,003,"MARK WEST STATION RD","TRENTON-HEALDSBURG RD",3696.00,E,N,A,-,N,,,,,,,,,,Y,3,0,1,1,A,-,08,22107,,N,E,I,A,A,H,-,A,D,0,,,Y,,Y,Y,C,02,0,1,0,0,0,0,0,0,1,"- ","- ",38.507438659667969,-122.84768676757812,SONOMA,UNINCORPORATED,-122.84870910644531,38.506462097167969
91535659,2021,2021-08-03,9325,2021-07-24,2103,021109,,6,2,9,4900,0,3,5,,2,006,"W. VERANO AVE","WILLOW STREET",0.00,,Y,A,-,N,,,,,,,,,,N,3,0,1,2,A,-,05,21650,,N,D,G,A,A,H,-,B,D,0,,Y,,,Y,,L,04,0,1,0,0,0,0,1,0,0,"- ","- ",38.302181243896484,-122.48551940917969,SONOMA,UNINCORPORATED,-122.48555755615234,38.302207946777344
91535695,2021,2021-08-03,9325,2021-07-24,2235,021081,,6,3,9,4900,0,3,5,,2,005,SR-116,"BONNESS RD",10.00,W,N,A,-,Y,,,116,,,,,,,Y,3,0,1,2,A,-,03,22350,,N,C,C,A,A,H,-,C,D,0,,,,,Y,,D,22,0,1,0,0,0,0,0,0,0,"- ","- ",38.253631591796875,-122.48513031005859,SONOMA,UNINCORPORATED,-122.48513031005859,38.253620147705078
91536096,2021,2021-08-03,9360,2021-08-02,1620,020285,,1,2,9,4900,0,2,4,,1,024,"MARK WEST SPRINGS RD","URSULINE RD",1056.00,E,N,A,-,N,,,,,,,,,,Y,4,0,3,3,A,-,03,22350,,N,C,C,A,A,H,-,A,D,0,,,,,Y,,D,22,0,0,3,0,0,0,0,0,0,"- ","- ",38.501850128173828,-122.73779296875,SONOMA,UNINCORPORATED,-122.73779296875,38.501743316650391
91537241,2021,2021-08-05,9350,2021-07-30,1230,021586,,5,1,9,4900,0,1,3,,2,137,"SR37 E/B",SR-121,550.00,W,N,A,-,Y,,,37,,,,,,E,N,4,0,1,2,A,-,03,22350,,M,C,C,A,A,H,-,A,D,0,,,,,Y,,-,99,0,0,1,0,0,0,0,0,0,"- ","- ",38.149929046630859,-122.45097351074219,SONOMA,UNINCORPORATED,-122.45098876953125,38.149955749511719
91537260,2021,2021-08-13,9325,2021-07-27,0015,019067,,2,3,9,4900,0,3,5,,2,005,"SR-12 (BROADWAY)","WATMAUGH ROAD",1056.00,S,N,A,-,Y,,,12,,,,,,,N,2,0,1,1,A,-,08,22107,,M,E,I,A,A,H,-,D,D,0,,,,,Y,,D,22,1,0,0,0,0,0,0,0,0,"- ","- ",38.262020111083984,-122.46183776855469,SONOMA,UNINCORPORATED,-122.46174621582031,38.262252807617188
91537283,2021,2021-08-05,9360,2021-08-03,0430,020828,,2,3,9,4900,0,2,4,,1,047,"LAKEVILLE RD","OLD LAKEVILLE ROAD NO 1",600.00,S,N,A,-,N,,,,,,,,,,Y,4,0,1,1,A,-,08,22107,,N,F,I,A,A,H,-,D,D,0,,,,,Y,,A,01,0,0,1,0,0,0,0,0,0,"- ","- ",38.201591491699219,-122.54759979248047,SONOMA,UNINCORPORATED,-122.54751586914062,38.201610565185547
91538706,2021,2021-08-06,9325,2021-07-26,0925,015796,,1,1,9,4900,0,3,5,,2,005,"TEMELEC CIR","ALMERIA DR",0.00,,Y,B,-,N,,,,,,,,,,N,3,0,1,2,A,-,09,21800,A,N,D,G,A,A,H,-,A,A,0,,Y,,,Y,,A,07,0,1,0,0,0,0,1,0,0,"- ","- ",,,SONOMA,UNINCORPORATED,-122.49105834960938,38.267784118652344
91538711,2021,2021-08-06,9360,2021-08-02,1230,015812,,1,1,9,4900,0,2,4,,1,024,"MARK WEST SPRINGS ROAD","URSULINE ROAD",700.00,E,N,A,-,N,,,,,,,,,,N,4,0,1,2,A,-,03,22350,,N,C,C,A,A,H,-,A,A,0,,,,,Y,,A,01,0,0,1,0,0,0,0,0,0,"- ","- ",38.500709533691406,-122.73954772949219,SONOMA,UNINCORPORATED,-122.73877716064453,38.501148223876953
91538727,2021,2021-08-06,9325,2021-07-28,1845,021083,,3,2,9,4900,0,1,3,,1,063,SR-12,"TRINITY RD",500.00,W,N,A,-,Y,,,12,,,,,,,Y,3,0,2,2,A,-,05,21460,A,N,B,C,A,A,H,-,A,D,0,,,,,Y,Y,A,07,0,2,0,0,0,0,0,0,0,"- ","- ",38.378288269042969,-122.51355743408203,SONOMA,UNINCORPORATED,-122.51364898681641,38.378238677978516
91541058,2021,2021-08-10,9360,2021-04-23,2105,020803,,5,2,9,4900,0,1,3,,1,063,SR-1,"SMITH BROTHERS ROAD",1270.00,N,N,A,-,Y,,,1,,,,,,,Y,2,0,3,2,A,-,05,21460,A,F,A,C,A,A,H,-,D,D,0,,,,,Y,,D,22,2,0,1,0,0,0,0,0,0,"- ","- ",38.328170776367188,-123.04290008544922,SONOMA,UNINCORPORATED,-123.04290008544922,38.328166961669922
91541769,2021,2021-08-10,9360,2021-08-03,1735,019359,,2,2,9,4900,0,1,2,,2,020,"US-101 S/B","LYTTON SPRINGS RD",2376.00,S,N,A,-,Y,,,101,,,,,,S,Y,3,0,2,1,A,-,08,22107,,N,E,I,A,A,H,-,A,D,0,,,,,Y,,D,22,0,2,0,0,0,0,0,0,0,"- ","- ",38.653968811035156,-122.87187957763672,SONOMA,UNINCORPORATED,-122.87197875976562,38.653938293457031
91541782,2021,2021-08-10,9360,2021-06-08,0710,013838,,2,1,9,4900,0,2,4,,1,024,"CALISTOGA RD","ST. HELENA ROAD",1584.00,N,N,A,-,N,,,,,,,,,,Y,1,1,0,1,A,-,08,22107,,N,F,J,A,A,H,-,A,D,0,,,,,Y,,D,22,0,0,0,0,0,0,0,0,0,"- ","- ",38.3031005859375,-122.39089965820312,SONOMA,UNINCORPORATED,-122.65267181396484,38.508731842041016
91542144,2021,2021-08-11,9360,2021-07-30,0730,022333,,5,1,9,4900,0,1,3,,1,013,SR-116,"CRESCENT AVE",950.00,W,N,A,-,Y,,,116,,,,,,,N,2,0,1,1,A,-,13,22515,A,N,H,B,A,A,H,-,A,D,0,,,,,Y,,A,08,1,0,0,0,0,0,0,0,0,"- ","- ",38.474250793457031,-123.00478363037109,SONOMA,UNINCORPORATED,-123.00477600097656,38.474227905273438
91542181,2021,2021-08-11,9360,2021-05-21,0820,021893,,5,1,9,4900,0,3,5,,2,003,"OCCIDENTAL ROAD",SR-116,1584.00,E,N,A,-,Y,,,,,,,,,,Y,1,1,0,3,A,-,05,21460,A,N,A,C,A,A,H,-,A,D,0,,,Y,,Y,,C,02,0,0,0,0,0,0,0,1,0,"- ","- ",38.427379608154297,-122.84245300292969,SONOMA,UNINCORPORATED,-122.84329223632812,38.426925659179688
91542747,2021,2021-08-11,9360,2021-07-29,1157,019359,,4,1,9,4900,0,1,3,,1,037,SR-116,"COVEY RD",231.00,E,N,A,-,Y,,,116,,,,,,,N,2,0,1,1,A,-,08,22107,,N,F,A,A,A,H,-,A,D,0,,,Y,,Y,,C,02,1,0,0,0,0,0,0,0,1,"- ","- ",38.473678588867188,-122.88934326171875,SONOMA,UNINCORPORATED,-122.88934326171875,38.473625183105469
91544168,2021,2021-08-13,9360,2021-07-29,0252,020853,,4,3,4,4904,0,1,2,,2,050,"US101 NORTHBOUND","GOLF COURSE DRIVE",2000.00,S,N,A,-,Y,,,101,,,,,,N,Y,4,0,2,2,A,-,07,21658,A,M,C,C,A,A,H,-,C,D,0,,,,,Y,,A,07,0,0,2,0,0,0,0,0,0,"- ","- ",38.351280212402344,-122.71299743652344,SONOMA,"ROHNERT PARK",-122.71300506591797,38.351280212402344
91544175,2021,2021-08-13,9360,2021-08-03,1910,016045,,2,2,9,4900,0,3,5,,2,004,"MOUNTAIN VIEW AVE","HUNTER LN",610.00,W,N,A,-,N,,,,,,,,,,Y,3,0,1,1,C,-,18,,,N,E,I,A,A,H,-,A,D,0,,,,,Y,,-,"- ",0,1,0,0,0,0,0,0,0,"- ","- ",38.379459381103516,-122.69789123535156,SONOMA,UNINCORPORATED,-122.69718170166016,38.379425048828125
91544209,2021,2021-08-13,9360,2021-08-04,1409,018828,,3,2,9,4900,0,2,4,,1,022,"OLD REDWOOD HWY",US-101,230.00,S,N,A,-,Y,,,,,,,,,,Y,3,0,2,1,C,-,18,,,N,E,8,A,A,H,-,A,D,0,,,,,Y,,-,"- ",0,2,0,0,0,0,0,0,0,"- ","- ",38.594039916992188,-122.85215759277344,SONOMA,UNINCORPORATED,-122.8544921875,38.595790863037109
91544535,2021,2021-08-13,9360,2021-07-30,2140,021904,,5,2,6,4905,0,1,3,,1,051,"SR-12 E/B","SOUTH WRIGHT ROAD",10.00,W,N,A,-,Y,,,12,,,,,,E,Y,4,0,1,2,A,-,01,23152,A,N,B,C,A,A,H,-,C,A,0,,,,,Y,Y,A,01,0,0,1,0,0,0,0,0,0,"- ","- ",38.427391052246094,-122.76936340332031,SONOMA,"SANTA ROSA",-122.76936340332031,38.427394866943359
91544956,2021,2021-08-16,9350,2021-07-31,1550,022066,,6,2,9,4900,0,3,5,,2,202,"SR-37 E/B",SR-121,2640.00,W,N,A,-,Y,,,37,,,,,,E,Y,2,0,2,1,A,-,03,22350,,N,E,8,A,A,H,-,A,D,0,,,,,Y,,A,07,1,1,0,0,0,0,0,0,0,"- ","- ",38.146369934082031,-122.45578002929688,SONOMA,UNINCORPORATED,-122.455810546875,38.146415710449219
91545226,2021,2021-08-16,9325,2021-08-07,1550,022538,,6,2,9,4900,0,1,3,,1,053,"ARNOLD DR","WATMAUGH RD",780.00,N,N,A,-,N,,,,,,,,,,N,4,0,2,2,A,-,03,22350,,N,C,C,A,A,H,-,A,D,0,,,,,Y,,A,01,0,0,2,0,0,0,0,0,0,"- ","- ",38.262290954589844,-122.48509979248047,SONOMA,UNINCORPORATED,-122.48512268066406,38.262321472167969
91546535,2021,2021-08-17,9360,2021-08-01,1846,020803,,7,2,9,4900,0,3,5,,2,006,"SEAVIEW RD","BEN WAY",2245.00,W,N,A,-,N,,,,,,,,,,Y,4,0,1,1,A,-,08,22107,,N,E,I,A,A,H,-,B,D,0,,,,,Y,,A,07,0,0,1,0,0,0,0,0,0,"- ","- ",38.549121856689453,-123.25019073486328,SONOMA,UNINCORPORATED,-123.25013732910156,38.549251556396484
91546595,2021,2021-08-17,9360,2021-08-02,1850,022257,,1,2,6,4905,0,1,2,,2,040,"US-101 SOUTHBOUND TO SR-12 EAST CONNECTOR","SR-12 OVER CROSSING",280.00,N,N,A,-,Y,,,101,,,,R,,S,Y,3,0,1,1,A,-,01,23152,A,N,E,J,A,A,H,-,A,D,0,,,,,Y,Y,A,01,0,1,0,0,0,0,0,0,0,"- ","- ",38.432651519775391,-122.71723937988281,SONOMA,"SANTA ROSA",-122.71723937988281,38.432651519775391
91547164,2021,2021-08-17,9325,2021-08-02,1410,018954,,1,2,9,4900,0,2,4,,2,054,"ARNOLD DRIVE","LEVERONI ROAD",475.00,S,N,A,-,N,,,,,,,,,,N,3,0,1,2,A,-,01,23152,F,N,C,C,A,A,H,-,A,D,0,,,,,Y,,A,01,0,1,0,0,0,0,0,0,0,"- ","- ",38.271141052246094,-122.49150085449219,SONOMA,UNINCORPORATED,-122.49150085449219,38.270999908447266
91547321,2021,2021-08-17,9350,2021-08-14,1550,020979,,6,2,9,4900,0,1,3,,2,237,"SR-37 E/B","MARIN / SOLANO COUNTY LINE",40.00,W,N,A,-,Y,,,37,,,,,,E,N,4,0,2,2,A,-,03,22350,,N,C,C,A,A,H,-,A,D,0,,,,,Y,,A,01,0,0,2,0,0,0,0,0,0,"- ","- ",38.155658721923828,-122.40708160400391,SONOMA,UNINCORPORATED,-122.40708160400391,38.155685424804688
91547594,2021,2021-08-18,9360,2021-08-06,1104,020386,,5,1,9,4900,0,2,4,,1,024,"CALISTOGA RD","ALPINE RD",2640.00,N,N,A,G,N,,,,,,,,,,Y,4,0,1,1,A,-,08,22107,,N,A,I,A,A,H,-,A,D,0,,,,Y,Y,,F,26,0,0,1,0,0,0,0,0,0,"- ","- ",38.525131225585938,-122.65406036376953,SONOMA,UNINCORPORATED,-122.65383911132812,38.525913238525391
91548013,2021,2021-08-18,9360,2021-05-06,1023,016660,,4,1,9,4900,0,2,4,,2,056,"STONY POINT RD","ROBLAR RD",134.00,N,N,A,-,N,,,,,,,,,,Y,1,1,0,2,A,-,05,21460,A,N,D,C,A,A,H,-,A,D,0,,,Y,,Y,Y,C,02,0,0,0,0,0,0,0,1,0,"- ","- ",38.314559936523438,-122.73548126220703,SONOMA,UNINCORPORATED,-122.73545837402344,38.314487457275391
91548397,2021,2021-08-18,9360,2021-07-28,1020,021893,,3,1,9,4900,0,2,4,,1,024,"MARK WEST SPRINGS RD","LAVELL RD",225.00,E,N,A,-,N,,,,,,,,,,N,4,0,1,2,A,-,12,21453,A,N,D,C,A,A,H,-,A,A,0,,,,,Y,,A,08,0,0,1,0,0,0,0,0,0,"- ","- ",38.496440887451172,-122.75100708007812,SONOMA,UNINCORPORATED,-122.75110626220703,38.496353149414062
91549451,2021,2021-08-19,9325,2021-08-10,2320,021896,,2,3,9,4900,0,1,3,,1,081,SR-121,"8TH STREET EAST",250.00,W,N,A,-,Y,,,121,,,,,,,Y,3,0,1,1,A,-,08,22107,,N,E,8,A,A,H,-,D,D,0,,,,Y,Y,,G,25,0,1,0,0,0,0,0,0,0,"- ","- ",38.245838165283203,-122.4398193359375,SONOMA,UNINCORPORATED,-122.4398193359375,38.245857238769531
91549820,2021,2021-08-20,9360,2021-08-12,1710,020285,,4,2,6,4905,0,1,2,,2,040,"SR-12 W/B TO US-101 N/B",,0.00,,N,A,-,Y,,,12,,,,R,,W,N,3,0,1,3,A,-,03,22350,,N,C,C,A,A,H,-,A,D,0,,,,,Y,,A,07,0,1,0,0,0,0,0,0,0,"- ","- ",38.434528350830078,-122.71649932861328,SONOMA,"SANTA ROSA",-122.71649932861328,38.434528350830078
91549974,2021,2021-08-20,9360,2021-08-06,2330,021187,,5,3,9,4900,0,3,5,,2,005,"WALKER RD","TRESCH LANE",75.00,W,N,A,-,N,,,,,,,,,,Y,3,0,2,1,A,-,01,23152,A,N,E,I,A,A,H,-,D,D,0,,,,,Y,Y,A,01,0,2,0,0,0,0,0,0,0,"- ","- ",38.291629791259766,-122.79163360595703,SONOMA,UNINCORPORATED,-122.79312896728516,38.291530609130859
91549989,2021,2021-08-20,9360,2021-04-21,1700,019359,,3,2,9,4900,0,2,4,,1,012,"DRY CREEK ROAD","DUTCHER CREEK RD",1742.00,N,N,A,-,N,,,,,,,,,,Y,1,1,0,1,A,-,08,22107,,N,E,I,A,A,H,-,A,D,0,,,Y,,Y,,C,02,0,0,0,0,0,0,0,1,0,"- ","- ",38.714511871337891,-122.98178100585938,SONOMA,UNINCORPORATED,-122.9815673828125,38.714321136474609
91550760,2021,2021-08-23,9360,2021-08-06,1719,022323,,5,2,9,4900,0,2,4,,1,042,"PETALUMA HILL RD","SNYDER LN",4752.00,N,N,A,-,N,,,,,,,,,,Y,2,0,1,1,A,-,08,22107,,N,E,I,A,A,H,-,A,D,0,,,Y,,Y,,C,02,1,0,0,0,0,0,0,0,1,"- ","- ",38.393558502197266,-122.69252777099609,SONOMA,UNINCORPORATED,-122.69263458251953,38.393741607666016
91550964,2021,2021-08-23,9325,2021-08-11,2120,019775,,3,2,9,4900,0,1,3,,1,072,"STATE ROUTE 121","MEADOWLARK LN",75.00,N,N,A,-,Y,,,121,,,,,,,Y,3,0,1,1,A,-,08,22107,,N,E,I,A,A,H,-,D,D,0,,,,,Y,,A,01,0,1,0,0,0,0,0,0,0,"- ","- ",38.221611022949219,-122.45616149902344,SONOMA,UNINCORPORATED,-122.45613861083984,38.22161865234375
91551582,2021,2021-08-23,9360,2021-06-12,1858,022257,,6,2,9,4900,0,1,2,,2,020,"US-101 SOUTHBOUND","330 FEET SOUTH OF CENTRAL HEALDSBURG AVENUE ON-RAM",0.00,,Y,A,-,Y,,,101,,,,,,S,Y,1,1,2,1,A,-,08,22107,,N,E,I,A,A,H,-,A,D,0,,,,,Y,,A,07,1,1,0,0,0,0,0,0,0,"- ","- ",38.600669860839844,-122.86379241943359,SONOMA,UNINCORPORATED,-122.86376953125,38.600696563720703
91552377,2021,2021-08-24,9360,2021-08-08,1905,022370,,7,2,9,4900,0,2,4,,1,047,"LAKEVILLE RD","OLD LAKEVILLE ROAD NO 2 NORTH",1320.00,S,N,A,-,Y,,,,,,,,,,Y,3,0,2,2,A,-,01,23152,A,N,B,C,A,A,H,-,B,D,0,,,,,Y,Y,A,01,0,1,1,0,0,0,0,0,0,"- ","- ",38.187969207763672,-122.54123687744141,SONOMA,UNINCORPORATED,-122.54158020019531,38.188491821289062
91553831,2021,2021-08-25,9360,2021-08-15,1220,020225,,7,1,9,4900,0,1,3,,1,021,SR-128,"NORTH CLOVERDALE BLVD",0.00,,Y,A,-,Y,,,128,,,,,,,N,3,0,1,1,A,-,21,22106,,N,E,I,A,A,H,-,A,D,0,,,Y,,Y,,C,02,0,1,0,0,0,0,0,0,1,"- ","- ",38.819229125976562,-123.02208709716797,SONOMA,UNINCORPORATED,-123.02213287353516,38.819267272949219
91553877,2021,2021-08-25,9360,2021-08-15,1840,021195,,7,2,9,4900,0,3,5,,2,002,"FAUGHT ROAD","CHALK HILL ROAD",560.00,E,N,A,-,N,,,,,,,,,,Y,3,0,2,1,A,-,08,22107,,N,E,I,A,A,H,-,A,D,0,,,,,Y,,A,01,0,2,0,0,0,0,0,0,0,"- ","- ",38.540290832519531,-122.7723388671875,SONOMA,UNINCORPORATED,,
91554699,2021,2021-08-26,9360,2021-08-16,1115,016660,,1,1,9,4900,0,1,2,,1,060,"US 101 S/B","CAULFIELD LN",230.00,N,N,A,-,Y,,,,,,,,,,N,4,0,1,3,A,-,03,22350,,N,C,C,A,A,D,-,A,A,0,,,,,Y,,A,07,0,0,1,0,0,0,0,0,0,"- ","- ",38.238300323486328,-122.62062072753906,SONOMA,UNINCORPORATED,-122.62029266357422,38.237728118896484
91554719,2021,2021-08-26,9360,2021-08-16,0545,015812,,1,3,9,4900,0,3,5,,2,005,"WEST RAILROAD AVENUE","STONY POINT ROAD",1056.00,E,N,B,-,N,,,,,,,,,,Y,4,0,1,1,A,-,08,22107,,N,E,I,A,A,D,-,D,D,0,,,,,Y,,A,01,0,0,1,0,0,0,0,0,0,"- ","- ",38.300941467285156,-122.71096038818359,SONOMA,UNINCORPORATED,-122.71037292480469,38.301559448242188
91554916,2021,2021-08-26,9360,2021-08-16,0105,022362,,1,3,9,4900,0,3,5,,2,003,"PINER ROAD","OLIVET RD",14.00,W,N,A,-,N,,,,,,,,,,Y,3,0,1,1,A,-,01,23152,A,N,E,I,A,A,H,-,C,A,0,,,,,Y,Y,A,01,0,1,0,0,0,0,0,0,0,"- ","- ",38.466941833496094,-122.81617736816406,SONOMA,UNINCORPORATED,-122.81614685058594,38.466991424560547
91557902,2021,2021-08-30,9325,2021-08-20,1615,022538,,5,2,9,4900,0,1,3,,1,051,"ARNOLD DR","FOWLER CREEK RD",325.00,S,N,A,-,N,,,,,,,,,,Y,4,0,1,2,A,-,09,21804,A,N,D,C,A,A,H,-,A,D,0,,,,,Y,,D,22,0,0,1,0,0,0,0,0,0,"- ","- ",38.285659790039062,-122.49268341064453,SONOMA,UNINCORPORATED,-122.49260711669922,38.28509521484375
91559628,2021,2021-08-31,9325,2021-08-23,2055,021083,,1,2,9,4900,0,1,3,,1,063,SR-12,"CALLE DEL MONTE",0.00,,Y,A,-,Y,,,12,,,,,,,Y,3,0,1,2,A,-,09,21802,A,N,D,C,A,A,H,-,C,D,0,,,,,Y,Y,A,01,0,1,0,0,0,0,0,0,0,"- ","- ",38.312149047851562,-122.48059844970703,SONOMA,UNINCORPORATED,-122.48060607910156,38.312145233154297
91562042,2021,2021-09-03,9350,2021-08-27,2020,021615,,5,2,9,4900,0,1,3,,2,137,"SR-37 E/B",SR-121,2640.00,W,N,A,-,N,,,37,,,,,,E,Y,3,0,1,1,A,-,01,23152,F,N,E,J,A,A,H,-,D,D,0,,,,,Y,,A,07,0,1,0,0,0,0,0,0,0,"- ","- ",38.143558502197266,-122.46054077148438,SONOMA,UNINCORPORATED,-122.46051788330078,38.143520355224609
91562098,2021,2021-09-03,9360,2021-08-20,0750,020092,,5,1,9,4900,0,1,2,,2,050,"US-101 N/B","TODD RD.",1800.00,S,N,B,-,Y,,,101,,,,,,N,N,4,0,3,3,A,-,03,22350,,N,C,C,A,A,H,-,A,D,0,,,,,Y,,A,01,0,0,3,0,0,0,0,0,0,"- ","- ",38.382080078125,-122.71613311767578,SONOMA,UNINCORPORATED,-122.71609497070312,38.382080078125
91562454,2021,2021-09-03,9360,2021-08-23,1756,021195,,1,2,4,4904,0,1,2,,2,050,"US-101 N/B","ROHNERT PARK EXPRESSWAY",528.00,S,N,A,-,Y,,,101,,,,,,N,Y,3,0,2,1,A,-,08,22107,,N,E,I,A,A,H,-,A,D,0,,,,,Y,,A,01,0,2,0,0,0,0,0,0,0,"- ","- ",38.346450805664062,-122.71292877197266,SONOMA,"ROHNERT PARK",-122.71289825439453,38.346450805664062
91562491,2021,2021-09-03,9360,2021-08-24,1810,021195,,2,2,9,4900,0,3,5,,2,004,"ELY RD  N","CORONA RD",0.00,,Y,A,-,N,,,,,,,,,,N,4,0,1,2,A,-,12,22450,A,N,D,C,A,A,H,-,A,A,0,,,,,Y,,D,22,0,0,1,0,0,0,0,0,0,"- ","- ",38.274070739746094,-122.65022277832031,SONOMA,UNINCORPORATED,-122.65023040771484,38.274082183837891
91563431,2021,2021-09-06,9360,2021-08-26,0720,015434,,4,1,9,4900,0,1,3,,1,053,"STATE ROUTE 116","HESSEL RD",0.00,,Y,B,-,Y,,,,,,,,,,N,3,0,1,2,A,-,03,22350,,N,C,C,A,A,H,-,A,D,0,,,,Y,Y,,F,26,0,1,0,0,0,0,0,0,0,"- ","- ",38.361930847167969,-122.77182769775391,SONOMA,UNINCORPORATED,-122.77821350097656,38.362354278564453
91563749,2021,2021-09-07,9325,2021-08-27,1730,022562,,5,2,9,4900,0,2,4,,1,064,"ARNOLD DR","OAK ST",70.00,S,N,A,-,N,,,,,,,,,,N,4,0,1,2,A,-,01,23152,A,F,C,C,A,A,H,-,A,D,0,,,,,Y,Y,D,22,0,0,1,0,0,0,0,0,0,"- ","- ",38.295829772949219,-122.49024200439453,SONOMA,UNINCORPORATED,-122.49027252197266,38.295822143554688
91564056,2021,2021-09-07,9360,2021-07-09,1225,016652,,5,1,9,4900,0,1,3,,1,021,SR-128,"FRANZ VALLEY ROAD",2323.00,E,N,A,-,Y,,,128,,,,,,,Y,1,1,0,1,A,-,08,22107,,N,E,I,A,A,H,-,A,D,0,,,Y,,Y,,C,02,0,0,0,0,0,0,0,1,0,"- ","- ",38.628520965576172,-122.66716003417969,SONOMA,UNINCORPORATED,-122.66719055175781,38.628490447998047
91566124,2021,2021-09-09,9360,2021-08-26,1755,019366,,4,2,9,4900,0,2,4,,1,052,"TODD ROAD","STONY POINT RD",898.00,E,N,A,-,N,,,,,,,,,,N,3,0,1,1,A,-,01,23152,A,N,E,I,A,A,H,-,A,D,0,,,,,Y,Y,A,01,0,1,0,0,0,0,0,0,0,"- ","- ",38.387161254882812,-122.739013671875,SONOMA,UNINCORPORATED,-122.73843383789062,38.387149810791016
91566677,2021,2021-09-09,9360,2021-08-27,1135,019083,,5,1,9,4900,0,1,3,,1,063,SR-1,"FREESTONE VALLEY FORD RD",0.00,,Y,A,-,Y,,,,,,,,,,Y,4,0,2,2,A,-,09,21802,B,N,A,C,A,A,H,-,A,A,0,,,,,Y,,A,01,0,0,2,0,0,0,0,0,0,"- ","- ",,,SONOMA,UNINCORPORATED,-122.92798614501953,38.323917388916016
91568812,2021,2021-09-13,9360,2021-08-29,0120,021458,,7,3,9,4900,0,1,2,,2,050,"US-101 N/B","PETALUMA BLVD NORTH",1584.00,N,N,A,-,Y,,,,,,,,,,Y,4,0,1,1,A,-,01,23152,F,N,E,I,A,A,H,-,C,D,0,,,,,Y,,A,07,0,0,1,0,0,0,0,0,0,"- ","- ",38.276088714599609,-122.67494964599609,SONOMA,UNINCORPORATED,-122.67011260986328,38.272258758544922
91568818,2021,2021-09-13,9360,2021-08-29,1100,020731,,7,1,6,4905,0,1,2,,2,040,"US-101 S/B","COLLEGE AVE U/C",600.00,S,N,A,-,Y,,,101,,,,,,S,Y,3,0,1,2,A,-,03,22350,,N,C,C,A,A,H,-,A,D,0,,,,,Y,,A,01,0,1,0,0,0,0,0,0,0,"- ","- ",38.444179534912109,-122.72300720214844,SONOMA,"SANTA ROSA",-122.72297668457031,38.444202423095703
91569463,2021,2021-09-14,9360,2021-08-28,1807,022128,,6,2,3,4980,0,1,2,,2,030,"US-101 N/B","ARATA LANE UNDER CROSSING",390.00,N,N,A,-,Y,,,101,,,,,,N,Y,4,0,2,3,A,-,03,22350,,N,C,C,A,A,H,-,A,D,0,,,,,Y,,A,01,0,0,2,0,0,0,0,0,0,"- ","- ",38.562789916992188,-122.82376098632812,SONOMA,WINDSOR,-122.82378387451172,38.562767028808594
91569746,2021,2021-09-14,9350,2021-09-06,1649,021391,,1,2,9,4900,0,1,3,,2,137,"SR-37 EB",SR-121,1584.00,W,N,A,-,Y,,,37,,,,,,E,Y,4,0,1,1,A,-,03,22350,,N,E,I,A,A,H,-,A,D,0,,,,,Y,,A,07,0,0,1,0,0,0,0,0,0,"- ","- ",38.149169921875,-122.45194244384766,SONOMA,UNINCORPORATED,-122.45198059082031,38.149219512939453