CASE_ID,ACCIDENT_YEAR,PROC_DATE,JURIS,COLLISION_DATE,COLLISION_TIME,OFFICER_ID,REPORTING_DISTRICT,DAY_OF_WEEK,CHP_SHIFT,POPULATION,CNTY_CITY_LOC,SPECIAL_COND,BEAT_TYPE,CHP_BEAT_TYPE,CITY_DIVISION_LAPD,CHP_BEAT_CLASS,BEAT_NUMBER,PRIMARY_RD,SECONDARY_RD,DISTANCE,DIRECTION,INTERSECTION,WEATHER_1,WEATHER_2,STATE_HWY_IND,CALTRANS_COUNTY,CALTRANS_DISTRICT,STATE_ROUTE,ROUTE_SUFFIX,POSTMILE_PREFIX,POSTMILE,LOCATION_TYPE,RAMP_INTERSECTION,SIDE_OF_HWY,TOW_AWAY,COLLISION_SEVERITY,NUMBER_KILLED,NUMBER_INJURED,PARTY_COUNT,PRIMARY_COLL_FACTOR,PCF_CODE_OF_VIOL,PCF_VIOL_CATEGORY,PCF_VIOLATION,PCF_VIOL_SUBSECTION,HIT_AND_RUN,TYPE_OF_COLLISION,MVIW,PED_ACTION,ROAD_SURFACE,ROAD_COND_1,ROAD_COND_2,LIGHTING,CONTROL_DEVICE,CHP_ROAD_TYPE,PEDESTRIAN_ACCIDENT,BICYCLE_ACCIDENT,MOTORCYCLE_ACCIDENT,TRUCK_ACCIDENT,NOT_PRIVATE_PROPERTY,ALCOHOL_INVOLVED,STWD_VEHTYPE_AT_FAULT,CHP_VEHTYPE_AT_FAULT,COUNT_SEVERE_INJ,COUNT_VISIBLE_INJ,COUNT_COMPLAINT_PAIN,COUNT_PED_KILLED,COUNT_PED_INJURED,COUNT_BICYCLIST_KILLED,COUNT_BICYCLIST_INJURED,COUNT_MC_KILLED,COUNT_MC_INJURED,PRIMARY_RAMP,SECONDARY_RAMP,LATITUDE,LONGITUDE,COUNTY,CITY,POINT_X,POINT_Y
91570178,2021,2021-09-14,9360,2021-09-03,2100,021187,,5,2,9,4900,0,3,5,,2,004,"SANTA ROSA AVE","BUTTERFLY LN",300.00,N,N,A,-,N,,,,,,,,,,Y,4,0,2,2,A,-,09,21804,A,N,D,C,A,A,H,-,D,D,0,,,,,Y,,A,01,0,0,2,0,0,0,0,0,0,"- ","- ",38.396690368652344,-122.71350860595703,SONOMA,UNINCORPORATED,-122.71352386474609,38.397235870361328
91570841,2021,2021-09-15,9360,2021-09-05,0255,021989,,7,3,9,4900,0,2,4,,1,032,"RIVER RD.","ODD FELLOWS PARK RD.",606.00,E,N,A,-,N,,,,,,,,,,Y,2,0,2,1,A,-,01,23152,A,N,E,I,A,A,H,-,D,D,0,,,,,Y,Y,D,22,1,1,0,0,0,0,0,0,0,"- ","- ",38.505680084228516,-122.95899963378906,SONOMA,UNINCORPORATED,-122.95938110351562,38.505756378173828
91570881,2021,2021-09-15,9360,2021-09-05,2111,020828,,7,2,2,4902,0,1,2,,2,050,"US-101 N/B","W. SIERRA AVE.",985.00,S,N,A,-,Y,,,101,,,,,,N,Y,4,0,1,2,A,-,08,22107,,N,B,C,A,A,H,-,C,D,0,,,,,Y,,A,07,0,0,1,0,0,0,0,0,0,"- ","- ",38.314380645751953,-122.71495056152344,SONOMA,COTATI,-122.71507263183594,38.314376831054688
91571030,2021,2021-09-15,9360,2021-09-05,2130,019092,,7,2,9,4900,0,1,2,,2,050,"US-101 N/B","W. RAILROAD AVE",2640.00,N,N,A,-,Y,,,101,,,,,,N,Y,3,0,2,2,A,-,03,22350,,N,C,C,A,A,H,-,D,D,0,,,,,Y,Y,A,01,0,1,1,0,0,0,0,0,0,"- ","- ",38.309520721435547,-122.71292114257812,SONOMA,UNINCORPORATED,-122.71296691894531,38.309482574462891
91571299,2021,2021-09-15,9360,2021-09-02,1452,019366,,4,2,9,4900,0,2,4,,1,032,"RIVER ROAD","LAUGHIN ROAD",0.00,,Y,A,-,N,,,,,,,,,,N,3,0,1,2,A,-,09,21802,A,N,D,C,A,A,H,-,A,A,0,,,,,Y,,A,01,0,1,0,0,0,0,0,0,0,"- ","- ",38.493068695068359,-122.78679656982422,SONOMA,UNINCORPORATED,-122.78758239746094,38.493206024169922
91571737,2021,2022-04-04,9360,2021-09-01,2130,021458,,3,2,9,4900,0,2,4,,1,038,"BODEGA HWY","BOHEMIAN HWY",1000.00,E,N,A,-,N,,,,,,,,,,Y,3,0,1,1,A,-,01,23152,A,N,F,A,A,A,H,-,D,D,0,,,,,Y,Y,D,22,0,1,0,0,0,0,0,0,0,"- ","- ",38.37493896484375,-122.907958984375,SONOMA,UNINCORPORATED,-122.90821075439453,38.374843597412109
91571744,2021,2021-09-16,9360,2021-09-01,0518,020853,,3,3,9,4900,0,1,3,,1,053,SR-116,"MOUNT VERNON RD",0.00,,Y,A,-,Y,,,116,,,,,,,N,4,0,1,2,A,-,09,21802,A,N,D,C,A,A,H,-,C,A,0,,,,,Y,,E,22,0,0,1,0,0,0,0,0,0,"- ","- ",38.362380981445312,-122.77821350097656,SONOMA,UNINCORPORATED,-122.77822875976562,38.362358093261719
91572410,2021,2021-09-16,9360,2021-09-08,0755,018497,,3,1,9,4900,0,2,4,,1,032,"RIVER ROAD","BARNES ROAD",60.00,E,N,A,-,N,,,,,,,,,,N,4,0,1,2,A,-,03,22350,,N,C,C,A,A,H,-,A,D,0,,,,,Y,,D,22,0,0,1,0,0,0,0,0,0,"- ","- ",38.496349334716797,-122.76033020019531,SONOMA,UNINCORPORATED,-122.76039123535156,38.496395111083984
91572481,2021,2021-09-16,9360,2021-09-08,0805,015434,,3,1,9,4900,0,1,2,,2,050,"US 101 S/B","PEPPER RD",3168.00,N,N,A,-,Y,,,,,,,,,,N,4,0,1,2,A,-,03,22350,,N,C,C,A,A,H,-,A,D,0,,,,,Y,,A,07,0,0,1,0,0,0,0,0,0,"- ","- ",,,SONOMA,UNINCORPORATED,,
91573140,2021,2021-09-17,9325,2021-09-04,2012,022538,,6,2,9,4900,0,3,5,,2,006,"GILLMAN DR","PARK TREE LN",165.00,W,N,A,-,N,,,,,,,,,,Y,4,0,1,2,A,-,08,22107,,N,B,E,A,A,H,-,C,D,0,,,,,Y,,A,01,0,0,1,0,0,0,0,0,0,"- ","- ",38.303180694580078,-122.49131774902344,SONOMA,UNINCORPORATED,-122.49114990234375,38.303096771240234
91573244,2021,2021-09-17,9325,2021-09-07,0515,017538,,2,3,9,4900,0,3,5,,2,006,"WATMAUGH RD.",SR-116,0.00,,Y,A,-,Y,,,,,,,,,,Y,3,0,1,1,A,-,03,22350,,N,E,I,A,A,H,-,D,D,0,,,,,Y,,A,01,0,1,0,0,0,0,0,0,0,"- ","- ",38.252159118652344,-122.48970794677734,SONOMA,UNINCORPORATED,-122.48971557617188,38.252170562744141
91574000,2021,2021-09-20,9325,2021-09-04,1600,022538,,6,2,9,4900,0,2,4,,2,054,"ARNOLD DR","BOYES BLVD",60.00,N,N,A,-,N,,,,,,,,,,N,4,0,1,2,A,-,05,21460,A,N,B,C,A,A,H,-,A,D,0,,,,,Y,,A,01,0,0,1,0,0,0,0,0,0,"- ","- ",38.310398101806641,-122.49768829345703,SONOMA,UNINCORPORATED,-122.49766540527344,38.310314178466797
91574274,2021,2021-09-20,9325,2021-09-09,1530,022562,,4,2,9,4900,0,1,3,,1,013,"GROVE ST.","NAJM LANE",110.00,W,N,A,-,N,,,,,,,,,,Y,4,0,1,1,A,-,08,22107,,N,E,I,A,A,H,-,A,D,0,,,,,Y,,A,01,0,0,1,0,0,0,0,0,0,"- ","- ",38.293651580810547,-122.51011657714844,SONOMA,UNINCORPORATED,-122.51003265380859,38.293621063232422
91575199,2021,2021-09-21,9360,2021-08-27,2140,022146,,5,2,9,4900,0,2,4,,1,054,"ROBLAR RD.","PETERSEN LN.",739.00,E,N,A,-,N,,,,,,,,,,Y,2,0,1,1,A,-,01,23152,A,N,F,A,A,A,H,-,D,D,0,,,Y,,Y,Y,C,02,1,0,0,0,0,0,0,0,1,"- ","- ",38.321269989013672,-122.75623321533203,SONOMA,UNINCORPORATED,-122.75647735595703,38.321254730224609
91575213,2021,2021-09-21,9360,2021-09-02,0810,020731,,4,1,9,4900,0,1,3,,1,037,"FREI RD",SR-116,0.00,,Y,B,-,Y,,,,,,,,,,Y,3,0,2,2,A,-,17,21451,A,N,D,C,A,A,H,-,A,A,0,,,,,Y,,A,01,0,2,0,0,0,0,0,0,0,"- ","- ",38.436958312988281,-122.85762023925781,SONOMA,UNINCORPORATED,-122.85764312744141,38.436965942382812
91575510,2021,2021-09-21,9360,2021-09-09,0535,020092,,4,3,9,4900,0,2,4,,1,044,"FRATES RD","CLUBHOUSE DR",150.00,N,N,A,-,N,,,,,,,,,,Y,4,0,2,2,A,-,08,22107,,N,B,C,A,A,H,-,D,D,0,,,,Y,Y,,G,27,0,0,2,0,0,0,0,0,0,"- ","- ",38.244739532470703,-122.58455657958984,SONOMA,UNINCORPORATED,-122.58448791503906,38.244743347167969
91576483,2021,2021-09-22,9360,2021-09-10,1320,020092,,5,1,9,4900,0,1,3,,1,053,SR-116,"MADRONE AVE",825.00,W,N,A,-,N,,,116,,,,,,,Y,4,0,1,2,A,-,03,22350,,N,C,C,A,A,H,-,A,D,0,,,,,Y,,A,08,0,0,1,0,0,0,0,0,0,"- ","- ",38.333389282226562,-122.72937774658203,SONOMA,UNINCORPORATED,-122.72937774658203,38.333385467529297
91576528,2021,2021-09-22,9360,2021-09-10,1735,022323,,5,2,9,4900,0,1,2,,2,040,"US-101 S/B","BAKER AVE OVERCROSSING",75.00,S,N,A,-,Y,,,101,,,,,,S,Y,4,0,1,3,A,-,03,22350,,N,C,C,A,A,H,-,A,D,0,,,,,Y,,A,01,0,0,1,0,0,0,0,0,0,"- ","- ",38.421649932861328,-122.71552276611328,SONOMA,UNINCORPORATED,-122.71553039550781,38.421649932861328
91576552,2021,2021-09-22,9360,2021-09-11,0040,021567,,6,3,9,4900,0,2,4,,1,046,"BENNETT VALLEY RD","WARM SPRINGS RD",1320.00,W,N,A,-,N,,,,,,,,,,Y,4,0,1,1,C,-,18,,,N,E,J,A,A,C,-,D,D,0,,,Y,,Y,,-,"- ",0,0,1,0,0,0,0,0,1,"- ","- ",38.382579803466797,-122.55567169189453,SONOMA,UNINCORPORATED,-122.55597686767578,38.382907867431641
91576597,2021,2021-09-22,9360,2021-09-11,0735,020092,,6,1,9,4900,0,1,3,,1,053,SR-116,"LONE PINE RD",0.00,,Y,A,-,N,,,116,,,,,,,Y,2,0,1,3,A,-,09,21801,A,N,D,C,A,A,H,-,A,D,0,,,Y,,Y,,A,08,1,0,0,0,0,0,0,0,1,"- ","- ",38.365261077880859,-122.78130340576172,SONOMA,UNINCORPORATED,-122.78130340576172,38.365253448486328
91577041,2021,2021-09-22,9360,2021-09-12,1428,022257,,7,2,6,4905,0,1,3,,1,041,"SR-12 E/B","MELITA ROAD",940.00,E,N,A,-,N,,,12,,,,,,E,Y,2,0,2,2,A,-,05,21460,A,N,A,C,A,A,H,-,A,D,0,,,,,Y,,D,22,1,1,0,0,0,0,0,0,0,"- ","- ",38.45220947265625,-122.61994934082031,SONOMA,"SANTA ROSA",-122.61994171142578,38.452232360839844
91577069,2021,2021-09-22,9360,2021-09-12,1522,021195,,7,2,9,4900,0,1,3,,1,041,"SR-12 E/B","OAKMONT DR",3168.00,E,N,A,-,Y,,,12,,,,,,E,N,4,0,1,2,A,-,03,22350,,N,C,C,A,A,H,-,A,D,0,,,,,Y,,A,01,0,0,1,0,0,0,0,0,0,"- ","- ",38.441108703613281,-122.59506988525391,SONOMA,UNINCORPORATED,-122.59508514404297,38.441047668457031
91577575,2021,2021-09-23,9360,2021-09-13,0010,020748,,1,3,9,4900,0,1,2,,1,060,"US-101 N/B","CAULFIELD LN",400.00,S,N,A,-,Y,,,,,,,,,,Y,3,0,1,2,A,-,01,23152,A,N,C,C,A,A,H,-,D,D,0,,,,,Y,Y,D,22,0,1,0,0,0,0,0,0,0,"- ","- ",38.236740112304688,-122.61956024169922,SONOMA,UNINCORPORATED,-122.62004852294922,38.237422943115234
91577893,2021,2021-09-23,9360,2021-09-14,0830,016524,,2,1,9,4900,0,3,5,,2,003,"OCCIDENTAL RD.","MILL STATION RD.",0.00,,Y,A,-,N,,,,,,,,,,Y,3,0,1,2,A,-,09,21802,A,N,D,C,A,A,H,-,A,D,0,,,,Y,Y,,A,01,0,1,0,0,0,0,0,0,0,"- ","- ",38.420230865478516,-122.87429046630859,SONOMA,UNINCORPORATED,-122.87473297119141,38.420047760009766
91579043,2021,2021-09-24,9360,2021-08-27,1109,020386,,5,1,9,4900,0,2,4,,1,047,"SR-116 (LAKEVILLE HWY)","SR-116 (STAGE GULCH RD)",0.00,,Y,A,-,Y,,,116,,,,,,,Y,1,1,0,2,A,-,12,22450,A,N,B,C,A,A,H,-,A,A,0,,,Y,Y,Y,,C,02,0,0,0,0,0,0,0,1,0,"- ","- ",38.212230682373047,-122.54953002929688,SONOMA,UNINCORPORATED,-122.54955291748047,38.212192535400391
91580332,2021,2021-09-27,9360,2021-09-18,1020,020201,,6,1,9,4900,0,3,5,,2,005,"KING ROAD","NOMMSEN ROAD",500.00,N,N,B,-,N,,,,,,,,,,N,3,0,1,1,A,-,08,22107,,N,F,A,A,B,H,-,A,D,0,,Y,,,Y,,L,04,0,1,0,0,0,0,1,0,0,"- ","- ",38.272998809814453,-122.71601104736328,SONOMA,UNINCORPORATED,-122.71598052978516,38.272815704345703
91580456,2021,2021-09-27,9360,2021-09-18,1244,020386,,6,1,9,4900,0,2,4,,1,046,"BENNETT VALLEY RD","MATANZAS CREEK",1056.00,E,N,B,C,N,,,,,,,,,,Y,3,0,1,1,A,-,03,22350,,N,F,A,A,B,H,-,A,D,0,,,,,Y,,A,07,0,1,0,0,0,0,0,0,0,"- ","- ",38.413761138916016,-122.65277862548828,SONOMA,UNINCORPORATED,-122.59540557861328,38.384853363037109
91583093,2021,2021-09-29,9325,2021-09-22,0820,020776,,3,1,9,4900,0,2,4,,2,054,"ARNOLD DR","OLIVE AVE",540.00,S,N,A,-,N,,,,,,,,,,Y,3,0,1,2,A,-,03,22350,,N,C,C,A,A,H,-,A,D,0,,,,,Y,,A,01,0,1,0,0,0,0,0,0,0,"- ","- ",38.288078308105469,-122.49156188964844,SONOMA,UNINCORPORATED,-122.49150848388672,38.288082122802734
91583573,2021,2021-09-30,9360,2021-09-13,1330,022370,,1,1,9,4900,0,2,4,,1,046,"BENNETT VALLEY RD","KEISER RANCH RD",250.00,W,N,A,-,N,,,,,,,,,,Y,4,0,1,1,A,-,08,22107,,N,E,I,A,A,H,-,A,D,0,,,,,Y,,A,01,0,0,1,0,0,0,0,0,0,"- ","- ",38.38677978515625,-122.56617736816406,SONOMA,UNINCORPORATED,-122.56623840332031,38.386749267578125
91583633,2021,2021-09-30,9360,2021-07-24,0300,020905,,6,3,6,4905,0,1,3,,1,041,"US-101 NORTHBOUND","YOLANDA AVENUE",1650.00,S,N,A,-,Y,,,101,,,,,,N,Y,1,1,1,1,A,-,08,22107,,F,E,I,A,A,H,-,C,D,0,,,,,Y,,A,01,1,0,0,0,0,0,0,0,0,"- ","- ",38.408760070800781,-122.71566009521484,SONOMA,"SANTA ROSA",-122.7159423828125,38.408760070800781
91584185,2021,2021-09-30,9360,2021-09-20,1235,016660,,1,1,9,4900,0,3,5,,2,005,"MOUNTAIN VIEW AVE","SANTA ROSA AVE",3326.00,E,N,A,-,N,,,,,,,,,,Y,4,0,1,1,A,-,08,22107,,N,E,I,A,A,H,-,A,D,0,,,,,Y,,A,08,0,0,1,0,0,0,0,0,0,"- ","- ",38.819801330566406,-121.02760314941406,SONOMA,UNINCORPORATED,-122.70187377929688,38.379402160644531
91585840,2021,2021-10-01,9360,2021-08-11,0210,021458,,3,3,9,4900,0,2,4,,1,043,"OLD REDWOOD HIGHWAY","HIGHLAND AVE",190.00,S,N,A,-,N,,,,,,,,,,Y,1,1,0,1,A,-,08,22107,,F,E,I,A,A,H,-,D,D,0,,,Y,,Y,Y,C,02,0,0,0,0,0,0,0,1,0,"- ","- ",38.308120727539062,-122.68927001953125,SONOMA,UNINCORPORATED,-122.68921661376953,38.308177947998047
91588070,2021,2021-10-05,9360,2021-09-23,1430,020285,,4,2,6,4905,0,1,3,,1,051,"SR-12 W/B",US-101,190.00,W,N,A,-,Y,,,12,,,,,,W,Y,4,0,1,2,A,-,03,22350,,N,C,C,A,A,H,-,A,D,0,,,,,Y,,A,01,0,0,1,0,0,0,0,0,0,"- ","- ",38.431751251220703,-122.71687316894531,SONOMA,"SANTA ROSA",-122.71686553955078,38.431758880615234
91588158,2021,2021-10-05,9360,2021-09-23,2155,021458,,4,2,9,4900,0,2,4,,1,022,"OLD REDWOOD HIGHWAY","ANGELA DRIVE",1320.00,S,N,A,-,N,,,,,,,,,,Y,3,0,5,3,A,-,06,21751,,N,B,C,A,A,H,-,D,D,0,,,,,Y,,A,01,0,2,3,0,0,0,0,0,0,"- ","- ",38.485950469970703,-122.73532867431641,SONOMA,UNINCORPORATED,-122.73516082763672,38.485355377197266
91588449,2021,2021-10-05,9360,2021-09-24,1537,020266,,5,2,9,4900,0,2,4,,1,012,"DUTCHER CREEK ROAD","KNECHT ROAD",530.00,N,N,A,-,N,,,,,,,,,,N,3,0,1,1,A,-,01,23152,A,N,F,A,A,A,H,-,A,D,0,,,Y,,Y,Y,C,02,0,1,0,0,0,0,0,0,1,"- ","- ",38.737880706787109,-122.98519897460938,SONOMA,UNINCORPORATED,,
91589048,2021,2021-10-06,9360,2021-09-24,0055,022362,,5,3,9,4900,0,1,2,,1,010,"US-101 SOUTHBOUND","CITRUS FAIR DR",2023.00,S,N,A,-,Y,,,101,,,,,,S,Y,2,0,2,2,A,-,08,22107,,N,C,E,A,A,H,-,D,D,0,,,,Y,Y,,G,26,1,1,0,0,0,0,0,0,0,"- ","- ",38.800579071044922,-123.01322174072266,SONOMA,UNINCORPORATED,-123.01324462890625,38.800582885742188
91589310,2021,2021-10-06,9360,2021-09-23,1200,016660,,4,1,9,4900,0,1,2,,2,020,"US 101 N/B TO DRY CREEK RD","DRY CREEK RD",12.00,S,N,A,-,Y,,,,,,,,,,N,4,0,1,2,A,-,03,22350,,N,C,C,A,A,H,-,A,D,0,,,,Y,Y,,F,24,0,0,1,0,0,0,0,0,0,"- ","- ",38.626148223876953,-122.87740325927734,SONOMA,UNINCORPORATED,-122.87816619873047,38.624919891357422
91589819,2021,2021-10-06,9360,2021-09-28,1030,013838,,2,1,9,4900,0,3,5,,2,005,"W/B WILFRED AVE","WHISTLER AVE.",528.00,W,N,A,-,N,,,,,,,,,,N,2,0,1,1,D,-,00,,,N,F,A,A,A,H,-,A,D,0,,Y,,,Y,,-,"- ",1,0,0,0,0,0,1,0,0,"- ","- ",38.214698791503906,-122.43550109863281,SONOMA,UNINCORPORATED,-122.73107147216797,38.363235473632812
91590432,2021,2021-10-07,9360,2021-09-30,1025,019083,,4,1,9,4900,0,1,3,,1,061,SR-1,"TIMBER COVE ROAD",6336.00,S,N,A,-,Y,,,1,,,,,,,Y,3,0,1,1,A,-,08,22107,,N,E,8,A,A,H,-,A,D,0,,,,,Y,,D,22,0,1,0,0,0,0,0,0,0,"- ","- ",38.525379180908203,-123.26405334472656,SONOMA,UNINCORPORATED,-123.2640380859375,38.525356292724609
91590682,2021,2021-10-07,9360,2021-09-30,1604,020266,,4,2,3,4980,0,1,2,,2,030,"US-101 NB","OLD REDWOOD HIGHWAY",2500.00,S,N,A,-,Y,,,101,,,,,,N,Y,3,0,1,2,A,-,03,22350,,N,C,C,A,A,H,-,A,D,0,,,,,Y,,A,01,0,1,0,0,0,0,0,0,0,"- ","- ",38.536518096923828,-122.79978942871094,SONOMA,WINDSOR,-122.79978179931641,38.536525726318359
91590777,2021,2021-10-07,9360,2021-10-01,0900,021326,,5,1,2,4907,0,2,4,,1,044,"ADOBE ROAD","SONOMA MOUNTAIN ROAD",1300.00,S,N,A,-,N,,,,,,,,,,Y,4,0,2,2,A,-,06,21751,,N,A,C,A,A,H,-,A,D,0,,,,,Y,,A,01,0,0,2,0,0,0,0,0,0,"- ","- ",38.273681640625,-122.61756896972656,SONOMA,SONOMA,-122.61730194091797,38.273532867431641
91590850,2021,2021-10-07,9360,2021-09-25,1617,022693,,6,2,9,4900,0,1,2,,2,020,"S/B US 101","WESTSIDE RD OVERCROSSING",360.00,N,N,A,-,Y,,,,,,,,,,Y,3,0,1,1,A,-,01,23152,A,N,E,I,A,A,H,-,A,D,0,,,,,Y,Y,A,07,0,1,0,0,0,0,0,0,0,"- ","- ",38.608089447021484,-122.87420654296875,SONOMA,UNINCORPORATED,-122.87376403808594,38.608097076416016
91591019,2021,2021-10-07,9360,2021-10-05,0640,015434,,2,1,9,4900,0,2,4,,1,046,"CRANE CANYON RD","INVERNESS AVE",1584.00,E,N,B,-,N,,,,,,,,,,Y,3,0,1,1,A,-,08,22107,,N,E,I,A,A,H,-,D,D,0,,,,,Y,,A,01,0,1,0,0,0,0,0,0,0,"- ","- ",38.366939544677734,-122.65363311767578,SONOMA,UNINCORPORATED,-122.65309906005859,38.367279052734375
91592845,2021,2021-10-11,9325,2021-09-26,1645,022560,,7,2,9,4900,0,1,3,,1,063,SR-12,"W. THOMPSON AVE.",50.00,W,N,A,-,Y,,,12,,,,,,,N,3,0,2,2,A,-,01,23152,A,F,C,C,A,A,H,-,A,D,0,,,,,Y,Y,D,22,0,2,0,0,0,0,0,0,0,"- ","- ",38.309608459472656,-122.47926330566406,SONOMA,UNINCORPORATED,-122.47925567626953,38.309612274169922
91593850,2021,2021-10-12,9360,2021-09-19,0510,017761,,7,3,6,4905,0,1,2,,2,040,"US-101 NORTHBOUND","TODD ROAD OVERCROSSING",3696.00,N,N,B,-,Y,,,,,,,,,,Y,3,0,2,2,A,-,07,21658,A,F,C,C,A,B,H,-,C,D,0,,,,,Y,Y,A,01,0,1,1,0,0,0,0,0,0,"- ","- ",38.395889282226562,-122.71607971191406,SONOMA,"SANTA ROSA",-122.71604919433594,38.396411895751953
91593865,2021,2021-10-12,9360,2021-10-02,0045,022370,,6,3,9,4900,0,1,2,,1,060,"US-101 NB FROM PETALUMA BLVDN","PETALUMA BOULEVARD NORTH",220.00,S,N,A,-,Y,,,,,,,,,,Y,3,0,1,1,A,-,01,23152,A,N,E,I,A,A,H,-,D,D,0,,,,,Y,Y,A,01,0,1,0,0,0,0,0,0,0,"- ","- ",38.272518157958984,-122.66896057128906,SONOMA,UNINCORPORATED,-122.66956329345703,38.271835327148438
91593930,2021,2021-11-15,9325,2021-09-26,1215,019590,,7,1,9,4900,0,3,5,,2,005,"LEVERONI ROAD","ARNOLD DR",200.00,E,N,A,-,N,,,,,,,,,,Y,3,0,1,3,A,-,03,22350,,N,C,C,A,A,H,-,A,D,0,,,,,Y,,A,07,0,1,0,0,0,0,0,0,0,"- ","- ",38.582401275634766,-121.49539947509766,SONOMA,UNINCORPORATED,-122.49059295654297,38.2720947265625
91595145,2021,2021-10-13,9360,2021-10-01,2220,021458,,5,3,9,4900,0,2,4,,1,044,"SONOMA MOUNTAIN RD","PALM RD",2640.00,E,N,A,-,N,,,,,,,,,,Y,4,0,1,1,A,-,01,23152,A,M,E,I,A,A,H,-,D,D,0,,,,,Y,Y,A,01,0,0,1,0,0,0,0,0,0,"- ","- ",38.309818267822266,-122.58999633789062,SONOMA,UNINCORPORATED,,
91595337,2021,2021-10-13,9360,2021-10-02,1240,020803,,6,1,9,4900,0,3,5,,2,007,"VALLEY FORD FRANKLIN SCHOOL RD","DILLON BEACH RD",5808.00,N,N,A,-,N,,,,,,,,,,N,2,0,1,1,A,-,08,22107,,N,F,A,A,A,H,-,A,D,0,,Y,,,Y,,L,04,1,0,0,0,0,0,1,0,0,"- ","- ",38.256481170654297,-122.94243621826172,SONOMA,UNINCORPORATED,-122.94356536865234,38.264019012451172
91596370,2021,2021-10-14,9360,2021-10-05,0835,013838,,2,1,6,4905,0,1,2,,2,040,"US-101 N/B",SR-12,528.00,S,N,B,-,Y,,,,,,,,,,Y,4,0,1,3,A,-,04,21703,,N,C,C,A,A,H,-,A,D,0,,,,,Y,,A,01,0,0,1,0,0,0,0,0,0,"- ","- ",,,SONOMA,"SANTA ROSA",-122.71503448486328,38.429813385009766
91596584,2021,2021-10-14,9360,2021-09-13,1355,020285,,1,1,9,4900,0,1,3,,1,021,SR-128,"LA FRANCHI RD",1584.00,W,N,A,-,Y,,,128,,,,,,,Y,1,1,2,1,A,-,08,22107,,N,E,I,A,A,H,-,A,D,0,,,,,Y,,A,07,1,1,0,0,0,0,0,0,0,"- ","- ",38.649368286132812,-122.73277282714844,SONOMA,UNINCORPORATED,-122.73279571533203,38.649326324462891
91596761,2021,2021-10-14,9360,2021-10-06,1540,020285,,3,2,9,4900,0,3,5,,2,005,"MOORLAND AVE","ANTEEO WAY",60.00,N,N,A,-,N,,,,,,,,,,N,4,0,1,2,A,-,03,22350,,N,C,C,A,A,H,-,A,D,0,,,,,Y,,A,01,0,0,1,0,0,0,0,0,0,"- ","- ",38.396480560302734,-122.71849060058594,SONOMA,UNINCORPORATED,-122.71855926513672,38.396514892578125
91596823,2021,2021-10-14,9360,2021-10-07,2225,021904,,4,3,6,4905,0,1,2,,2,040,"US-101 NORTHBOUND","HEARN AVE O/C",479.00,S,N,A,-,Y,,,101,,,,,,N,Y,4,0,2,1,A,-,01,23152,A,N,E,I,A,A,H,-,C,D,0,,,,,Y,Y,A,07,0,0,2,0,0,0,0,0,0,"- ","- ",38.410579681396484,-122.7159423828125,SONOMA,"SANTA ROSA",-122.71592712402344,38.410579681396484
91597917,2021,2021-10-15,9360,2021-09-21,2150,019092,,2,2,5,4908,0,1,2,,1,060,"US-101 S/B TO E. WASHINGTON ST.","E. WASHINGTON ST",500.00,N,N,A,-,Y,,,101,,,,R,,S,N,4,0,1,2,A,-,03,22350,,M,C,C,A,A,H,-,C,D,0,,,,,Y,,A,01,0,0,1,0,0,0,0,0,0,"- ","- ",38.247570037841797,-122.62943267822266,SONOMA,PETALUMA,-122.62943267822266,38.247570037841797
91599952,2021,2021-10-19,9360,2021-10-08,1050,020905,,5,1,5,4908,0,1,2,,1,060,"US-101 S/B","CAUFIELD LANE",140.00,N,N,A,-,Y,,,101,,,,,,S,Y,4,0,1,2,A,-,03,22350,,N,C,C,A,A,H,-,A,D,0,,,,,Y,,A,01,0,0,1,0,0,0,0,0,0,"- ","- ",38.238059997558594,-122.62050628662109,SONOMA,PETALUMA,-122.6204833984375,38.238075256347656
91599959,2021,2021-10-19,9360,2021-10-05,1740,021445,,2,2,9,4900,0,2,4,,2,056,"STONY POINT ROAD","RAINSVILLE RD",0.00,,Y,B,-,N,,,,,,,,,,Y,3,0,1,2,A,-,03,22350,,N,B,C,A,A,H,-,A,D,0,,,Y,,Y,,C,02,0,1,0,0,0,0,0,0,1,"- ","- ",38.272659301757812,-122.67575073242188,SONOMA,UNINCORPORATED,-122.67572784423828,38.272678375244141
91600217,2021,2021-10-19,9360,2021-10-08,1550,021893,,5,2,6,4905,0,1,3,,1,051,"SR-12 E/B","OLIVE ST",790.00,W,N,A,-,Y,,,12,,,,,,E,Y,4,0,1,3,A,-,07,21658,A,N,B,C,A,A,H,-,A,A,0,,,,,Y,,A,01,0,0,1,0,0,0,0,0,0,"- ","- ",38.433269500732422,-122.72186279296875,SONOMA,"SANTA ROSA",-122.72186279296875,38.433242797851562