CASE_ID,ACCIDENT_YEAR,PROC_DATE,JURIS,COLLISION_DATE,COLLISION_TIME,OFFICER_ID,REPORTING_DISTRICT,DAY_OF_WEEK,CHP_SHIFT,POPULATION,CNTY_CITY_LOC,SPECIAL_COND,BEAT_TYPE,CHP_BEAT_TYPE,CITY_DIVISION_LAPD,CHP_BEAT_CLASS,BEAT_NUMBER,PRIMARY_RD,SECONDARY_RD,DISTANCE,DIRECTION,INTERSECTION,WEATHER_1,WEATHER_2,STATE_HWY_IND,CALTRANS_COUNTY,CALTRANS_DISTRICT,STATE_ROUTE,ROUTE_SUFFIX,POSTMILE_PREFIX,POSTMILE,LOCATION_TYPE,RAMP_INTERSECTION,SIDE_OF_HWY,TOW_AWAY,COLLISION_SEVERITY,NUMBER_KILLED,NUMBER_INJURED,PARTY_COUNT,PRIMARY_COLL_FACTOR,PCF_CODE_OF_VIOL,PCF_VIOL_CATEGORY,PCF_VIOLATION,PCF_VIOL_SUBSECTION,HIT_AND_RUN,TYPE_OF_COLLISION,MVIW,PED_ACTION,ROAD_SURFACE,ROAD_COND_1,ROAD_COND_2,LIGHTING,CONTROL_DEVICE,CHP_ROAD_TYPE,PEDESTRIAN_ACCIDENT,BICYCLE_ACCIDENT,MOTORCYCLE_ACCIDENT,TRUCK_ACCIDENT,NOT_PRIVATE_PROPERTY,ALCOHOL_INVOLVED,STWD_VEHTYPE_AT_FAULT,CHP_VEHTYPE_AT_FAULT,COUNT_SEVERE_INJ,COUNT_VISIBLE_INJ,COUNT_COMPLAINT_PAIN,COUNT_PED_KILLED,COUNT_PED_INJURED,COUNT_BICYCLIST_KILLED,COUNT_BICYCLIST_INJURED,COUNT_MC_KILLED,COUNT_MC_INJURED,PRIMARY_RAMP,SECONDARY_RAMP,LATITUDE,LONGITUDE,COUNTY,CITY,POINT_X,POINT_Y
91600258,2021,2021-10-19,9360,2021-10-09,1945,022333,,6,2,9,4900,0,1,2,,2,050,"US-101 S/B","PEPPER ROAD",1584.00,N,N,A,-,Y,,,101,,,,,,S,Y,3,0,3,2,A,-,07,21658,A,N,D,2,A,A,H,-,D,D,0,,,,,Y,,D,22,0,3,0,0,0,0,0,0,0,"- ","- ",38.287731170654297,-122.69043731689453,SONOMA,UNINCORPORATED,-122.69046020507812,38.287708282470703
91600459,2021,2021-10-19,9360,2021-10-11,0630,020731,,1,1,9,4900,0,2,4,,1,044,"ADOBE RD","HAMILTON ROAD",1584.00,E,N,A,-,N,,,,,,,,,,Y,2,0,3,3,A,-,09,21801,A,N,D,C,A,A,H,-,D,D,0,,,,,Y,,A,01,1,2,0,0,0,0,0,0,0,"- ","- ",38.251731872558594,-122.56365203857422,SONOMA,UNINCORPORATED,-122.55525207519531,38.248935699462891
91600680,2021,2021-10-19,9360,2021-10-11,0655,017693,,1,1,9,4900,0,3,5,,2,003,"GREEN VALLEY ROAD","THOMAS ROAD",287.00,W,N,A,-,N,,,,,,,,,,N,3,0,1,2,A,-,11,21950,B,F,G,B,D,A,H,-,A,D,0,Y,,,,Y,,N,60,0,1,0,0,1,0,0,0,0,"- ","- ",38.444488525390625,-122.89353179931641,SONOMA,UNINCORPORATED,-122.89333343505859,38.444488525390625
91601282,2021,2021-10-20,9360,2021-10-13,1738,020266,,3,2,9,4900,0,1,3,,1,013,SR-116,"F STREET",150.00,E,N,A,-,Y,,,116,,,,,,,Y,2,0,1,2,A,-,05,21460,A,N,D,C,A,A,H,-,A,D,0,,,Y,,Y,,C,03,1,0,0,0,0,0,0,0,1,"- ","- ",38.468929290771484,-123.00833129882812,SONOMA,UNINCORPORATED,-123.00830841064453,38.468914031982422
91601401,2021,2021-10-20,9350,2021-10-17,1740,021418,,7,2,9,4900,0,1,3,,2,137,"SR-37 E/B","LAKEVILLE HWY",70.00,E,N,C,-,Y,,,37,,,,,,E,N,4,0,2,1,A,-,08,22107,,N,E,I,A,B,H,-,B,D,0,,,,,Y,,A,07,0,0,2,0,0,0,0,0,0,"- ","- ",38.134349822998047,-122.47590637207031,SONOMA,UNINCORPORATED,-122.47585296630859,38.134258270263672
91601438,2021,2021-10-20,9325,2021-10-16,0130,022538,,6,3,9,4900,0,2,4,,1,055,"NAPA RD","ARROWHEAD MOUNTAIN RD",670.00,E,N,A,-,N,,,,,,,,,,Y,4,0,1,1,A,-,03,22350,,N,E,I,A,A,H,-,D,D,0,,,,,Y,,D,22,0,0,1,0,0,0,0,0,0,"- ","- ",38.260368347167969,-122.39768981933594,SONOMA,UNINCORPORATED,-122.39764404296875,38.260425567626953
91602396,2021,2021-10-21,9360,2021-10-06,0805,015812,,3,1,9,4900,0,2,4,,1,024,"PORTER CREEK ROAD","FRANZ VALLEY ROAD",528.00,E,N,B,-,N,,,,,,,,,,Y,3,0,2,2,A,-,03,22350,,N,C,C,A,A,H,-,A,D,0,,,,,Y,,A,01,0,2,0,0,0,0,0,0,0,"- ","- ",38.557849884033203,-122.69229888916016,SONOMA,UNINCORPORATED,-122.69325256347656,38.557415008544922
91603045,2021,2021-10-21,9360,2021-10-15,1610,020828,,5,2,9,4900,0,2,4,,1,052,"STONY POINT RD","SCENIC AVE",243.00,S,N,A,-,N,,,,,,,,,,N,3,0,1,3,A,-,03,22350,,N,C,C,A,A,H,-,A,D,0,,,,,Y,,A,01,0,1,0,0,0,0,0,0,0,"- ","- ",38.375728607177734,-122.74137878417969,SONOMA,UNINCORPORATED,-122.74142456054688,38.375614166259766
91603105,2021,2021-10-21,9360,2021-10-14,2325,022362,,4,3,6,4905,0,1,3,,1,051,"SR-12 WESTBOUND","DUTTON AVE",1835.00,W,N,A,-,Y,,,12,,,,,,W,Y,4,0,1,2,A,-,01,23152,A,N,C,4,A,A,H,-,D,D,0,,,,,Y,Y,D,22,0,0,1,0,0,0,0,0,0,"- ","- ",38.432281494140625,-122.73265838623047,SONOMA,"SANTA ROSA",-122.73265075683594,38.432235717773438
91604798,2021,2021-10-25,9360,2021-10-09,2215,022146,,6,3,9,4900,0,2,4,,1,046,"CRANE CANYON RD.","MOON RD.",0.15,W,N,A,-,N,,,,,,,,,,Y,2,0,3,1,A,-,03,22350,,N,E,I,A,A,H,-,D,D,0,,,,,Y,,A,01,3,0,0,0,0,0,0,0,0,"- ","- ",38.368408203125,-122.64869689941406,SONOMA,UNINCORPORATED,-122.64584350585938,38.369209289550781
91604832,2021,2021-10-25,9360,2021-10-09,1550,021893,,6,2,9,4900,0,3,5,,2,001,"WESTSIDE ROAD","SWEETWATER SPRINGS ROAD",2640.00,W,N,A,-,N,,,,,,,,,,Y,4,0,1,2,A,-,09,21804,A,N,D,C,A,A,H,-,A,D,0,,,,,Y,,A,01,0,0,1,0,0,0,0,0,0,"- ","- ",38.528881072998047,-122.86811828613281,SONOMA,UNINCORPORATED,-122.87152099609375,38.543109893798828
91606458,2021,2021-10-26,9360,2021-10-18,0625,014883,,1,1,9,4900,0,2,4,,1,032,"RIVER RD","MCPEAK RD",1056.00,W,N,B,-,N,,,,,,,,,,Y,4,0,1,1,A,-,03,22350,,N,E,I,A,B,H,-,D,A,0,,,,,Y,,D,22,0,0,1,0,0,0,0,0,0,"- ","- ",38.515888214111328,-122.96781921386719,SONOMA,UNINCORPORATED,-122.96431732177734,38.506637573242188
91606794,2021,2021-10-26,9360,2021-10-19,1811,021445,,2,2,6,4905,0,1,2,,2,050,"US-101 S/B",SR-12,1056.00,N,N,B,-,Y,,,101,,,,,,S,Y,4,0,1,2,C,-,18,,,N,E,I,A,A,H,-,B,D,0,,,,,Y,,-,"- ",0,0,1,0,0,0,0,0,0,"- ","- ",38.433540344238281,-122.71647644042969,SONOMA,"SANTA ROSA",-122.71645355224609,38.433547973632812
91608416,2021,2021-10-28,9325,2021-10-10,2130,022560,,7,2,9,4900,0,1,3,,1,053,SR-116,"ARNOLD DR",485.00,E,N,A,-,Y,,,116,,,,,,,Y,4,0,1,1,A,-,08,22107,,N,E,I,A,A,H,-,D,D,0,,,,,Y,,A,01,0,0,1,0,0,0,0,0,0,"- ","- ",38.253948211669922,-122.47811126708984,SONOMA,UNINCORPORATED,-122.47811889648438,38.253940582275391
91611907,2021,2021-11-01,9360,2021-10-17,0725,019083,,7,1,9,4900,0,1,3,,1,063,SR-1,"SMITH BROS. ROAD",1584.00,N,N,B,E,Y,,,1,,,,,,,Y,4,0,1,3,C,-,18,,,N,A,E,A,B,H,-,B,D,0,,,,,Y,,-,"- ",0,0,1,0,0,0,0,0,0,"- ","- ",38.327388763427734,-123.04225921630859,SONOMA,UNINCORPORATED,-123.04222869873047,38.327423095703125
91613349,2021,2021-11-02,9360,2021-10-24,1130,020905,,7,1,5,4908,0,1,2,,1,060,"US-101 NB","SR-116 (LAKEVILLE HWY)",240.00,S,N,B,C,Y,,,101,,,,,,N,Y,4,0,1,1,A,-,08,22107,,N,E,I,A,B,H,-,A,D,0,,,,,Y,,A,01,0,0,1,0,0,0,0,0,0,"- ","- ",38.232479095458984,-122.61727905273438,SONOMA,PETALUMA,-122.61737823486328,38.232429504394531
91613369,2021,2021-11-02,9360,2021-10-24,1700,020828,,7,2,9,4900,0,2,4,,1,052,"STONY POINT RD","WILFRED AVE",535.00,S,N,B,C,N,,,,,,,,,,Y,4,0,2,2,A,-,01,23152,A,N,C,C,A,B,H,-,B,D,0,,,,,Y,Y,A,01,0,0,2,0,0,0,0,0,0,"- ","- ",38.36212158203125,-122.74137878417969,SONOMA,UNINCORPORATED,-122.74134826660156,38.361770629882812
91613641,2021,2021-11-02,9360,2021-10-25,0900,015187,,1,1,9,4900,0,2,4,,1,022,"OLD REDWOOD HIGHWAY","MARK WEST SPRINGS RD.",30.00,N,N,B,-,N,,,,,,,,,,Y,4,0,1,2,A,-,03,22350,,N,C,C,A,B,H,-,A,D,0,,,,,Y,,D,22,0,0,1,0,0,0,0,0,0,"- ","- ",38.497318267822266,-122.74842834472656,SONOMA,UNINCORPORATED,-122.74813842773438,38.497188568115234
91615094,2021,2021-11-03,9360,2021-10-06,1720,015812,,3,2,9,4900,0,1,3,,1,021,SR-128,"SONOMA/MENDOCINO COUNTY LINE",14256.00,E,N,A,-,Y,,,128,,,,,,,Y,3,0,3,2,A,-,05,21460,A,N,A,C,A,A,H,-,A,D,0,,,,,Y,Y,A,01,0,3,0,0,0,0,0,0,0,"- ","- ",38.835418701171875,-123.05332183837891,SONOMA,UNINCORPORATED,-123.05329132080078,38.835426330566406
91615999,2021,2021-11-04,9360,2021-10-27,0530,015552,,3,3,9,4900,0,1,3,,1,061,SR-1,"PACIFIC AVE.",5280.00,N,N,B,C,Y,,,1,,,,,,,Y,3,0,1,1,A,-,08,22107,,N,E,I,A,B,H,-,D,D,0,,,,,Y,,A,07,0,1,0,0,0,0,0,0,0,"- ","- ",38.45513916015625,-123.13365936279297,SONOMA,UNINCORPORATED,-123.1336669921875,38.455169677734375
91616603,2021,2021-11-04,9360,2021-10-28,1508,020266,,4,2,9,4900,0,1,3,,1,013,"SR-116 (MAIN STREET)","MILL STREET",0.00,,Y,A,-,Y,,,116,,,,,,,N,2,0,1,2,A,-,10,21950,A,N,G,B,B,A,H,-,A,D,0,Y,,,,Y,,A,01,1,0,0,0,1,0,0,0,0,"- ","- ",38.501979827880859,-123.00023651123047,SONOMA,UNINCORPORATED,-123.00023651123047,38.501991271972656
91617632,2021,2021-11-05,9350,2021-11-03,1530,019150,,3,2,9,4900,0,1,3,,2,137,"SR-37 E/B",SR-121,1056.00,W,N,A,-,Y,,,37,,,,,,E,N,4,0,1,2,A,-,03,22350,,N,C,C,A,A,H,-,A,D,0,,,,Y,Y,,F,25,0,0,1,0,0,0,0,0,0,"- ","- ",38.149250030517578,-122.45191955566406,SONOMA,UNINCORPORATED,-122.45192718505859,38.149257659912109
91619895,2021,2021-11-09,9360,2021-10-09,2215,022647,,6,3,9,4900,0,1,2,,1,010,"US 101 NORTHBOUND","ZANZI LANE",1056.00,N,N,A,-,Y,,,,,,,,,,Y,2,0,4,3,A,-,01,23152,A,M,A,C,A,A,H,-,D,D,0,,,,,Y,Y,A,01,2,2,0,0,0,0,0,0,0,"- ","- ",38.743068695068359,-122.95304870605469,SONOMA,UNINCORPORATED,-122.97232055664062,38.756809234619141
91621787,2021,2021-11-10,9360,2021-10-30,1355,020803,,6,1,9,4900,0,1,3,,1,063,SR-1,"BEAN AVENUE",95.00,S,N,B,-,Y,,,1,,,,,,,N,4,0,1,2,A,-,09,21804,A,N,D,C,A,B,H,-,A,D,0,,,,,Y,,A,07,0,0,1,0,0,0,0,0,0,"- ","- ",38.351551055908203,-123.0606689453125,SONOMA,UNINCORPORATED,-123.06069946289062,38.351520538330078
91621812,2021,2021-11-10,9360,2021-10-30,2000,022333,,6,2,5,4908,0,1,2,,1,060,"US-101 S/B","CORONA RD",4752.00,S,N,A,-,Y,,,,,,,,,,Y,3,0,2,2,A,-,06,21755,A,F,B,C,A,A,D,-,D,D,0,,,,,Y,,A,01,0,2,0,0,0,0,0,0,0,"- ","- ",38.350040435791016,-122.72074127197266,SONOMA,PETALUMA,-122.65650939941406,38.262248992919922
91622381,2021,2021-11-11,9360,2021-11-01,1600,020828,,1,2,6,4905,0,1,2,,2,040,"US-101 N/B","HEARN AVE",2000.00,S,N,B,C,Y,,,101,,,,,,N,N,4,0,1,2,A,-,03,22350,,N,C,C,A,B,H,-,A,D,0,,,,,Y,,A,01,0,0,1,0,0,0,0,0,0,"- ","- ",38.406009674072266,-122.7159423828125,SONOMA,"SANTA ROSA",-122.71595001220703,38.406009674072266
91622705,2021,2021-11-11,9360,2021-10-22,1931,022257,,5,2,6,4905,0,1,3,,1,051,"SR-12 E/B","FARMERS LANE",415.00,W,N,A,-,Y,,,12,,,,,,E,Y,3,0,1,2,A,-,01,23152,A,N,C,C,A,A,H,-,D,A,0,,,,,Y,Y,A,01,0,1,0,0,0,0,0,0,0,"- ","- ",38.435398101806641,-122.68923950195312,SONOMA,"SANTA ROSA",-122.68923950195312,38.435390472412109
91624737,2021,2021-11-15,9360,2021-10-29,1754,021893,,5,2,6,4905,0,1,2,,2,030,"US-101 N/B","STEELE LN",1056.00,N,N,B,-,Y,,,101,,,,,,N,Y,4,0,1,1,A,-,08,22107,,N,E,I,A,A,H,-,A,D,0,,,,,Y,,A,07,0,0,1,0,0,0,0,0,0,"- ","- ",38.463329315185547,-122.72625732421875,SONOMA,"SANTA ROSA",-122.72645568847656,38.463298797607422
91624840,2021,2021-11-15,9360,2021-10-30,1505,021893,,6,2,9,4900,0,1,3,,1,041,SR-12,"GREENE ST",0.00,,Y,B,-,Y,,,12,,,,,,,N,4,0,2,2,A,-,09,21802,A,N,D,C,A,A,H,-,A,A,0,,,,,Y,,A,01,0,0,2,0,0,0,0,0,0,"- ","- ",38.420749664306641,-122.55268859863281,SONOMA,UNINCORPORATED,-122.55266571044922,38.420772552490234
91625665,2021,2021-11-16,9360,2021-11-05,0655,021326,,5,1,9,4900,0,2,4,,1,044,"CORONA ROAD","ADOBE ROAD",10.00,W,N,B,-,N,,,,,,,,,,Y,4,0,1,2,A,-,08,22107,,N,B,C,A,A,H,-,B,D,0,,,,,Y,,D,22,0,0,1,0,0,0,0,0,0,"- ","- ",38.285888671875,-122.63964080810547,SONOMA,UNINCORPORATED,-122.63948059082031,38.285926818847656
91625968,2021,2021-11-16,9360,2021-11-05,2330,021187,,5,3,6,4905,0,1,2,,2,030,"US-101 NB TO BICENTENNIAL WY WB","BICENTENNIAL WAY",50.00,N,N,A,-,Y,,,101,,,,R,,N,N,4,0,1,1,A,-,01,23152,F,N,E,I,A,A,H,-,D,D,0,,,,,Y,,A,01,0,0,1,0,0,0,0,0,0,"- ","- ",38.471111297607422,-122.72823333740234,SONOMA,"SANTA ROSA",-122.72823333740234,38.471111297607422
91626037,2021,2021-11-16,9360,2021-11-06,0340,021904,,6,3,6,4905,0,1,2,,2,030,"US-101 NORTHBOUND","RIVER ROAD",4330.00,S,N,A,-,Y,,,,,,,,,,Y,3,0,1,1,A,-,01,23152,A,N,E,I,A,A,H,-,C,D,0,,,,,Y,Y,D,22,0,1,0,0,0,0,0,0,0,"- ","- ",38.488071441650391,-122.74471282958984,SONOMA,"SANTA ROSA",-122.74483489990234,38.488193511962891
91626129,2021,2021-11-16,9360,2021-11-06,1610,020803,,6,2,9,4900,0,1,3,,1,063,SR-1,"SMITH BROTHERS ROAD",0.00,,Y,A,-,Y,,,1,,,,,,,Y,3,0,1,2,A,-,03,22350,,N,C,C,A,A,H,-,A,D,0,,,,,Y,,A,01,0,1,0,0,0,0,0,0,0,"- ","- ",38.322849273681641,-123.03691864013672,SONOMA,UNINCORPORATED,-123.03691864013672,38.322853088378906
91628025,2021,2021-11-18,9360,2021-08-08,0410,017761,,7,3,4,4904,0,1,2,,2,050,"US-101 NORTHBOUND","ROHNERT PARK EXPRESSWAY",98.00,N,N,B,-,Y,,,101,,,,,,N,Y,1,1,4,4,A,-,13,21718,A,N,G,1,E,A,H,-,C,D,0,Y,,,,Y,Y,N,60,0,4,0,1,0,0,0,0,0,"- ","- ",38.348548889160156,-122.7130126953125,SONOMA,"ROHNERT PARK",-122.71294403076172,38.348552703857422
91628045,2021,2021-11-18,9360,2021-11-06,0900,020386,,6,1,9,4900,0,2,4,,1,044,"OLD ADOBE RD","FRATES RD",5280.00,S,N,A,-,N,,,,,,,,,,Y,4,0,2,2,A,-,09,21801,A,N,D,C,A,A,H,-,A,D,0,,,,,Y,,A,07,0,0,2,0,0,0,0,0,0,"- ","- ",38.248519897460938,-122.55387115478516,SONOMA,UNINCORPORATED,-122.57830047607422,38.251560211181641
91628154,2021,2021-11-18,9360,2021-11-09,1030,016524,,2,1,9,4900,0,1,3,,1,037,"SR-116 W/B","GREEN VALLEY RD.",0.00,,Y,A,-,Y,,,116,,,,,,W,Y,3,0,2,2,A,-,09,21800,A,N,D,C,A,B,H,-,A,A,0,,,,,Y,,A,07,0,1,1,0,0,0,0,0,0,"- ","- ",38.445819854736328,-122.86666107177734,SONOMA,UNINCORPORATED,-122.86671447753906,38.445808410644531
91628362,2021,2021-11-18,9360,2021-11-09,2120,022370,,2,2,9,4900,0,1,2,,2,020,"US-101 SB","ARATA LN",1050.00,N,N,B,-,Y,,,101,,,,,,S,Y,4,0,1,1,A,-,08,22107,,N,E,I,A,B,H,-,D,D,0,,,,,Y,,M,47,0,0,1,0,0,0,0,0,0,"- ","- ",38.564258575439453,-122.82559967041016,SONOMA,UNINCORPORATED,-122.82554626464844,38.564308166503906
91628583,2021,2021-11-18,9360,2021-11-10,0653,015434,,3,1,9,4900,0,1,2,,2,050,"US 101 S/B","PETALUMA BLVD N",1056.00,N,N,B,-,Y,,,,,,,,,,Y,3,0,4,4,A,-,03,22350,,N,C,C,A,B,H,-,B,D,0,,,,,Y,,A,07,0,1,3,0,0,0,0,0,0,"- ","- ",38.275028228759766,-122.67392730712891,SONOMA,UNINCORPORATED,-122.67015838623047,38.272090911865234
91630688,2021,2021-11-19,9360,2021-09-29,1034,013838,,3,1,9,4900,0,1,3,,1,051,"SR-12 WESTBOUND","IRWIN LANE",2112.00,E,N,A,-,Y,,,12,,,,,,W,Y,1,1,1,2,A,-,05,21460,A,N,A,C,A,A,H,-,A,D,0,,,,Y,Y,,D,22,1,0,0,0,0,0,0,0,0,"- ","- ",38.416721343994141,-122.78639221191406,SONOMA,UNINCORPORATED,-122.786376953125,38.416698455810547
91632508,2021,2021-11-22,9360,2021-11-12,1725,020828,,5,2,4,4904,0,1,2,,2,050,"US-101 N/B","ROHNERT PARK EXPRESSWAY",1200.00,S,N,A,-,Y,,,101,,,,,,N,Y,2,0,2,4,A,-,03,22350,,N,C,C,A,A,H,-,C,D,0,,,,,Y,,A,07,1,0,1,0,0,0,0,0,0,"- ","- ",38.336811065673828,-122.71282958984375,SONOMA,"ROHNERT PARK",-122.71274566650391,38.336811065673828
91632829,2021,2021-11-23,9360,2021-11-11,2130,022362,,4,2,9,4900,0,2,4,,1,042,"PETALUMA HILL ROAD","ROHNERT PARK EXPRESSWAY",12.00,S,N,A,-,N,,,,,,,,,,Y,3,0,1,2,A,-,01,23153,A,N,C,C,A,A,H,-,C,A,0,,,,,Y,Y,A,07,0,1,0,0,0,0,0,0,0,"- ","- ",38.345840454101562,-122.66690826416016,SONOMA,UNINCORPORATED,-122.66690063476562,38.345905303955078
91632831,2021,2021-11-23,9360,2021-11-12,1235,021326,,5,1,9,4900,0,2,4,,1,042,"PETALUMA HILL ROAD","WINTERHAVEN AVENUE",1460.00,S,N,A,-,N,,,,,,,,,,Y,2,0,1,2,A,-,08,22107,,N,B,C,A,A,H,-,A,D,0,,,,,Y,,D,22,1,0,0,0,0,0,0,0,0,"- ","- ",38.405948638916016,-122.69985198974609,SONOMA,UNINCORPORATED,-122.70416259765625,38.409160614013672
91632841,2021,2021-11-23,9360,2021-11-12,1730,022257,,5,2,6,4905,0,1,2,,2,040,"SR-12 E/B","DUTTON AVE",1200.00,E,N,A,-,Y,,,12,,,,,,E,Y,2,0,1,1,A,-,08,22107,,N,E,8,A,A,H,-,B,D,0,,,,,Y,,A,01,1,0,0,0,0,0,0,0,0,"- ","- ",38.433151245117188,-122.72164916992188,SONOMA,"SANTA ROSA",-122.72164154052734,38.433223724365234
91632872,2021,2021-11-23,9360,2021-11-12,2005,020803,,5,2,9,4900,0,1,3,,1,053,"ROBLAR ROAD","CANFIELD ROAD",3500.00,W,N,A,-,N,,,,,,,,,,Y,4,0,1,1,A,-,08,22107,,N,F,A,A,A,H,-,D,D,0,,,,,Y,,A,07,0,0,1,0,0,0,0,0,0,"- ","- ",38.318820953369141,-122.80603790283203,SONOMA,UNINCORPORATED,-122.80625915527344,38.319252014160156
91633350,2021,2021-11-23,9360,2021-10-02,1115,020803,,6,1,9,4900,0,1,3,,1,063,SR-1,"CARLEVARO WAY",650.00,S,N,A,-,Y,,,1,,,,,,,Y,1,1,0,1,A,-,08,22107,,N,F,A,A,A,H,-,A,D,0,,,Y,,Y,,C,02,0,0,0,0,0,0,0,1,0,"- ","- ",38.410381317138672,-123.09750366210938,SONOMA,UNINCORPORATED,-123.09750366210938,38.410358428955078
91633357,2021,2021-11-23,9360,2021-10-26,2045,021187,,2,2,9,4900,0,1,2,,2,030,SR-128,"STREBEL ROAD",70.00,W,N,C,-,Y,,,,,,,,,,Y,1,1,0,1,A,-,08,22107,,N,D,I,A,B,H,-,D,D,0,,,,,Y,,A,01,0,0,0,0,0,0,0,0,0,"- ","- ",38.349899291992188,-122.72083282470703,SONOMA,UNINCORPORATED,-122.65770721435547,38.611736297607422
91633642,2021,2021-11-23,9360,2021-11-17,1720,021445,,3,2,6,4905,0,1,3,,1,051,"SR-12 E/B","BROOKWOOD AVENUE",5.00,W,N,A,-,Y,,,12,,,,,,E,Y,3,0,2,2,A,-,03,22350,,N,C,C,A,A,H,-,A,D,0,,,,,Y,,A,07,0,1,1,0,0,0,0,0,0,"- ","- ",38.433479309082031,-122.69927978515625,SONOMA,"SANTA ROSA",-122.69927978515625,38.433486938476562
91633945,2021,2021-11-24,9360,2021-11-15,1400,020828,,1,2,9,4900,0,2,4,,1,022,"OLD REDWOOD HWY","EASTSIDE RD",380.00,N,N,B,-,N,,,,,,,,,,Y,2,0,1,2,A,-,03,22350,,N,C,C,A,A,H,-,A,D,0,,,,,Y,,D,22,1,0,0,0,0,0,0,0,0,"- ","- ",38.576831817626953,-122.84274291992188,SONOMA,UNINCORPORATED,-122.84145355224609,38.573890686035156
91634212,2021,2021-11-24,9360,2021-11-20,0350,019092,,6,3,5,4908,0,1,2,,1,060,"US-101 NORTHBOUND","E. WASHINGTON ST",3168.00,N,N,B,-,Y,,,101,,,,,,N,N,4,0,1,1,A,-,08,22107,,N,E,I,A,B,H,-,D,D,0,,,,,Y,,A,01,0,0,1,0,0,0,0,0,0,"- ","- ",38.25177001953125,-122.63690185546875,SONOMA,PETALUMA,-122.63692474365234,38.251724243164062
91634224,2021,2021-11-24,9360,2021-11-22,1418,018881,,1,2,9,4900,0,1,3,,1,063,SR-1,"DORAN PARK ROAD (SOUTH)",0.00,,Y,A,-,Y,,,1,,,,,,,Y,3,0,3,3,A,-,05,21460,A,N,A,C,A,A,H,-,A,D,0,,,,,Y,,A,07,0,3,0,0,0,0,0,0,0,"- ","- ",38.317440032958984,-123.02880859375,SONOMA,UNINCORPORATED,-123.02881622314453,38.317470550537109
91634712,2021,2021-11-24,9360,2021-11-11,1735,019794,,4,2,9,4900,0,2,4,,1,024,"MARK WEST SPRINGS RD","QUIETWATER RD",3.00,E,N,A,-,N,,,,,,,,,,N,2,0,1,1,A,-,08,22107,,N,F,A,A,A,H,-,D,D,0,,,Y,,Y,,C,02,1,0,0,0,0,0,0,0,1,"- ","- ",38.505329132080078,-122.73265838623047,SONOMA,UNINCORPORATED,-122.73258972167969,38.505271911621094
91634779,2021,2021-11-24,9360,2021-11-18,1610,016045,,4,2,9,4900,0,2,4,,1,043,"OLD REDWOOD HWY","E. RAILROAD AVE",0.00,,Y,B,-,N,,,,,,,,,,Y,3,0,2,2,A,-,09,21802,A,N,D,C,A,A,H,-,C,A,0,,,,,Y,,E,22,0,2,0,0,0,0,0,0,0,"- ","- ",38.314308166503906,-122.69439697265625,SONOMA,UNINCORPORATED,-122.69438171386719,38.3143310546875
91635290,2021,2021-11-25,9360,2021-11-24,1550,016045,,3,2,9,4900,0,2,4,,1,044,"ADOBE RD","FRATES RD",6336.00,E,N,A,-,N,,,,,,,,,,Y,3,0,1,2,A,-,03,22350,,N,C,C,A,A,H,-,A,D,0,,,,,Y,,A,01,0,1,0,0,0,0,0,0,0,"- ","- ",38.249828338623047,-122.55777740478516,SONOMA,UNINCORPORATED,-122.55881500244141,38.250144958496094
91636295,2021,2021-11-29,9360,2021-11-18,1510,022333,,4,2,6,4905,0,1,2,,2,040,"US-101 S/B","THIRD ST",60.00,N,N,B,-,Y,,,101,,,,,,S,N,4,0,1,2,A,-,03,22350,,N,C,C,A,A,H,-,A,D,0,,,,,Y,,A,07,0,0,1,0,0,0,0,0,0,"- ","- ",38.437381744384766,-122.71830749511719,SONOMA,"SANTA ROSA",-122.71827697753906,38.437400817871094
91636298,2021,2021-11-29,9360,2021-11-18,1635,022333,,4,2,6,4905,0,1,2,,2,040,"US-101 S/B","THIRD ST",75.00,S,N,B,-,Y,,,101,,,,,,S,N,4,0,1,3,A,-,03,22350,,N,C,C,A,A,H,-,A,D,0,,,,,Y,,A,01,0,0,1,0,0,0,0,0,0,"- ","- ",38.437179565429688,-122.71810913085938,SONOMA,"SANTA ROSA",-122.71812438964844,38.437171936035156
91636339,2021,2021-12-28,9325,2021-11-11,1910,018954,,4,2,9,4900,0,3,5,,2,005,"LEVERONI ROAD","5TH STREET WEST",0.00,,Y,A,-,N,,,,,,,,,,Y,4,0,1,2,A,-,12,21453,A,N,A,C,A,A,H,-,D,A,0,,,,,Y,,-,"- ",0,0,1,0,0,0,0,0,0,"- ","- ",38.276958465576172,-122.47058868408203,SONOMA,UNINCORPORATED,-122.47061157226562,38.276920318603516
91636363,2021,2021-11-29,9360,2021-11-18,1715,022333,,4,2,4,4904,0,1,2,,2,050,"US-101 N/B","GOLF COURE DR",1056.00,S,N,A,-,Y,,,101,,,,,,N,N,4,0,1,2,A,-,07,21658,A,N,B,2,A,A,H,-,C,D,0,,,,,Y,,A,01,0,0,1,0,0,0,0,0,0,"- ","- ",38.359470367431641,-122.712890625,SONOMA,"ROHNERT PARK",-122.71300506591797,38.359474182128906