CASE_ID,ACCIDENT_YEAR,PROC_DATE,JURIS,COLLISION_DATE,COLLISION_TIME,OFFICER_ID,REPORTING_DISTRICT,DAY_OF_WEEK,CHP_SHIFT,POPULATION,CNTY_CITY_LOC,SPECIAL_COND,BEAT_TYPE,CHP_BEAT_TYPE,CITY_DIVISION_LAPD,CHP_BEAT_CLASS,BEAT_NUMBER,PRIMARY_RD,SECONDARY_RD,DISTANCE,DIRECTION,INTERSECTION,WEATHER_1,WEATHER_2,STATE_HWY_IND,CALTRANS_COUNTY,CALTRANS_DISTRICT,STATE_ROUTE,ROUTE_SUFFIX,POSTMILE_PREFIX,POSTMILE,LOCATION_TYPE,RAMP_INTERSECTION,SIDE_OF_HWY,TOW_AWAY,COLLISION_SEVERITY,NUMBER_KILLED,NUMBER_INJURED,PARTY_COUNT,PRIMARY_COLL_FACTOR,PCF_CODE_OF_VIOL,PCF_VIOL_CATEGORY,PCF_VIOLATION,PCF_VIOL_SUBSECTION,HIT_AND_RUN,TYPE_OF_COLLISION,MVIW,PED_ACTION,ROAD_SURFACE,ROAD_COND_1,ROAD_COND_2,LIGHTING,CONTROL_DEVICE,CHP_ROAD_TYPE,PEDESTRIAN_ACCIDENT,BICYCLE_ACCIDENT,MOTORCYCLE_ACCIDENT,TRUCK_ACCIDENT,NOT_PRIVATE_PROPERTY,ALCOHOL_INVOLVED,STWD_VEHTYPE_AT_FAULT,CHP_VEHTYPE_AT_FAULT,COUNT_SEVERE_INJ,COUNT_VISIBLE_INJ,COUNT_COMPLAINT_PAIN,COUNT_PED_KILLED,COUNT_PED_INJURED,COUNT_BICYCLIST_KILLED,COUNT_BICYCLIST_INJURED,COUNT_MC_KILLED,COUNT_MC_INJURED,PRIMARY_RAMP,SECONDARY_RAMP,LATITUDE,LONGITUDE,COUNTY,CITY,POINT_X,POINT_Y
91636610,2021,2021-11-29,9360,2021-11-15,1350,017761,,1,1,2,4901,0,1,2,,1,010,"US 101 NORTHBOUND","DUTCHER CREEK ROAD",300.00,S,N,A,-,Y,,,,,,,,,,Y,4,0,1,1,A,-,08,22107,,N,E,I,A,A,H,-,A,D,0,,,,,Y,,D,22,0,0,1,0,0,0,0,0,0,"- ","- ",38.766139984130859,-122.99253082275391,SONOMA,CLOVERDALE,-122.99948883056641,38.772869110107422
91636684,2021,2021-11-29,9360,2021-11-10,2045,022333,,3,2,6,4905,0,1,2,,2,040,"US-101 S/B TO SR-12 W/B","OLIVE ST",98.00,E,N,A,-,Y,,,101,,,,R,,S,Y,3,0,1,1,A,-,01,23152,A,M,E,I,A,A,H,-,D,D,0,,,,,Y,Y,A,01,0,1,0,0,0,0,0,0,0,"- ","- ",38.432788848876953,-122.71859741210938,SONOMA,"SANTA ROSA",-122.71859741210938,38.432788848876953
91637300,2021,2021-11-29,9360,2021-11-19,0700,021326,,5,1,9,4900,0,1,3,,1,041,SR-12,"PYTHIAN ROAD",1920.00,E,N,B,-,Y,,,12,,,,,,,Y,3,0,2,4,A,-,06,21751,,N,A,2,A,B,H,-,A,D,0,,,,,Y,,D,22,0,1,1,0,0,0,0,0,0,"- ","- ",38.432899475097656,-122.57212829589844,SONOMA,UNINCORPORATED,-122.57213592529297,38.432888031005859
91639250,2021,2021-12-01,9360,2021-11-19,1305,016660,,5,1,9,4900,0,2,4,,1,024,"MARK WEST SPRINGS RD","MARK WEST LN",157.00,E,N,B,C,N,,,,,,,,,,Y,4,0,1,1,A,-,08,22107,,N,E,I,A,B,H,-,A,D,0,,,,,Y,,A,07,0,0,1,0,0,0,0,0,0,"- ","- ",38.531421661376953,-122.72579956054688,SONOMA,UNINCORPORATED,-122.72555541992188,38.530460357666016
91642120,2021,2021-12-03,9360,2021-11-17,1750,019794,,3,2,9,4900,0,2,4,,1,038,"BODEGA HWY","BOHEMIAN HWY",1000.00,E,N,A,-,N,,,,,,,,,,Y,3,0,1,1,A,-,08,22107,,N,E,I,A,A,H,-,D,D,0,,,,,Y,,A,07,0,1,0,0,0,0,0,0,0,"- ","- ",38.374931335449219,-122.90780639648438,SONOMA,UNINCORPORATED,-122.90821075439453,38.374843597412109
91642172,2021,2021-12-03,9325,2021-11-28,1420,021382,,7,2,9,4900,0,3,5,,2,006,"LONDON RANCH RD.","CHAUVET RD.",1584.00,W,N,A,-,N,,,,,,,,,,N,2,0,1,1,A,-,08,22107,,N,E,I,A,A,H,-,A,D,0,,,,,Y,,M,96,1,0,0,0,0,0,0,0,0,"- ","- ",38.361709594726562,-122.53563690185547,SONOMA,UNINCORPORATED,-122.53493499755859,38.362098693847656
91643361,2021,2021-12-06,9325,2021-11-20,1515,019590,,6,2,9,4900,0,1,3,,1,072,SR-121,"MAFFEI ROAD",100.00,S,N,A,-,Y,,,121,,,,,,,N,4,0,1,2,A,-,09,21801,A,N,D,C,A,A,H,-,A,D,0,,,,,Y,,D,22,0,0,1,0,0,0,0,0,0,"- ","- ",38.237941741943359,-122.45610809326172,SONOMA,UNINCORPORATED,-122.45611572265625,38.237964630126953
91643425,2021,2021-12-06,9360,2021-11-20,1705,021893,,6,2,9,4900,0,2,4,,1,032,"7590 MIRABEL ROAD","DAVIS LN",1056.00,N,N,A,-,N,,,,,,,,,,N,4,0,1,1,A,-,01,23152,A,N,E,I,A,A,H,-,D,D,0,,,,,Y,Y,A,01,0,0,1,0,0,0,0,0,0,"- ","- ",38.484729766845703,-122.89497375488281,SONOMA,UNINCORPORATED,-122.89486694335938,38.483798980712891
91643910,2021,2021-12-06,9360,2021-11-20,1835,022257,,6,2,6,4905,0,1,2,,2,040,"SR-12 EASTBOUND TO DUTTON AVE","DUTTON AVE",600.00,W,N,A,-,Y,,,12,,,,R,,E,Y,3,0,1,1,A,-,01,23152,A,N,E,I,A,A,H,-,B,D,0,,,,,Y,Y,A,07,0,1,0,0,0,0,0,0,0,"- ","- ",38.432468414306641,-122.72833251953125,SONOMA,"SANTA ROSA",-122.72833251953125,38.432468414306641
91644138,2021,2021-12-06,9360,2021-09-26,1500,020803,,7,2,9,4900,0,1,3,,1,061,SR-1,"FORT ROSS ROAD",6336.00,N,N,A,-,Y,,,1,,,,,,,Y,1,1,0,1,A,-,08,22107,,N,E,I,A,A,G,-,A,D,0,,,Y,,Y,,C,02,0,0,0,0,0,0,0,1,0,"- ","- ",38.524639129638672,-123.26454925537109,SONOMA,UNINCORPORATED,-123.26457214355469,38.524654388427734
91644224,2021,2021-12-06,9360,2021-11-22,1945,016045,,1,2,9,4900,0,1,2,,2,050,"US-101 N/B TO RAILROAD AVE","RAILROAD AVE",200.00,S,N,A,-,Y,,,,,,,,,,N,3,0,1,2,A,-,13,22515,A,N,G,B,E,A,H,-,C,D,0,Y,,,,Y,,N,60,0,1,0,0,1,0,0,0,0,"- ","- ",38,-122,SONOMA,UNINCORPORATED,-122.70780181884766,38.303298950195312
91645111,2021,2021-12-07,9360,2021-11-24,1522,018790,,3,2,9,4900,0,3,5,,2,006,"KASTANIA RD","US 101 N/B TO KASTANIA RD",0.00,,Y,A,-,N,,,,,,,,,,Y,4,0,1,2,A,-,12,21453,A,N,D,C,A,A,H,-,A,A,0,,,,,Y,,D,22,0,0,1,0,0,0,0,0,0,"- ","- ",38.221141815185547,-122.60730743408203,SONOMA,UNINCORPORATED,,
91645673,2021,2021-12-07,9360,2021-11-26,2010,022333,,5,2,9,4900,0,2,4,,1,054,"BODEGA AVE","FEATHER HILL LN",739.00,W,N,A,-,N,,,,,,,,,,Y,3,0,1,2,A,-,05,21460,A,N,A,C,A,A,H,-,D,D,0,,,,,Y,,A,01,0,1,0,0,0,0,0,0,0,"- ","- ",38.249641418457031,-122.69502258300781,SONOMA,UNINCORPORATED,-122.69486999511719,38.249576568603516
91646233,2021,2021-12-08,9360,2021-11-27,2200,022371,,6,3,9,4900,0,3,5,,2,004,"SONOMA MOUNTAIN ROAD","OLD ADOBE ROAD",7920.00,N,N,A,-,N,,,,,,,,,,Y,3,0,1,1,A,-,03,22350,,N,F,A,A,A,H,-,D,D,0,,,,,Y,,A,07,0,1,0,0,0,0,0,0,0,"- ","- ",38.294681549072266,-122.6036376953125,SONOMA,UNINCORPORATED,-122.605224609375,38.292823791503906
91646319,2021,2021-12-08,9325,2021-11-30,1110,018379,,2,1,9,4900,0,3,5,,2,005,SR-121,SR-12,20.00,N,N,A,-,N,,,,,,,,,,N,3,0,1,2,A,-,03,22350,,N,C,C,A,A,H,-,A,D,0,,,,,Y,,D,22,0,1,0,0,0,0,0,0,0,"- ","- ",38.245170593261719,-121.44918823242188,SONOMA,UNINCORPORATED,-122.44832611083984,38.243064880371094
91646486,2021,2021-12-08,9360,2021-11-30,0828,016524,,2,1,9,4900,0,1,3,,1,037,SR-116,"MILL STATION RD.",120.00,W,N,A,-,Y,,,116,,,,,,,Y,4,0,2,2,A,-,05,21460,A,N,B,C,A,A,H,-,A,A,0,,,,,Y,,A,07,0,0,2,0,0,0,0,0,0,"- ","- ",38.413028717041016,-122.84308624267578,SONOMA,UNINCORPORATED,-122.84317779541016,38.412956237792969
91646758,2021,2021-12-08,9360,2021-11-29,1205,013838,,1,1,6,4905,0,1,2,,2,040,"US-101 S/B",SR-12,2112.00,S,N,A,-,Y,,,101,,,,,,S,Y,4,0,1,3,A,-,04,21703,,N,C,C,A,A,H,-,A,D,0,,,,Y,Y,,A,01,0,0,1,0,0,0,0,0,0,"- ","- ",38.424270629882812,-122.71518707275391,SONOMA,"SANTA ROSA",-122.71514892578125,38.424270629882812
91647757,2021,2022-08-30,9360,2021-10-17,0130,019794,,7,3,9,4900,0,1,2,,2,030,"US-101 S/B TO ARATA LANE","ARATA LANE",2500.00,N,N,A,-,Y,,,101,,,,R,,S,Y,1,1,0,1,A,-,01,23152,,N,E,8,A,A,H,-,C,D,0,,,,,Y,Y,A,01,0,0,0,0,0,0,0,0,0,"- ","- ",38.567211151123047,-122.82884979248047,SONOMA,UNINCORPORATED,-122.82884979248047,38.567211151123047
91647958,2021,2021-12-09,9360,2021-11-28,1824,021893,,7,2,9,4900,0,3,5,,2,003,"FULTON ROAD","D STREET",1056.00,S,N,A,-,N,,,,,,,,,,N,4,0,1,1,A,-,08,22107,,N,E,I,A,A,H,-,D,A,0,,,,,Y,,A,07,0,0,1,0,0,0,0,0,0,"- ","- ",38.491321563720703,-122.77002716064453,SONOMA,UNINCORPORATED,-122.77015686035156,38.491035461425781
91649923,2021,2021-12-13,9360,2021-11-27,1705,021445,,6,2,9,4900,0,2,4,,1,024,"MARK WEST SPRINGS RD","MARK WEST SPRINGS LN",2798.00,W,N,A,-,N,,,,,,,,,,N,4,0,1,1,A,-,01,23152,A,N,E,I,A,A,H,-,B,D,0,,,,,Y,Y,A,07,0,0,1,0,0,0,0,0,0,"- ","- ",38.537738800048828,-122.72360992431641,SONOMA,UNINCORPORATED,-122.72372436523438,38.537723541259766
91649933,2021,2021-12-13,9360,2021-11-25,1930,019366,,4,2,9,4900,0,2,4,,1,038,"BOHEMIAN HIGHWAY","BOHEMIAN LANE",35.00,N,N,B,-,N,,,,,,,,,,Y,3,0,1,1,A,-,08,22107,,N,E,I,A,A,H,-,D,D,0,,,,,Y,,D,22,0,1,0,0,0,0,0,0,0,"- ","- ",38.391918182373047,-122.93434143066406,SONOMA,UNINCORPORATED,-122.93392944335938,38.391613006591797
91650470,2021,2021-12-13,9360,2021-12-02,1530,019359,,4,2,9,4900,0,2,4,,1,024,"MARK WEST SPRINGS RD","URSULINE RD",680.00,E,N,A,-,N,,,,,,,,,,Y,3,0,1,3,A,-,03,22350,,M,C,C,A,A,H,-,A,D,0,,,,,Y,,D,22,0,1,0,0,0,0,0,0,0,"- ","- ",38.500919342041016,-122.73916625976562,SONOMA,UNINCORPORATED,-122.73883056640625,38.501113891601562
91652001,2021,2021-12-14,9360,2021-12-02,1735,016045,,4,2,9,4900,0,1,2,,2,050,"US 101 N/B","ROHNERT PARK EXP",2640.00,N,N,A,-,Y,,,,,,,,,,Y,4,0,1,2,A,-,03,22350,,N,C,C,A,A,H,-,C,D,0,,,,,Y,,A,08,0,0,1,0,0,0,0,0,0,"- ","- ",38.357429504394531,-122.71305084228516,SONOMA,UNINCORPORATED,-122.7130126953125,38.349231719970703
91652788,2021,2021-12-15,9360,2021-12-02,1420,019794,,4,2,9,4900,0,3,5,,2,003,"WILLOWSIDE ROAD","GREEN OAKS DRIVE",0.00,,Y,A,-,N,,,,,,,,,,N,3,0,1,2,A,-,08,22107,,F,G,B,E,A,H,-,A,D,0,Y,,,,Y,,-,99,0,1,0,0,1,0,0,0,0,"- ","- ",38.436740875244141,-122.8067626953125,SONOMA,UNINCORPORATED,-122.80673980712891,38.436786651611328
91653122,2021,2021-12-15,9360,2021-12-06,1255,017693,,1,1,9,4900,0,3,5,,2,004,"SANTA ROSA AVE","FLEMMING WY",60.00,N,N,B,-,N,,,,,,,,,,Y,4,0,2,2,A,-,09,21801,A,N,D,C,A,A,H,-,A,D,0,,,,,Y,,A,01,0,0,2,0,0,0,0,0,0,"- ","- ",38.376670837402344,-122.71340942382812,SONOMA,UNINCORPORATED,-122.71343994140625,38.376644134521484
91653703,2021,2021-12-16,9360,2021-11-20,2335,021989,,6,3,9,4900,0,1,2,,1,060,"US-101 SOUTHBOUND","PETALUMA BOULEVARD NORTH",1200.00,N,N,A,-,Y,,,,,,,,,,Y,2,0,1,2,A,-,00,21960,A,N,G,B,E,A,H,-,C,D,0,Y,,,,Y,,N,60,1,0,0,0,1,0,0,0,0,"- ","- ",38.274421691894531,-122.67324066162109,SONOMA,UNINCORPORATED,-122.67015838623047,38.272090911865234
91654937,2021,2021-12-17,9360,2021-12-03,1900,022146,,5,2,9,4900,0,3,5,,2,003,"WOHLER RD.","RIVER RD.",1848.00,N,N,A,-,N,,,,,,,,,,Y,4,0,1,2,A,-,05,21460,A,N,B,C,A,A,H,-,D,D,0,,,,,Y,,A,01,0,0,1,0,0,0,0,0,0,"- ","- ",38.494060516357422,-122.88031768798828,SONOMA,UNINCORPORATED,-122.88042449951172,38.494136810302734
91654938,2021,2021-12-17,9360,2021-12-06,1740,019359,,1,2,9,4900,0,2,4,,1,044,"ADOBE ROAD","FRATES ROAD",70.00,E,N,C,-,N,,,,,,,,,,N,4,0,1,2,A,-,03,22350,,N,C,C,A,B,H,-,C,D,0,,,,,Y,,D,22,0,0,1,0,0,0,0,0,0,"- ","- ",38.251838684082031,-122.57817077636719,SONOMA,UNINCORPORATED,-122.57815551757812,38.251716613769531
91655225,2021,2021-12-17,9360,2021-12-07,1120,016660,,2,1,9,4900,0,1,3,,1,053,SR-116,"HESSEL RD",10.00,E,N,B,-,Y,,,,,,,,,,N,3,0,1,2,A,-,03,22350,,N,C,C,A,A,H,-,A,D,0,,,,,Y,,A,01,0,1,0,0,0,0,0,0,0,"- ","- ",38.362308502197266,-121.77813720703125,SONOMA,UNINCORPORATED,-122.77818298339844,38.362339019775391
91655325,2021,2021-12-17,9360,2021-11-29,1845,021893,,1,2,9,4900,0,2,4,,1,046,"WARM SPRINGS RD","SONOMA MOUNTAIN RD",1584.00,W,N,B,-,N,,,,,,,,,,N,3,0,2,1,A,-,08,22107,,N,E,I,A,A,H,-,D,D,0,,,,,Y,,D,22,0,2,0,0,0,0,0,0,0,"- ","- ",38.370941162109375,-122.54367828369141,SONOMA,UNINCORPORATED,-122.54384613037109,38.370956420898438
91656011,2021,2021-12-20,9360,2021-12-07,1735,022128,,2,2,6,4905,0,2,4,,1,043,"SR-12 W/B","GORDON LANE",1056.00,E,N,B,-,Y,,,12,,,,,,W,N,3,0,1,2,A,-,07,21658,A,N,B,C,A,A,H,-,C,D,0,,,,,Y,,A,07,0,1,0,0,0,0,0,0,0,"- ","- ",38.435218811035156,-122.69268035888672,SONOMA,"SANTA ROSA",-122.69264984130859,38.435123443603516
91656338,2021,2021-12-20,9325,2021-12-08,1950,017538,,3,2,9,4900,0,3,5,,2,006,"AGUA CALIENTE RD","LAKE ST.",0.00,,Y,B,-,N,,,,,,,,,,N,3,0,1,2,A,-,08,22107,,N,D,C,A,B,H,-,A,A,0,,,,,Y,,A,01,0,1,0,0,0,0,0,0,0,"- ","- ",38.323978424072266,-122.49208068847656,SONOMA,UNINCORPORATED,-122.49214172363281,38.323951721191406
91656873,2021,2021-12-20,9360,2021-12-08,1750,019359,,3,2,9,4900,0,1,2,,2,030,"US-101 S/B","RIVER ROAD",1800.00,S,N,A,-,Y,,,101,,,,,,S,Y,4,0,1,2,A,-,03,22350,,N,C,C,A,A,H,-,C,D,0,,,,,Y,,A,07,0,0,1,0,0,0,0,0,0,"- ","- ",38.492828369140625,-122.75167083740234,SONOMA,UNINCORPORATED,-122.75168609619141,38.492801666259766
91657359,2021,2021-12-21,9360,2021-12-09,0825,020386,,4,1,5,4908,0,1,2,,1,060,"US-101 S/B","EAST WASHINGTON ST",5280.00,N,N,A,-,Y,,,101,,,,,,S,N,4,0,3,2,A,-,03,22350,,N,C,C,A,A,D,-,A,D,0,,,,,Y,,A,01,0,0,3,0,0,0,0,0,0,"- ","- ",38.254848480224609,-122.64341735839844,SONOMA,PETALUMA,-122.64340972900391,38.254863739013672
91657512,2021,2021-12-21,9360,2021-12-10,1315,020731,,5,1,9,4900,0,2,4,,2,056,"STONY POINT ROAD","ROBLAR ROAD",150.00,N,N,A,-,N,,,,,,,,,,Y,3,0,1,2,A,-,09,21804,A,N,D,C,A,A,H,-,A,D,0,,,,,Y,,A,07,0,1,0,0,0,0,0,0,0,"- ","- ",38.314571380615234,-122.73549652099609,SONOMA,UNINCORPORATED,-122.73545837402344,38.314533233642578
91657623,2021,2021-12-21,9360,2021-12-10,1625,018828,,5,2,9,4900,0,2,4,,1,024,"MARK WEST SPRINGS ROAD","OLD REDWOOD HWY",450.00,E,N,A,-,N,,,,,,,,,,Y,3,0,1,3,A,-,03,22350,,N,C,C,A,A,H,-,A,D,0,,,,,Y,,D,22,0,1,0,0,0,0,0,0,0,"- ","- ",38.497879028320312,-122.74655151367188,SONOMA,UNINCORPORATED,-122.74668884277344,38.497699737548828
91659058,2021,2021-12-22,9360,2021-12-10,1728,018828,,5,2,9,4900,0,1,2,,2,030,"US-101 S/B","RIVER ROAD",5808.00,S,N,A,-,Y,,,101,,,,,,S,N,4,0,1,2,A,-,04,21703,,N,C,C,A,A,H,-,D,D,0,,,,,Y,,D,22,0,0,1,0,0,0,0,0,0,"- ","- ",38.485408782958984,-122.74118804931641,SONOMA,UNINCORPORATED,-122.7412109375,38.485378265380859
91660493,2021,2021-12-23,9360,2021-12-13,0414,021904,,1,3,9,4900,0,3,5,,2,003,"AIRPORT BLVD","REGIONAL PARKWAY",220.00,W,N,C,-,N,,,,,,,,,,Y,2,0,1,1,A,-,01,23152,A,N,E,I,A,B,H,-,C,D,0,,,,,Y,Y,A,07,1,0,0,0,0,0,0,0,0,"- ","- ",38.511081695556641,-122.78720092773438,SONOMA,UNINCORPORATED,-122.78707122802734,38.511131286621094
91660597,2021,2021-12-23,9360,2021-12-13,1005,020905,,1,1,9,4900,0,3,5,,2,005,"D STREET","WINDSOR DRIVE",4200.00,W,N,B,-,N,,,,,,,,,,Y,4,0,1,1,A,-,08,22107,,N,E,I,A,B,H,-,A,D,0,,,,,Y,,A,07,0,0,1,0,0,0,0,0,0,"- ","- ",38.210430145263672,-122.64621734619141,SONOMA,UNINCORPORATED,-122.646484375,38.210357666015625
91660962,2021,2021-12-24,9360,2021-12-11,0130,021904,,6,3,9,4900,0,1,2,,2,020,"OLD REDWOOD HIGHWAY","LIMERICK LANE",430.00,N,N,A,-,N,,,,,,,,,,Y,3,0,1,1,A,-,08,22107,,M,F,I,A,A,H,-,D,D,0,,,,,Y,,A,01,0,1,0,0,0,0,0,0,0,"- ","- ",38.589519500732422,-122.85009002685547,SONOMA,UNINCORPORATED,-122.84990692138672,38.589214324951172
91660964,2021,2021-12-24,9360,2021-12-11,0605,020386,,6,1,6,4905,0,1,3,,1,051,"SR-12 W/B","DUTTON AVE",55.00,E,N,A,-,Y,,,12,,,,,,W,Y,4,0,1,1,A,-,01,23152,A,N,E,I,A,A,H,-,C,D,0,,,,,Y,Y,A,01,0,0,1,0,0,0,0,0,0,"- ","- ",38.432991027832031,-122.72564697265625,SONOMA,"SANTA ROSA",-122.72568511962891,38.433208465576172
91660972,2021,2021-12-24,9360,2021-12-14,0638,015812,,2,1,3,4980,0,1,2,,2,030,"US-101 S/B","SHILOH ROAD (O/C)",150.00,S,N,B,-,Y,,,101,,,,,,S,Y,4,0,1,1,A,-,08,22107,,N,E,I,A,B,H,-,C,D,0,,,,,Y,,D,22,0,0,1,0,0,0,0,0,0,"- ","- ",38.525379180908203,-122.79003143310547,SONOMA,WINDSOR,-122.7899169921875,38.525482177734375
91661109,2021,2021-12-24,9360,2021-12-14,0845,013838,,2,1,6,4905,0,1,2,,2,040,"US-101 N/B","HEARN AVE",528.00,S,N,A,-,Y,,,101,,,,,,N,Y,3,0,1,2,A,-,04,21703,,N,C,C,A,A,H,-,A,D,0,,,,,Y,,A,01,0,1,0,0,0,0,0,0,0,"- ","- ",38.413101196289062,-122.7159423828125,SONOMA,"SANTA ROSA",-122.71591186523438,38.413101196289062
91661112,2021,2021-12-24,9325,2021-12-11,1525,022562,,6,2,9,4900,0,3,5,,2,006,"ARNOLD DRIVE","CENTER STREET",40.00,S,N,B,-,N,,,,,,,,,,N,3,0,1,2,A,-,03,22350,,N,G,B,E,A,H,-,A,D,0,Y,,,,Y,,D,22,0,1,0,0,1,0,0,0,0,"- ","- ",38.296821594238281,-122.49076080322266,SONOMA,UNINCORPORATED,-122.49083709716797,38.296848297119141
91661278,2021,2021-12-24,9360,2021-12-15,2100,019092,,3,2,9,4900,0,2,4,,1,012,"CANYON RD","WALLING RD",1056.00,E,N,C,-,N,,,,,,,,,,N,4,0,1,1,A,-,08,22107,,N,E,I,A,B,H,-,D,D,0,,,,,Y,,A,01,0,0,1,0,0,0,0,0,0,"- ","- ",38.704521179199219,-122.93389129638672,SONOMA,UNINCORPORATED,-122.93357849121094,38.704566955566406
91661280,2021,2021-12-24,9360,2021-12-15,0100,022371,,3,3,9,4900,0,3,5,,2,004,"PRESSLEY ROAD","ORR RANCH ROAD",500.00,S,N,A,-,N,,,,,,,,,,N,4,0,1,1,A,-,01,23152,A,N,E,I,A,B,H,-,D,D,0,,,,,Y,Y,A,01,0,0,1,0,0,0,0,0,0,"- ","- ",38.356719970703125,-122.63619995117188,SONOMA,UNINCORPORATED,-122.63624572753906,38.356746673583984
91662149,2021,2021-12-27,9325,2021-12-16,1730,021081,,4,2,9,4900,0,3,5,,2,006,"VERANO AVE","LOMITA AVE",0.00,,Y,A,-,N,,,,,,,,,,N,2,0,1,2,D,-,00,,,N,G,B,D,A,H,-,D,A,0,Y,,,,Y,,-,"- ",1,0,0,0,1,0,0,0,0,"- ","- ",38.302539825439453,-122.47283172607422,SONOMA,UNINCORPORATED,-122.47459411621094,38.302650451660156
91662395,2021,2021-12-27,9360,2021-12-07,1824,022128,,2,2,6,4905,0,1,3,,1,051,"SR-12 W/B","GORDON LANE",1056.00,E,N,B,-,Y,,,12,,,,,,W,N,4,0,1,3,A,-,01,23152,A,N,B,C,A,A,H,-,C,D,0,,,,Y,Y,Y,A,01,0,0,1,0,0,0,0,0,0,"- ","- ",38.435298919677734,-122.69193267822266,SONOMA,"SANTA ROSA",-122.69193267822266,38.435314178466797
91662674,2021,2021-12-27,9360,2021-12-16,1503,018828,,4,2,9,4900,0,2,4,,1,024,"MARK WEST SPRINGS ROAD","RIEBLI ROAD",0.00,,Y,A,-,N,,,,,,,,,,Y,4,0,3,2,A,-,09,21802,A,N,B,C,A,A,H,-,A,A,0,,,,,Y,,A,01,0,0,3,0,0,0,0,0,0,"- ","- ",38.5076904296875,-122.71987915039062,SONOMA,UNINCORPORATED,-122.71924591064453,38.507984161376953
91666225,2021,2021-12-30,9360,2021-12-17,1800,022257,,5,2,6,4905,0,3,5,,2,005,"MOORLAND AVE","MOORLAND AVE AT THISTLE LANE",0.00,,Y,B,-,N,,,,,,,,,,N,4,0,2,3,A,-,10,21950,A,N,G,B,D,A,H,-,B,D,0,Y,,,,Y,,A,01,0,0,2,0,2,0,0,0,0,"- ","- ",38.398738861083984,-122.71855926513672,SONOMA,"SANTA ROSA",-122.71852874755859,38.398750305175781
91666336,2021,2021-12-30,9360,2021-12-18,1345,022128,,6,1,5,4908,0,2,4,,1,057,"PETALUMA BLVD N",CORONA,1003.00,N,N,A,-,N,,,,,,,,,,Y,4,0,1,1,C,-,18,,,N,E,I,A,A,H,-,A,D,0,,,,,Y,,-,"- ",0,0,1,0,0,0,0,0,0,"- ","- ",38.261489868164062,-122.66365814208984,SONOMA,PETALUMA,-122.66357421875,38.261383056640625
91666465,2021,2021-12-30,9360,2021-12-16,2030,016045,,4,2,9,4900,0,2,4,,1,043,"OLD REDWOOD HWY","RAILROAD AVE",200.00,N,N,B,-,N,,,,,,,,,,Y,3,0,1,1,A,-,08,22107,,N,E,I,A,B,H,-,C,D,0,,,,,Y,,D,22,0,1,0,0,0,0,0,0,0,"- ","- ",38.314800262451172,-122.69479370117188,SONOMA,UNINCORPORATED,-122.69484710693359,38.314739227294922
91666600,2021,2021-12-30,9360,2021-12-18,1400,018828,,6,2,4,4904,0,1,2,,2,050,"US-101 S/B TO ROHNERT PARK EXPRESSWAY","ROHNERT PARK EXPRESSWAY",250.00,N,N,A,-,Y,,,101,,,,R,,S,N,4,0,1,2,A,-,03,22350,,N,C,C,A,A,H,-,A,D,0,,,,,Y,,A,07,0,0,1,0,0,0,0,0,0,"- ","- ",38.349189758300781,-122.71449279785156,SONOMA,"ROHNERT PARK",-122.71449279785156,38.349189758300781
91666666,2021,2023-01-18,9360,2021-12-19,0100,022371,,7,3,9,4900,0,2,4,,1,057,"STONY POINT ROAD","STONY GLEN LANE",640.00,N,N,A,-,N,,,,,,,,,,Y,4,0,1,1,A,-,01,23152,A,N,E,I,A,A,H,-,D,D,0,,,,,Y,Y,A,01,0,0,1,0,0,0,0,0,0,"- ","- ",,,SONOMA,UNINCORPORATED,-122.74134063720703,38.342937469482422
91667500,2021,2021-12-31,9360,2021-12-20,1020,021326,,1,1,2,4907,0,2,4,,1,046,"CRANE CANYON ROAD","GRANGE ROAD",130.00,W,N,B,-,N,,,,,,,,,,Y,3,0,1,1,A,-,01,23152,A,N,E,I,A,A,H,-,A,D,0,,,,,Y,Y,D,22,0,1,0,0,0,0,0,0,0,"- ","- ",38.371391296386719,-122.63915252685547,SONOMA,SONOMA,-122.63899993896484,38.371501922607422
91667513,2021,2022-05-23,9360,2021-12-10,1725,021893,,5,2,9,4900,0,3,5,,2,003,"OCCIDENTAL RD","IRWIN LN",0.00,,Y,B,-,N,,,,,,,,,,N,4,0,1,2,A,-,09,21802,A,N,D,C,A,A,H,-,D,A,0,,,,,Y,,A,07,0,0,1,0,0,0,0,0,0,"- ","- ",38.423328399658203,-122.78813171386719,SONOMA,UNINCORPORATED,-122.78807067871094,38.423332214355469
91668371,2021,2022-01-03,9360,2021-12-17,1120,020905,,5,1,9,4900,0,3,5,,2,005,"PLEASANT HILL ROAD","GRUNDEL DRIVE",60.00,E,N,A,-,N,,,,,,,,,,N,3,0,1,1,A,-,08,22107,,N,F,A,A,B,H,-,A,D,0,,,Y,,Y,,C,02,0,1,0,0,0,0,0,0,1,"- ","- ",38.392330169677734,-122.83701324462891,SONOMA,UNINCORPORATED,-122.8370361328125,38.392322540283203