CASE_ID,ACCIDENT_YEAR,PROC_DATE,JURIS,COLLISION_DATE,COLLISION_TIME,OFFICER_ID,REPORTING_DISTRICT,DAY_OF_WEEK,CHP_SHIFT,POPULATION,CNTY_CITY_LOC,SPECIAL_COND,BEAT_TYPE,CHP_BEAT_TYPE,CITY_DIVISION_LAPD,CHP_BEAT_CLASS,BEAT_NUMBER,PRIMARY_RD,SECONDARY_RD,DISTANCE,DIRECTION,INTERSECTION,WEATHER_1,WEATHER_2,STATE_HWY_IND,CALTRANS_COUNTY,CALTRANS_DISTRICT,STATE_ROUTE,ROUTE_SUFFIX,POSTMILE_PREFIX,POSTMILE,LOCATION_TYPE,RAMP_INTERSECTION,SIDE_OF_HWY,TOW_AWAY,COLLISION_SEVERITY,NUMBER_KILLED,NUMBER_INJURED,PARTY_COUNT,PRIMARY_COLL_FACTOR,PCF_CODE_OF_VIOL,PCF_VIOL_CATEGORY,PCF_VIOLATION,PCF_VIOL_SUBSECTION,HIT_AND_RUN,TYPE_OF_COLLISION,MVIW,PED_ACTION,ROAD_SURFACE,ROAD_COND_1,ROAD_COND_2,LIGHTING,CONTROL_DEVICE,CHP_ROAD_TYPE,PEDESTRIAN_ACCIDENT,BICYCLE_ACCIDENT,MOTORCYCLE_ACCIDENT,TRUCK_ACCIDENT,NOT_PRIVATE_PROPERTY,ALCOHOL_INVOLVED,STWD_VEHTYPE_AT_FAULT,CHP_VEHTYPE_AT_FAULT,COUNT_SEVERE_INJ,COUNT_VISIBLE_INJ,COUNT_COMPLAINT_PAIN,COUNT_PED_KILLED,COUNT_PED_INJURED,COUNT_BICYCLIST_KILLED,COUNT_BICYCLIST_INJURED,COUNT_MC_KILLED,COUNT_MC_INJURED,PRIMARY_RAMP,SECONDARY_RAMP,LATITUDE,LONGITUDE,COUNTY,CITY,POINT_X,POINT_Y
91668378,2021,2022-01-03,9360,2021-12-17,1600,022257,,5,2,6,4905,0,2,4,,1,046,"BENNETT VALLEY ROAD","GRANGE ROAD",0.00,,Y,A,-,N,,,,,,,,,,Y,3,0,1,2,A,-,12,22450,A,N,D,C,A,A,H,-,A,D,0,,,,,Y,,A,01,0,1,0,0,0,0,0,0,0,"- ","- ",38.398521423339844,-122.63710021972656,SONOMA,"SANTA ROSA",-122.63710784912109,38.39849853515625
91668399,2021,2022-01-03,9360,2021-12-21,0205,022371,,2,3,9,4900,0,1,2,,2,030,"US-101 S/B","AIRPORT BOULEVARD",1584.00,N,N,A,-,Y,,,101,,,,,,S,Y,3,0,3,2,A,-,01,23152,A,N,C,C,A,A,H,-,D,D,0,,,,,Y,Y,A,01,0,3,0,0,0,0,0,0,0,"- ","- ",38.514900207519531,-122.78005218505859,SONOMA,UNINCORPORATED,-122.78010559082031,38.514842987060547
91669002,2021,2022-01-04,9360,2021-12-21,1525,019359,,2,2,6,4905,0,1,2,,2,030,"US-101 S/B","MENDOCINO AVE",1056.00,N,N,C,-,Y,,,101,,,,,,S,Y,4,0,1,1,A,-,08,22107,,N,E,I,A,B,H,-,A,D,0,,,,,Y,,D,22,0,0,1,0,0,0,0,0,0,"- ","- ",38.477821350097656,-122.73271942138672,SONOMA,"SANTA ROSA",-122.73259735107422,38.477878570556641
91669870,2021,2022-01-04,9360,2021-12-17,0910,016660,,5,1,9,4900,0,1,2,,2,020,"US 101 N/B","MILL ST",3907.00,S,N,A,-,Y,,,,,,,,,,Y,2,0,1,1,A,-,08,22107,,N,E,I,A,A,H,-,A,D,0,,,,,Y,,A,01,1,0,0,0,0,0,0,0,0,"- ","- ",38.600189208984375,-122.86257934570312,SONOMA,UNINCORPORATED,-122.87265014648438,38.607307434082031
91670924,2021,2022-01-05,9350,2021-12-29,1615,019150,,3,2,9,4900,0,1,3,,2,137,"SR-37 E/B","PORT SONOMA MARINA",0.00,,Y,B,C,Y,,,37,,,,,,E,Y,4,0,2,2,A,-,09,21804,A,N,D,C,A,B,H,-,A,D,0,,,,,Y,,A,07,0,0,2,0,0,0,0,0,0,"- ","- ",38.124320983886719,-122.49227905273438,SONOMA,UNINCORPORATED,-122.49229431152344,38.124340057373047
91670955,2021,2022-01-05,9360,2021-12-23,1832,018828,,4,2,9,4900,0,3,5,,2,003,"EASTSIDE ROAD","WINDSOR RIVER ROAD",0.00,,Y,B,C,N,,,,,,,,,,Y,3,0,1,1,A,-,03,22350,,N,E,I,A,B,H,-,D,D,0,,,,,Y,Y,A,07,0,1,0,0,0,0,0,0,0,"- ","- ",38.547580718994141,-122.84602355957031,SONOMA,UNINCORPORATED,-122.84611511230469,38.547531127929688
91671109,2021,2022-01-05,9360,2021-12-24,0545,020731,,5,3,9,4900,0,1,2,,1,060,"US-101 S/B","CORONA RD O/C",500.00,N,N,B,-,Y,,,,,,,,,,Y,4,0,1,1,A,-,08,22107,,N,E,8,A,A,D,-,C,D,0,,,,,Y,,A,07,0,0,1,0,0,0,0,0,0,"- ","- ",38.266700744628906,-122.66374969482422,SONOMA,UNINCORPORATED,-122.65792846679688,38.263050079345703
91671247,2021,2022-01-05,9360,2021-12-25,0025,022362,,6,3,5,4908,0,1,2,,1,060,"US-101 S/B","CORONA RD",486.00,S,N,C,-,Y,,,101,,,,,,S,Y,2,0,1,1,A,-,01,23152,A,N,E,8,A,B,D,-,D,D,0,,,,,Y,Y,A,01,1,0,0,0,0,0,0,0,0,"- ","- ",38.262859344482422,-122.65762329101562,SONOMA,PETALUMA,-122.65761566162109,38.262866973876953
91671448,2021,2022-01-05,9360,2021-12-27,0925,015187,,1,1,9,4900,0,2,4,,1,024,"PORTER CREEK RD.","FRANZ VALLEY RD.",1056.00,E,N,B,C,N,,,,,,,,,,Y,4,0,1,1,A,-,03,22350,,N,E,I,A,B,H,-,A,D,0,,,,,Y,,A,07,0,0,1,0,0,0,0,0,0,"- ","- ",38.558330535888672,-122.689453125,SONOMA,UNINCORPORATED,-122.691650390625,38.558132171630859
91672125,2021,2022-01-06,9350,2021-12-23,2030,020979,,4,2,9,4900,0,1,3,,2,137,"SR-37 E/B","SEARS POINT ROAD",0.00,,Y,A,-,Y,,,37,,,,,,E,Y,2,0,3,2,A,-,09,21802,A,N,D,C,A,B,H,-,D,D,0,,,,,Y,,A,07,3,0,0,0,0,0,0,0,0,"- ","- ",38.124370574951172,-122.49236297607422,SONOMA,UNINCORPORATED,-122.49233245849609,38.124317169189453
91672614,2021,2022-01-06,9360,2021-12-23,0655,016660,,4,1,5,4908,0,1,2,,1,060,"US 101 N/B","CORONA RD",5280.00,S,N,B,C,Y,,,,,,,,,,Y,4,0,1,1,A,-,08,22107,,N,E,8,A,D,D,-,E,A,0,,,,,Y,,A,07,0,0,1,0,0,0,0,0,0,"- ","- ",38.255378723144531,-122.64388275146484,SONOMA,PETALUMA,-122.64933013916016,38.258399963378906
91672687,2021,2022-01-06,9360,2021-12-27,1000,015812,,1,1,9,4900,0,1,3,,1,021,"SR-128 (OAT VALLEY ROAD)","OLD REDWOOD HIGHWAY",0.00,,Y,B,-,Y,,,128,,,,,,,Y,3,0,1,2,A,-,12,22450,A,N,D,C,A,B,H,-,A,A,0,,,,,Y,,A,01,0,1,0,0,0,0,0,0,0,"- ","- ",38.819160461425781,-123.02227783203125,SONOMA,UNINCORPORATED,-123.02226257324219,38.819183349609375
91672728,2021,2022-01-06,9360,2021-12-27,1445,015434,,1,2,6,4905,0,1,3,,1,051,"SR-12 W/B","STONY POINT RD",1056.00,E,N,B,-,Y,,,12,,,,,,W,Y,3,0,2,2,A,-,03,22350,,N,C,C,A,B,H,-,A,D,0,,,,,Y,,A,01,0,1,1,0,0,0,0,0,0,"- ","- ",38.431781768798828,-122.73645782470703,SONOMA,"SANTA ROSA",-122.7364501953125,38.43170166015625
91672790,2021,2022-01-06,9360,2021-12-27,1545,016045,,1,2,9,4900,0,2,4,,1,042,"PETALUMA HILL RD","ALAN DR",150.00,N,N,B,C,N,,,,,,,,,,Y,4,0,2,2,A,-,08,22107,,N,B,C,A,B,H,-,A,D,0,,,,,Y,,D,22,0,0,2,0,0,0,0,0,0,"- ","- ",38.326709747314453,-122.666748046875,SONOMA,UNINCORPORATED,-122.66670989990234,38.326633453369141
91673470,2021,2022-03-18,9360,2021-10-30,2105,022370,,6,2,9,4900,0,2,4,,1,024,"PORTER CREEK ROAD","POSTWOOD LANE",1050.00,E,N,B,-,N,,,,,,,,,,Y,1,1,6,2,A,-,01,23152,G,N,A,C,A,B,H,-,D,D,0,,,,,Y,Y,A,01,1,3,2,0,0,0,0,0,0,"- ","- ",38.555191040039062,-122.67575836181641,SONOMA,UNINCORPORATED,-122.67586517333984,38.555271148681641
91674343,2021,2022-01-10,9360,2021-12-21,0955,016660,,2,1,9,4900,0,2,4,,1,042,"PETALUMA HILL RD","E. RAILROAD AVE",741.00,S,N,B,-,N,,,,,,,,,,Y,2,0,2,2,A,-,05,21460,A,N,A,C,A,A,H,-,A,D,0,,,,,Y,,D,22,2,0,0,0,0,0,0,0,0,"- ","- ",38.312160491943359,-122.66667938232422,SONOMA,UNINCORPORATED,-122.66664886474609,38.312244415283203
91675311,2021,2022-01-11,9360,2021-12-23,2225,016669,,4,3,9,4900,0,2,4,,1,042,"PETALUMA HILL RD","HOPI TRAIL",1500.00,N,N,C,-,N,,,,,,,,,,Y,3,0,2,1,A,-,03,22350,,N,F,A,A,B,H,-,D,D,0,,,,,Y,,A,01,0,2,0,0,0,0,0,0,0,"- ","- ",38.393638610839844,-122.69245910644531,SONOMA,UNINCORPORATED,-122.69596099853516,38.400444030761719
91675325,2021,2022-01-11,9360,2021-12-28,2310,020201,,2,3,9,4900,0,1,3,,1,021,"GEYSERS ROAD",SR-128,5.00,E,N,B,C,Y,,,,,,,,,,N,4,0,1,1,A,-,03,22350,,N,E,8,A,B,H,-,D,D,0,,,,,Y,,-,"- ",0,0,1,0,0,0,0,0,0,"- ","- ",38.687370300292969,-122.83949279785156,SONOMA,UNINCORPORATED,-122.83953094482422,38.687225341796875
91676062,2021,2022-01-12,9360,2021-12-30,1910,020285,,4,2,9,4900,0,2,4,,1,024,"CALISTOGA RD","GATES RD",528.00,E,N,A,-,N,,,,,,,,,,Y,3,0,1,1,A,-,01,23152,A,N,E,I,A,A,H,-,D,D,0,,,,,Y,Y,A,07,0,1,0,0,0,0,0,0,0,"- ","- ",38.539119720458984,-122.64671325683594,SONOMA,UNINCORPORATED,-122.64683532714844,38.538551330566406
91677265,2021,2022-01-13,9360,2021-12-22,2350,020748,,3,3,6,4905,0,1,3,,1,051,"SR-12 W/B","DUTTON AVE",725.00,E,N,C,-,Y,,,12,,,,,,W,Y,4,0,1,1,A,-,01,23152,A,N,E,I,A,B,H,-,C,D,0,,,,,Y,Y,D,22,0,0,1,0,0,0,0,0,0,"- ","- ",38.433521270751953,-122.7239990234375,SONOMA,"SANTA ROSA",-122.72399139404297,38.433433532714844
91678321,2021,2022-01-14,9360,2021-12-30,2305,022362,,4,3,9,4900,0,1,3,,1,013,SR-116,"B ST",56.00,E,N,A,-,Y,,,116,,,,,,,Y,4,0,1,2,A,-,08,22107,,N,E,8,A,B,H,-,C,D,0,,,,,Y,,A,01,0,0,1,0,0,0,0,0,0,"- ","- ",38.468559265136719,-123.01248168945312,SONOMA,UNINCORPORATED,-123.01248168945312,38.468551635742188
91680058,2021,2022-01-18,9360,2021-10-29,2222,021458,,5,3,9,4900,0,3,5,,2,007,"WEST SIERRA AVENUE","WEST SCHOOL STREET",25.00,W,N,B,-,N,,,,,,,,,,Y,1,1,0,1,A,-,03,22350,,N,E,J,A,A,H,-,D,D,0,,,,,Y,Y,D,22,0,0,0,0,0,0,0,0,0,"- ","- ",38.324390411376953,-122.72530364990234,SONOMA,UNINCORPORATED,-122.72528076171875,38.324413299560547
91684963,2021,2022-01-25,9360,2021-12-12,2200,018497,,7,3,9,4900,0,2,4,,1,034,SR-116,"GUERNEVILLE ROAD",0.00,,Y,B,C,N,,,116,,,,,,,Y,1,1,0,1,A,-,08,22107,,N,E,I,A,B,H,-,C,A,0,,,,,Y,Y,A,07,0,0,0,0,0,0,0,0,0,"- ","- ",38.450130462646484,-122.86786651611328,SONOMA,UNINCORPORATED,-122.86776733398438,38.450153350830078
91712916,2021,2022-03-02,9360,2021-12-17,0035,020201,,5,3,9,4900,0,1,2,,2,020,"US-101 SOUTHBOUND","CHIQUITA ROAD",205.00,N,N,A,-,Y,,,101,,,,,,S,Y,1,1,0,1,A,-,01,23152,A,N,E,I,A,A,H,-,D,D,0,,,,,Y,Y,A,01,0,0,0,0,0,0,0,0,0,"- ","- ",38.636760711669922,-122.8775634765625,SONOMA,UNINCORPORATED,-122.87746429443359,38.636734008789062
91718404,2021,2022-03-09,9360,2021-11-03,1445,019794,,3,2,9,4900,0,1,3,,1,053,SR-116,"OLD GRAVENSTEIN HIGHWAY",55.00,W,N,A,-,Y,,,116,,,,,,,Y,1,1,0,2,A,-,11,21954,A,N,G,B,D,A,H,-,A,D,0,Y,,,,Y,Y,N,60,0,0,0,1,0,0,0,0,0,"- ","- ",38.37548828125,-122.79286956787109,SONOMA,UNINCORPORATED,-122.79290008544922,38.375450134277344
9172766,2021,2021-01-25,4908,2021-01-09,1755,3550,15,6,5,5,4908,0,0,0,,0,001,"LAKEVILLE HWY","MCDOWELL BL",622.00,W,N,A,-,N,,,116,,,,,,,N,3,0,2,2,A,-,03,22350,,N,C,C,A,A,H,-,C,A,0,,,,,Y,,A,01,0,1,1,0,0,0,0,0,0,"- ","- ",38.23419189453125,-122.59998321533203,SONOMA,PETALUMA,-122.5999755859375,38.234176635742188
91742347,2021,2022-04-06,9360,2021-12-11,1750,021445,,6,2,9,4900,0,1,2,,1,060,"US-101 S/B","SONOMA/MARIN COUNTY LINE",4224.00,N,N,A,-,Y,,,101,,,,,,S,Y,1,1,2,3,A,-,03,22350,,N,C,C,A,A,H,-,B,D,0,,,,,Y,,D,22,1,0,1,0,0,0,0,0,0,"- ","- ",38.195388793945312,-122.59999084472656,SONOMA,UNINCORPORATED,-122.5997314453125,38.1953125
91841162,2021,2022-08-16,9325,2021-12-08,1550,018954,,3,2,9,4900,0,1,3,,1,081,"NAPA ROAD","WELZEL LANE",0.00,,Y,B,-,N,,,,,,,,,,N,4,0,1,2,A,-,03,22350,,F,G,B,E,B,H,-,A,A,0,Y,,,,Y,,A,07,0,0,1,0,1,0,0,0,0,"- ","- ",38.269901275634766,-122.41893005371094,SONOMA,UNINCORPORATED,-122.41891479492188,38.269908905029297
9192724,2021,2021-06-02,4906,2021-05-03,1747,407,,1,5,2,4906,0,0,0,,0,,"RT 116","SOLL CT",0.00,,Y,A,-,Y,SON,4,116,-,-,25.580,H,-,E,Y,3,0,1,1,A,-,05,21650,,N,E,I,A,A,H,-,A,D,0,,,,,Y,,A,01,0,1,0,0,0,0,0,0,0,"- ","- ",38.405849456787109,-122.83808135986328,SONOMA,SEBASTOPOL,-122.83805084228516,38.406745910644531
9205149,2021,2021-03-11,4908,2021-01-05,1437,3367,7,2,5,5,4908,0,0,0,,0,004,"NORTH MCDOWELL BL","REDWOOD WY",258.00,N,N,A,-,N,,,,,,,,,,N,4,0,1,2,A,-,03,22350,,N,C,C,A,A,H,-,A,D,0,,,,,Y,,A,08,0,0,1,0,0,0,0,0,0,"- ","- ",38.274330139160156,-122.66709136962891,SONOMA,PETALUMA,-122.66775512695312,38.274761199951172
9219475,2021,2021-03-13,4908,2021-01-21,1916,3456,6,4,5,5,4908,0,0,0,,0,003,"W PAYRAN ST","PETALUMA BL",173.00,E,N,A,-,N,,,,,,,,,,N,4,0,1,2,A,-,11,21954,A,N,G,B,D,A,H,-,C,A,0,Y,,,,Y,,N,60,0,0,1,0,1,0,0,0,0,"- ","- ",38.244941711425781,-122.64478302001953,SONOMA,PETALUMA,-122.64415740966797,38.244976043701172
9225165,2021,2021-03-18,4902,2021-01-26,1056,105348,,2,5,2,4902,0,0,0,,0,,"EAST COTATI AV","MARSH WY",190.00,W,N,B,-,N,,,,,,,,,,N,4,0,1,2,A,-,03,22350,,N,C,C,A,A,H,-,A,A,0,,,,,Y,,D,22,0,0,1,0,0,0,0,0,0,"- ","- ",,,SONOMA,COTATI,-122.70427703857422,38.326919555664062
9227794,2021,2021-03-18,4904,2021-02-23,1545,1040465,CENTR,2,5,4,4904,0,0,0,,0,001,"GOLF COURSE DR","COUNTRY CLUB DR",725.00,E,N,A,-,N,,,,,,,,,,Y,2,0,2,3,A,-,09,21804,A,N,D,E,A,A,H,-,A,D,0,,,,,Y,,A,01,1,1,0,0,0,0,0,0,0,"- ","- ",38.362098693847656,-122.69474029541016,SONOMA,"ROHNERT PARK",-122.69255828857422,38.363143920898438
9230801,2021,2021-03-05,4907,2021-01-08,1228,1101627,,5,5,2,4907,0,0,0,,0,SO1,"NAPA ST","5TH ST WEST",0.00,,Y,A,-,Y,SON,4,12,-,-,37.000,I,5,W,Y,3,0,1,2,A,-,09,21806,A,N,D,D,A,A,H,-,A,A,0,,,,,Y,,A,01,0,1,0,0,0,0,0,0,0,"- ","- ",38.292919158935547,-122.45805358886719,SONOMA,SONOMA,-122.46792602539062,38.292919158935547
9231337,2021,2021-03-16,4908,2021-02-28,0849,3572,3,7,5,5,4908,0,0,0,,0,002,"LAKEVILLE HWY","S MCDOWELL BL ET",0.00,,Y,A,-,Y,SON,4,116,-,-,36.070,I,5,E,Y,4,0,2,2,A,-,12,21453,A,N,D,C,A,A,H,-,A,A,0,,,,,Y,,A,07,0,0,2,0,0,0,0,0,0,"- ","- ",38.233058929443359,-122.58751678466797,SONOMA,PETALUMA,-122.59884643554688,38.234169006347656
9231688,2021,2021-04-06,4908,2021-03-19,1903,2837,5,5,5,5,4908,0,0,0,,0,002,"WASHINGTON ST","PETALUMA BL NORTH",0.00,,Y,A,-,N,,,,,,,,,,N,4,0,1,3,A,-,03,22350,,N,C,C,A,A,H,-,B,A,0,,,,,Y,Y,A,01,0,0,1,0,0,0,0,0,0,"- ","- ",38.235500335693359,-122.64154815673828,SONOMA,PETALUMA,-122.64118194580078,38.235771179199219
9233746,2021,2021-04-13,4908,2021-02-25,0920,3571,10,4,5,5,4908,0,0,0,,0,004,"NORTH MCDOWELL BL","EAST MADISON ST",246.00,N,N,A,-,N,,,,,,,,,,,4,0,1,2,A,-,03,22350,,N,C,C,A,A,H,-,A,A,0,,,,,Y,,A,07,0,0,1,0,0,0,0,0,0,"- ","- ",38.250789642333984,-122.62857818603516,SONOMA,PETALUMA,-122.62940216064453,38.251155853271484
9233838,2021,2021-04-02,4907,2021-02-23,1705,1101585,,2,5,2,4907,0,0,0,,0,SO1,"W NAPA ST","1ST ST WEST",0.00,,Y,A,-,Y,SON,4,12,-,-,37.505,I,5,W,N,4,0,2,2,A,-,21,22106,,N,A,G,A,A,H,-,A,A,0,,Y,,,Y,,D,22,0,0,2,0,0,0,2,0,0,"- ","- ",38.292030334472656,-122.45899200439453,SONOMA,SONOMA,-122.45902252197266,38.292034149169922
9236334,2021,2021-03-27,4908,2021-02-10,1838,3550,6,3,5,5,4908,0,0,0,,0,003,"LAKEVILLE ST","MADISON ST",195.00,W,N,A,-,N,,,,,,,,,,,2,0,1,2,A,-,05,21650,1,N,D,G,A,A,H,-,C,A,0,,Y,,,Y,,L,04,1,0,0,0,0,0,1,0,0,"- ","- ",38.239429473876953,-122.63931274414062,SONOMA,PETALUMA,-122.6395263671875,38.239971160888672
9236335,2021,2021-03-27,4908,2021-02-10,0627,1944,13,3,5,5,4908,0,0,0,,0,001,"SOUTH MCDOWELL BL","LINDBERG LN",5.00,N,N,A,-,N,,,,,,,,,,,2,0,1,2,A,-,10,21950,A,N,G,B,B,A,H,-,C,D,0,Y,,,,Y,,A,01,1,0,0,0,1,0,0,0,0,"- ","- ",38.244609832763672,-122.61766815185547,SONOMA,PETALUMA,-122.61771392822266,38.244617462158203
9238572,2021,2021-04-06,4903,2021-02-05,1554,1828,,5,5,3,4903,0,0,0,,0,,"HEALDSBURG AV","PIPER ST",0.00,,Y,A,-,N,,,,,,,,,,N,2,0,1,2,A,-,17,21451,A,N,H,G,A,A,H,-,A,A,0,,Y,,,Y,,A,01,1,0,0,0,0,0,1,0,0,"- ","- ",38.614028930664062,-122.87210083007812,SONOMA,HEALDSBURG,-122.87188720703125,38.614265441894531
9240034,2021,2021-04-27,4901,2021-04-04,1150,075,4901,7,5,2,4901,0,0,0,,0,,"SOUTH CLOVERDALE BL","HILLVIEW DR",110.00,N,N,A,-,N,,,,,,,,,,N,4,0,1,2,A,-,08,22107,,N,A,C,A,A,H,-,A,D,0,,,,,Y,,A,01,0,0,1,0,0,0,0,0,0,"- ","- ",38.793121337890625,-123.01786041259766,SONOMA,CLOVERDALE,-123.01795959472656,38.79339599609375
9240421,2021,2021-04-20,4905,2021-01-30,1645,1060541,,6,5,6,4905,0,0,0,,0,10606,"MONTGOMERY DR","FARMERS LN",0.00,,Y,B,-,Y,SON,4,12,-,T,18.320,I,5,E,Y,3,0,1,2,A,-,09,21801,A,N,A,C,A,A,H,-,A,A,0,,,,,Y,Y,-,,0,1,0,0,0,0,0,0,0,"- ","- ",38.446540832519531,-122.68804168701172,SONOMA,"SANTA ROSA",-122.68802642822266,38.446498870849609
9240445,2021,2021-04-20,4905,2021-02-20,1429,1060570,,6,5,6,4905,0,0,0,,0,006,"RT 12","MELITA RD",350.00,W,N,A,-,Y,SON,4,12,-,-,20.130,H,-,E,Y,3,0,1,2,A,-,03,22350,,N,C,C,A,B,H,-,C,D,0,,,,Y,Y,,G,25,0,1,0,0,0,0,0,0,0,"- ","- ",38.455940246582031,-122.62795257568359,SONOMA,"SANTA ROSA",-122.65256500244141,38.464813232421875
9241115,2021,2021-03-30,4908,2021-02-05,1336,2932,6,5,5,5,4908,0,0,0,,0,003,"MADISON ST","VALLEJO ST",50.00,W,N,A,-,,,,,,,,,,,Y,4,0,2,3,A,-,08,22107,,N,B,E,A,A,H,-,A,D,0,,,,,Y,,A,01,0,0,2,0,0,0,0,0,0,"- ","- ",38.242649078369141,-122.63627624511719,SONOMA,PETALUMA,-122.63638305664062,38.242519378662109
9241522,2021,2021-04-10,4908,2021-03-12,1550,2747,15,5,5,5,4908,0,0,0,,0,001,"SOUTH MCDOWELL BL","CADER LN",0.00,,Y,A,-,N,,,,,,,,,,Y,4,0,1,2,A,-,09,21804,A,N,D,C,A,-,H,-,A,D,0,,,Y,,Y,,A,07,0,0,1,0,0,0,0,0,1,"- ","- ",38.230018615722656,-122.59789276123047,SONOMA,PETALUMA,-122.59745788574219,38.230495452880859
9241696,2021,2021-04-07,4908,2021-03-19,1326,3367,6,5,5,5,4908,0,0,0,,0,003,"EAST WASHINGTON ST","WILSON ST",0.00,,Y,A,-,N,,,,,,,,,,,4,0,2,2,A,-,09,21801,A,N,D,C,A,A,H,-,A,D,0,,,,,Y,,A,07,0,0,2,0,0,0,0,0,0,"- ","- ",38.239078521728516,-122.63513946533203,SONOMA,PETALUMA,-122.63520050048828,38.239048004150391
9242496,2021,2021-04-08,4908,2021-03-16,1526,3572,6,2,5,5,4908,0,0,0,,0,003,"MADISON ST","ELLIS ST",12.00,W,N,A,-,,,,,,,,,,,,4,0,1,2,A,-,09,21800,A,N,D,G,A,A,H,-,A,A,0,,Y,,,Y,,D,22,0,0,1,0,0,0,1,0,0,"- ","- ",38.245418548583984,-122.63371276855469,SONOMA,PETALUMA,-122.63378143310547,38.245372772216797
9242500,2021,2021-04-13,4908,2021-03-18,0757,2754,15,4,5,5,4908,0,0,0,,0,012,"LAKEVILLE HWY","PINE VIEW WY",1562.00,E,N,B,-,Y,SON,4,116,-,-,37.240,H,-,E,Y,2,0,2,4,A,-,01,23152,A,N,A,C,A,A,H,-,A,D,0,,,,,Y,Y,A,07,1,1,0,0,0,0,0,0,0,"- ","- ",38.231239318847656,-122.58432006835938,SONOMA,PETALUMA,-122.58003234863281,38.228931427001953
9242685,2021,2021-04-16,4908,2021-03-23,1231,1944,5,2,5,5,4908,0,0,0,,0,003,"KEOKUK ST","PROSPECT ST",107.00,S,N,A,-,N,,,,,,,,,,Y,4,0,1,3,A,-,08,22107,,F,C,E,A,A,H,-,A,D,0,,,,,Y,,A,01,0,0,1,0,0,0,0,0,0,"- ","- ",38.236141204833984,-122.64584350585938,SONOMA,PETALUMA,-122.64569091796875,38.235950469970703
9242886,2021,2021-04-13,4904,2021-01-18,1934,1040540,,1,5,4,4904,0,0,0,,0,,"REDWOOD DR","GOLF COURSE DR",0.00,,Y,A,-,N,,,,,,,,,,N,4,0,1,2,C,-,18,,,N,G,B,B,A,H,-,C,A,0,Y,,,,Y,Y,-,"- ",0,0,1,0,1,0,0,0,0,"- ","- ",38.363399505615234,-122.71514892578125,SONOMA,"ROHNERT PARK",-122.71514129638672,38.363273620605469
9245942,2021,2021-04-14,4905,2021-02-01,1724,924,,1,5,6,4905,0,0,0,,0,009,"COLLEGE AV","HUMBOLDT ST",0.00,,Y,C,-,N,,,,,,,,,,N,3,0,1,2,A,-,09,21804,A,N,G,B,B,B,H,-,C,A,0,Y,,,,Y,,-,,0,1,0,0,1,0,0,0,0,"- ","- ",,,SONOMA,"SANTA ROSA",-122.71474456787109,38.445571899414062
9245944,2021,2021-04-14,4905,2021-02-02,1533,422,,2,5,6,4905,0,0,0,,0,002,"MENDOCINO AV","LEWIS RD",20.00,S,N,A,-,N,,,,,,,,,,Y,4,0,2,2,A,-,03,22350,,N,E,I,A,A,H,-,A,D,0,,,,,Y,,-,,0,0,2,0,0,0,0,0,0,"- ","- ",,,SONOMA,"SANTA ROSA",-122.71718597412109,38.460956573486328
9245948,2021,2021-04-14,4905,2021-02-02,1154,413,,2,5,6,4905,0,0,0,,0,007,SEBASTOPOL,"STONY POINT",120.00,E,N,A,-,N,,,,,,,,,,Y,4,0,1,2,A,-,09,21804,A,N,D,C,A,A,H,-,A,D,0,,,,,Y,,-,,0,0,1,0,0,0,0,0,0,"- ","- ",,,SONOMA,"SANTA ROSA",-122.74093627929688,38.426925659179688
9245949,2021,2021-04-12,4905,2021-02-03,1937,422,,3,5,6,4905,0,0,0,,0,002,"MENDOCINO AV","ELLIOTT AV",0.00,,Y,B,-,N,,,,,,,,,,Y,4,0,1,2,A,-,12,21453,A,N,D,C,A,B,H,-,C,A,0,,,,,Y,,-,,0,0,1,0,0,0,0,0,0,"- ","- ",,,SONOMA,"SANTA ROSA",-122.71726989746094,38.457611083984375
9245953,2021,2021-04-12,4905,2021-02-07,1820,541,,7,5,6,4905,0,0,0,,0,007,"STONY POINT RD","PEARL BLOSSOM DR",0.00,,Y,A,-,N,,,,,,,,,,Y,4,0,1,2,A,-,09,21804,A,N,D,C,A,A,H,-,C,A,0,,,,,Y,,-,,0,0,1,0,0,0,0,0,0,"- ","- ",,,SONOMA,"SANTA ROSA",-122.74098968505859,38.413078308105469
9245959,2021,2021-04-12,4905,2021-02-10,1624,383,4905,3,5,6,4905,0,0,0,,0,003,"FULTON RD","JENES LN",300.00,N,N,A,-,N,,,,,,,,,,Y,4,0,1,3,A,-,03,22350,,N,C,C,A,A,H,-,A,D,0,,,,,Y,,-,,0,0,1,0,0,0,0,0,0,"- ","- ",,,SONOMA,"SANTA ROSA",-122.7696533203125,38.459964752197266
9246221,2021,2021-04-10,4905,2021-01-05,1813,1060569,,2,5,6,4905,0,0,0,,0,007,"CORBY AV","TALMADGE DR",0.00,,Y,A,-,N,,,,,,,,,,Y,3,0,4,2,A,-,09,21801,A,N,D,C,A,A,H,-,C,D,0,,,,,Y,,A,01,0,1,3,0,0,0,0,0,0,"- ","- ",38.406341552734375,-122.71688079833984,SONOMA,"SANTA ROSA",-122.71640777587891,38.406742095947266
9246222,2021,2021-04-10,4905,2021-01-15,2247,1060501,,5,5,6,4905,0,0,0,,0,10609,"SANTA ROSA AV","1ST ST",0.00,,Y,A,-,N,,,,,,,,,,Y,4,0,1,1,A,-,08,22107,,M,E,I,A,A,H,-,C,A,0,,,,,Y,,-,,0,0,1,0,0,0,0,0,0,"- ","- ",38.438270568847656,-122.71250915527344,SONOMA,"SANTA ROSA",-122.71250915527344,38.438262939453125