CASE_ID,ACCIDENT_YEAR,PROC_DATE,JURIS,COLLISION_DATE,COLLISION_TIME,OFFICER_ID,REPORTING_DISTRICT,DAY_OF_WEEK,CHP_SHIFT,POPULATION,CNTY_CITY_LOC,SPECIAL_COND,BEAT_TYPE,CHP_BEAT_TYPE,CITY_DIVISION_LAPD,CHP_BEAT_CLASS,BEAT_NUMBER,PRIMARY_RD,SECONDARY_RD,DISTANCE,DIRECTION,INTERSECTION,WEATHER_1,WEATHER_2,STATE_HWY_IND,CALTRANS_COUNTY,CALTRANS_DISTRICT,STATE_ROUTE,ROUTE_SUFFIX,POSTMILE_PREFIX,POSTMILE,LOCATION_TYPE,RAMP_INTERSECTION,SIDE_OF_HWY,TOW_AWAY,COLLISION_SEVERITY,NUMBER_KILLED,NUMBER_INJURED,PARTY_COUNT,PRIMARY_COLL_FACTOR,PCF_CODE_OF_VIOL,PCF_VIOL_CATEGORY,PCF_VIOLATION,PCF_VIOL_SUBSECTION,HIT_AND_RUN,TYPE_OF_COLLISION,MVIW,PED_ACTION,ROAD_SURFACE,ROAD_COND_1,ROAD_COND_2,LIGHTING,CONTROL_DEVICE,CHP_ROAD_TYPE,PEDESTRIAN_ACCIDENT,BICYCLE_ACCIDENT,MOTORCYCLE_ACCIDENT,TRUCK_ACCIDENT,NOT_PRIVATE_PROPERTY,ALCOHOL_INVOLVED,STWD_VEHTYPE_AT_FAULT,CHP_VEHTYPE_AT_FAULT,COUNT_SEVERE_INJ,COUNT_VISIBLE_INJ,COUNT_COMPLAINT_PAIN,COUNT_PED_KILLED,COUNT_PED_INJURED,COUNT_BICYCLIST_KILLED,COUNT_BICYCLIST_INJURED,COUNT_MC_KILLED,COUNT_MC_INJURED,PRIMARY_RAMP,SECONDARY_RAMP,LATITUDE,LONGITUDE,COUNTY,CITY,POINT_X,POINT_Y
9294615,2021,2021-08-23,4904,2021-07-09,1806,1040528,,5,5,4,4904,0,0,0,,0,,"ROHNERT PARK EXPWY","LABATH AV",0.00,,Y,A,-,N,,,,,,,,,,N,3,0,1,2,A,-,09,21453,C,N,A,C,A,A,H,-,A,A,0,,,,,Y,,A,01,0,1,0,0,0,0,0,0,0,"- ","- ",38.348979949951172,-122.72103881835938,SONOMA,"ROHNERT PARK",-122.72119903564453,38.348945617675781
9294794,2021,2021-08-20,4906,2021-06-20,1457,411,,7,5,2,4906,0,0,0,,0,"N A","RT 12","MORRIS ST",540.00,W,N,A,-,Y,SON,4,12,-,-,9.390,H,-,E,N,4,0,1,3,A,-,04,21703,,N,C,C,A,A,H,-,A,A,0,,,,,Y,,A,07,0,0,1,0,0,0,0,0,0,"- ","- ",38.402450561523438,-122.82063293457031,SONOMA,SEBASTOPOL,-122.82154083251953,38.402458190917969
9297221,2021,2021-08-27,4905,2021-04-05,2015,1060541,,1,5,6,4905,0,0,0,,0,005,"WEST AV","SEBASTOPOL RD",50.00,S,N,A,-,N,,,,,,,,,,N,4,0,2,3,A,-,03,22350,,N,D,C,A,A,G,-,C,A,0,,,,,Y,,-,,0,0,2,0,0,0,0,0,0,"- ","- ",38.429481506347656,-122.72888946533203,SONOMA,"SANTA ROSA",-122.72892761230469,38.429634094238281
9297222,2021,2021-08-23,4905,2021-04-27,1736,1060562,,2,5,6,4905,0,0,0,,0,004,"FOUNTAINGROVE PKWY","BOULDER POINT PL",396.00,S,N,A,-,N,,,,,,,,,,Y,2,0,1,1,A,-,03,22350,,N,H,I,A,A,H,-,A,D,0,,,Y,,Y,,C,02,1,0,0,0,0,0,0,0,1,"- ","- ",38.486011505126953,-122.69254302978516,SONOMA,"SANTA ROSA",-122.69188690185547,38.485042572021484
9297364,2021,2021-08-23,4905,2021-04-30,1627,1060383,,5,5,6,4905,0,0,0,,0,008,"SANTA ROSA AV","COMMERCIAL CT",0.00,,Y,B,-,N,,,,,,,,,,Y,3,0,1,2,A,-,09,21801,A,N,D,C,A,A,H,-,A,D,0,,,,,Y,,A,81,0,1,0,0,0,0,0,0,0,"- ","- ",38.417430877685547,-122.71398162841797,SONOMA,"SANTA ROSA",-122.71356964111328,38.417644500732422
9297376,2021,2021-08-30,4905,2021-05-24,1531,1060548,,1,5,6,4905,0,0,0,,0,006,"RT 12","MISSION BL",0.00,,Y,A,-,Y,SON,4,12,-,-,18.790,H,-,E,Y,4,0,1,2,A,-,01,23152,,N,C,C,A,A,H,-,A,A,0,,,,,Y,Y,D,22,0,0,1,0,0,0,0,0,0,"- ","- ",38.458728790283203,-122.67436981201172,SONOMA,"SANTA ROSA",-122.67411041259766,38.458740234375
9297399,2021,2021-08-12,4905,2021-03-14,2324,1060557,,7,5,6,4905,0,0,0,,0,004,"CALISTOGA RD","DUPONT DR",0.00,,N,A,-,N,,,,,,,,,,Y,3,0,1,2,A,-,03,22350,,N,B,C,A,B,H,-,C,D,0,,,,,Y,,-,,0,1,0,0,0,0,0,0,0,"- ","- ",38.47161865234375,-122.654541015625,SONOMA,"SANTA ROSA",-122.65390777587891,38.469257354736328
9297403,2021,2021-08-12,4905,2021-04-14,1000,1060337,,3,5,6,4905,0,0,0,,0,003,"GUERNEVILLE RD","RIDLEY AV",0.00,,Y,A,-,N,,,,,,,,,,Y,4,0,1,2,A,-,12,21453,A,M,D,C,A,A,H,-,A,A,0,,,,,Y,Y,D,22,0,0,1,0,0,0,0,0,0,"- ","- ",38.452590942382812,-122.74623870849609,SONOMA,"SANTA ROSA",-122.74626159667969,38.452552795410156
9297439,2021,2021-08-23,4905,2021-04-29,1620,1060383,,4,5,6,4905,0,0,0,,0,009,"NORTH DUTTON AV","WEST 9TH ST",0.00,,Y,A,-,N,,,,,,,,,,Y,4,0,1,3,A,-,09,21801,A,N,D,C,A,A,H,-,A,A,0,,,,,Y,,-,,0,0,1,0,0,0,0,0,0,"- ","- ",38.441608428955078,-122.72895812988281,SONOMA,"SANTA ROSA",-122.72898101806641,38.441608428955078
9297594,2021,2021-08-06,4905,2021-05-28,1610,1060383,,5,5,6,4905,0,0,0,,0,005,"STONY POINT RD","RT 12",400.00,S,Y,A,-,N,,,,,,,,,,N,4,0,1,3,A,-,03,22350,,F,C,C,A,A,H,-,A,A,0,,,,,Y,,-,"- ",0,0,1,0,0,0,0,0,0,"- ",EO,38.429008483886719,-122.74109649658203,SONOMA,"SANTA ROSA",-122.74169158935547,38.429595947265625
9297595,2021,2021-08-06,4905,2021-05-16,1713,1060507,,7,5,6,4905,0,0,0,,0,10608,"HEARN AV","DUTTON MEADOW",50.00,W,N,A,-,N,,,,,,,,,,Y,4,0,1,2,A,-,01,23152,A,N,C,C,A,A,H,-,A,D,0,,,,,Y,Y,-,,0,0,1,0,0,0,0,0,0,"- ","- ",38.415180206298828,-122.71351623535156,SONOMA,"SANTA ROSA",-122.72946166992188,38.414241790771484
9297597,2021,2021-08-06,4905,2021-05-28,1718,1060474,,5,5,6,4905,0,0,0,,0,002,"4TH ST","COLLEGE AV",75.00,W,N,A,-,N,,,,,,,,,,N,3,0,1,2,A,-,03,22350,,N,C,C,A,A,H,-,A,D,0,,,,,Y,,A,01,0,1,0,0,0,0,0,0,0,"- ","- ",38.444740295410156,-122.70503234863281,SONOMA,"SANTA ROSA",-122.70475006103516,38.444965362548828
9297600,2021,2021-08-06,4905,2021-05-28,1016,1068920,,5,5,6,4905,0,0,0,,0,001,"GUERNE HILL RD","RANGE AV",0.00,,Y,A,-,N,,,,,,,,,,Y,4,0,2,2,A,-,12,21453,A,N,D,C,A,A,H,-,A,A,0,,,,,Y,,A,01,0,0,2,0,0,0,0,0,0,"- ","- ",38.458839416503906,-122.73259735107422,SONOMA,"SANTA ROSA",,
9297717,2021,2021-08-24,4905,2021-06-27,1305,1068712,,7,5,6,4905,0,0,0,,0,001,"HOPPER AV","RT 101",0.00,,Y,A,-,Y,SON,4,101,-,-,23.370,R,4,S,N,4,0,1,1,C,-,18,,,N,E,I,A,A,H,-,A,A,0,,,,,Y,,-,"- ",0,0,1,0,0,0,0,0,0,"- ",SF,38.47930908203125,-122.73509979248047,SONOMA,"SANTA ROSA",-122.73567962646484,38.481449127197266
9297721,2021,2021-08-11,4905,2021-05-04,0000,1060323,,2,5,6,4905,0,0,0,,0,,"COFFEY LN","WEST STEELE LN",0.00,,Y,A,-,N,,,,,,,,,,N,4,0,2,2,A,-,09,21801,A,N,D,C,A,A,H,-,A,A,0,,,,,Y,,A,81,0,0,2,0,0,0,0,0,0,"- ","- ",,,SONOMA,"SANTA ROSA",-122.74028778076172,38.459968566894531
9297737,2021,2021-08-11,4905,2021-05-21,1555,1068925,,5,5,6,4905,0,0,0,,0,003,"MARLOW RD",MARSH,0.00,,Y,A,-,N,,,,,,,,,,N,4,0,1,2,A,-,09,21802,A,N,D,G,A,A,H,-,A,A,0,,Y,,Y,Y,,L,04,0,0,1,0,0,0,1,0,0,"- ","- ",38.462348937988281,-122.75118255615234,SONOMA,"SANTA ROSA",-122.75119018554688,38.462345123291016
9297780,2021,2021-10-19,4905,2021-07-08,1610,570,4905,4,5,6,4905,0,0,0,,0,009,"COLLEGE AV","MENDOCINO AV",300.00,E,N,A,-,N,,,,,,,,,,Y,4,0,2,3,A,-,03,22350,,N,A,C,A,A,H,-,A,D,0,,,,,Y,,A,01,0,0,2,0,0,0,0,0,0,"- ","- ",,,SONOMA,"SANTA ROSA",-122.71668243408203,38.445640563964844
9298171,2021,2021-08-13,4905,2021-06-29,1315,1068925,,2,5,6,4905,0,0,0,,0,005,"SEABASTOPOL RD","SENDERO LN",264.00,W,N,A,-,N,,,,,,,,,,Y,4,0,2,2,A,-,09,21804,A,N,D,C,A,A,H,-,A,D,0,,,,,Y,,A,01,0,0,2,0,0,0,0,0,0,"- ","- ",38.427299499511719,-122.73989105224609,SONOMA,"SANTA ROSA",,
9298177,2021,2021-08-13,4905,2021-06-06,1400,1068924,,7,5,6,4905,0,0,0,,0,004,"MONTECITO BL","BENECIA DR",120.00,W,N,A,-,N,,,,,,,,,,Y,3,0,2,6,A,-,09,21804,A,N,B,C,A,A,H,-,A,D,0,,,,,Y,,-,,0,2,0,0,0,0,0,0,0,"- ","- ",38.473308563232422,-122.67562103271484,SONOMA,"SANTA ROSA",-122.67581176757812,38.473007202148438
9298180,2021,2021-08-13,4905,2021-06-21,2140,1060552,,1,5,6,4905,0,0,0,,0,006,"MONTGOMERY DR","SOTOYOME ST",250.00,E,N,A,-,N,,,,,,,,,,N,3,0,1,2,A,-,10,21950,A,F,G,B,C,A,H,-,C,D,0,Y,,,,Y,,-,,0,1,0,0,1,0,0,0,0,"- ","- ",38.443801879882812,-122.70136260986328,SONOMA,"SANTA ROSA",-122.70085144042969,38.442996978759766
9298698,2021,2021-08-13,4908,2021-07-28,1220,3572,3,3,5,5,4908,0,0,0,,0,002,"2ND ST","E ST",0.00,,Y,A,-,N,,,,,,,,,,N,4,0,2,2,A,-,12,22450,A,N,A,C,A,A,H,-,A,C,0,,,,,Y,,A,01,0,0,2,0,0,0,0,0,0,"- ","- ",38.232730865478516,-122.63533782958984,SONOMA,PETALUMA,-122.63533782958984,38.232711791992188
9300555,2021,2021-08-11,4904,2021-04-20,1723,1040540,,2,5,4,4904,0,0,0,,0,,"ROHNERT PARK EXPWY","ROHNERT PARK EXPWY  484",0.00,,Y,A,-,N,,,,,,,,,,,4,0,1,1,A,-,08,22107,,N,E,I,A,A,H,-,A,A,0,,,,,Y,,A,01,0,0,1,0,0,0,0,0,0,"- ","- ",38.348979949951172,-122.72103881835938,SONOMA,"ROHNERT PARK",,
9300894,2021,2021-08-27,4908,2021-07-14,1220,3341,6,3,5,5,4908,0,0,0,,0,003,"EAST WASHINGTON ST","RT 101",0.00,,Y,A,-,Y,SON,4,101,-,-,4.843,R,4,S,Y,4,0,2,2,A,-,12,21453,A,N,D,C,A,A,H,-,A,A,0,,,,,Y,,A,01,0,0,2,0,0,0,0,0,0,"- ",SF,38.245540618896484,-122.62931823730469,SONOMA,PETALUMA,-122.62909698486328,38.247463226318359
9300896,2021,2021-08-19,4908,2021-07-01,2041,3451,10,4,5,5,4908,0,0,0,,0,004,"NORTH MCDOWELL BL","EAST MADISON ST",646.00,N,N,A,-,N,,,,,,,,,,Y,4,0,2,2,A,-,03,22350,,N,C,C,A,A,H,-,B,A,0,,,,,Y,,A,01,0,0,2,0,0,0,0,0,0,"- ","- ",38.250789642333984,-122.62857818603516,SONOMA,PETALUMA,-122.63053894042969,38.251792907714844
9300897,2021,2021-08-19,4908,2021-07-23,1409,2754,3,5,5,5,4908,0,0,0,,0,002,"2ND ST","E ST",0.00,,Y,A,-,N,,,,,,,,,,Y,3,0,1,2,A,-,09,21802,A,N,D,C,A,A,H,-,A,A,0,,,,,Y,,A,01,0,1,0,0,0,0,0,0,0,"- ","- ",38.232730865478516,-122.63533782958984,SONOMA,PETALUMA,-122.63533782958984,38.232711791992188
9300898,2021,2021-08-23,4908,2021-07-08,1600,3341,3,4,5,5,4908,0,0,0,,0,002,"PETALUMA BL SOUTH","E ST",50.00,S,N,A,-,N,,,,,,,,,,Y,4,0,2,2,A,-,03,22350,,N,C,C,A,A,H,-,A,A,0,,,,,Y,Y,A,01,0,0,2,0,0,0,0,0,0,"- ","- ",38.232059478759766,-122.63575744628906,SONOMA,PETALUMA,-122.63561248779297,38.231979370117188
9300996,2021,2021-08-16,4908,2021-07-21,1200,3572,2,3,5,5,4908,0,0,0,,0,002,"EAST WASHINGTON ST","VALLEJO ST",157.00,E,N,A,-,N,,,,,,,,,,Y,4,0,2,2,A,-,21,22106,,N,D,C,A,A,H,-,A,D,0,,,,,Y,,A,01,0,0,2,0,0,0,0,0,0,"- ","- ",38.241031646728516,-122.6334228515625,SONOMA,PETALUMA,-122.63312530517578,38.241378784179688
9300997,2021,2021-08-16,4908,2021-07-04,1856,3550,10,7,5,5,4908,0,0,0,,0,004,"NORTH MCDOWELL BL","EAST MADISON ST",0.00,,Y,A,-,N,,,,,,,,,,Y,2,0,3,2,A,-,12,21453,A,N,D,C,A,A,H,-,A,A,0,,,,,Y,Y,D,22,2,1,0,0,0,0,0,0,0,"- ","- ",38.250789642333984,-122.62857818603516,SONOMA,PETALUMA,-122.62870788574219,38.250755310058594
9301047,2021,2021-08-13,4905,2021-03-11,1230,413,,4,5,6,4905,0,0,0,,0,004,"RT 12","ST FRANCIS",0.00,,Y,A,-,Y,SON,4,12,-,-,20.460,I,5,W,Y,4,0,1,2,A,-,09,21801,A,N,D,C,A,A,H,-,A,D,0,,,,,Y,,-,,0,0,1,0,0,0,0,0,0,"- ","- ",,,SONOMA,"SANTA ROSA",-122.64690399169922,38.463718414306641
9301063,2021,2021-08-12,4905,2021-05-21,1530,541,,5,5,6,4905,0,0,0,,0,006,"FARMERS LN","MAGOWAN DR",0.00,,Y,A,-,Y,SON,4,12,-,T,18.230,I,5,E,Y,4,0,2,2,A,-,"- ",,,N,D,C,A,A,H,-,A,A,0,,,,,Y,,-,"- ",0,0,2,0,0,0,0,0,0,"- ","- ",,,SONOMA,"SANTA ROSA",-122.68782043457031,38.445205688476562
9301073,2021,2021-08-12,4905,2021-04-05,1727,1060398,,1,5,6,4905,0,0,0,,0,003,"PINER RD","WALTZER RD",0.00,,Y,A,-,N,,,,,,,,,,Y,4,0,2,2,A,-,03,22350,,N,D,C,A,A,-,-,A,A,0,,,,,Y,,A,01,0,0,2,0,0,0,0,0,0,"- ","- ",38.467140197753906,-122.75627899169922,SONOMA,"SANTA ROSA",-122.75627899169922,38.467144012451172
9301081,2021,2021-08-16,4905,2021-05-23,1024,1060492,,7,5,6,4905,0,0,0,,0,007,"BURBANK AV","SEBASTOPOL RD",0.00,,Y,A,-,N,,,,,,,,,,Y,3,0,1,2,A,-,03,22350,,N,B,C,A,A,H,-,A,D,0,,,,,Y,,A,01,0,1,0,0,0,0,0,0,0,"- ","- ",38.428241729736328,-122.73535919189453,SONOMA,"SANTA ROSA",-122.73532867431641,38.428253173828125
9301089,2021,2021-08-13,4905,2021-05-03,1431,1060337,,1,5,6,4905,0,0,0,,0,008,"COLGAN AV","SANTA ROSA AV",0.00,,Y,A,-,Y,SON,4,101,-,-,18.912,R,4,N,Y,4,0,2,2,A,-,09,21453,C,N,A,C,A,A,H,-,A,A,0,,,,,Y,,A,01,0,0,2,0,0,0,0,0,0,"- ","- ",38.421199798583984,-122.71349334716797,SONOMA,"SANTA ROSA",-122.71543884277344,38.420761108398438
9301099,2021,2021-08-16,4905,2021-06-03,2240,383,4905,4,5,6,4905,0,0,0,,0,005,"RT 12","FULTON RD",0.00,,Y,A,-,Y,SON,4,12,-,R,12.940,I,5,W,N,4,0,1,2,A,-,11,21453,D,N,G,B,B,A,H,-,C,A,0,Y,,,,Y,Y,N,60,0,0,1,0,1,0,0,0,0,"- ","- ",,,SONOMA,"SANTA ROSA",-122.76921844482422,38.427680969238281
9301108,2021,2021-08-16,4906,2021-06-06,1932,407,,7,5,2,4906,0,0,0,,0,,"RT 116","COVERT LN",0.00,,Y,A,-,Y,SON,4,116,-,-,25.710,I,5,W,N,3,0,1,2,A,-,09,21801,,N,H,G,A,A,H,-,A,D,0,,Y,,,Y,,A,01,0,1,0,0,0,0,1,0,0,"- ","- ",38.405460357666016,-122.83696746826172,SONOMA,SEBASTOPOL,-122.83677673339844,38.405624389648438
9301112,2021,2021-08-16,4906,2021-06-06,0910,411,4906,7,5,2,4906,0,0,0,,0,N.A.,"RT 12","RT 116",280.00,N,N,A,-,Y,SON,4,12,-,-,9.280,H,-,W,N,4,0,2,2,A,-,08,22107,,N,D,C,A,A,H,-,A,A,0,,,,,Y,,A,07,0,0,2,0,0,0,0,0,0,"- ","- ",38.402690887451172,-122.82341003417969,SONOMA,SEBASTOPOL,-122.82339477539062,38.402397155761719
9301113,2021,2021-08-16,4905,2021-07-12,0043,1060484,,1,5,6,4905,0,0,0,,0,006,"RT 12","MIDDLE RINCON RD",390.00,W,N,-,-,Y,SON,4,12,-,-,19.360,H,-,E,Y,3,0,1,1,A,-,08,22107,,N,E,I,A,-,H,-,-,D,0,,,,,Y,,-,,0,1,0,0,0,0,0,0,0,"- ","- ",38.462261199951172,-122.66896057128906,SONOMA,"SANTA ROSA",-122.66574859619141,38.463596343994141
9301372,2021,2021-08-24,4902,2021-08-04,1644,105348,,3,5,2,4902,0,0,0,,0,,"OLD REDWOOD HWY","EAST COTATI AV",0.00,,Y,A,-,N,,,,,,,,,,N,4,0,1,2,A,-,08,22107,,N,D,C,A,A,H,-,A,A,0,,,,,Y,,A,01,0,0,1,0,0,0,0,0,0,"- ","- ",,,SONOMA,COTATI,-122.70632934570312,38.326591491699219
9301735,2021,2021-10-14,4904,2021-07-05,1200,1040368,,1,5,4,4904,0,0,0,,0,,"EAST COTATI AV","BODWAY PKWY",300.00,E,N,C,-,N,,,,,,,,,,Y,1,1,0,2,A,-,03,22350,,N,G,B,D,A,H,-,A,D,0,Y,,,,Y,,A,01,0,0,0,1,0,0,0,0,0,"- ","- ",38.336231231689453,-122.67813110351562,SONOMA,"ROHNERT PARK",-122.67704772949219,38.336082458496094
9301778,2021,2023-06-17,4908,2021-04-17,2327,2754,6,6,5,5,4908,0,0,0,,0,003,"STONY POINT RD","DENMAN RD",500.00,N,N,A,-,N,,,,,,,,,,Y,1,1,1,2,A,-,01,23152,A,N,B,C,A,A,H,-,D,D,0,,,,,Y,Y,A,01,1,0,0,0,0,0,0,0,0,"- ","- ",38.274028778076172,-122.67697143554688,SONOMA,PETALUMA,-122.67796325683594,38.275203704833984
9302060,2021,2021-09-21,4908,2021-08-25,1513,3557,,3,5,5,4908,0,0,0,,0,001,"SOUTH MCDOWELL BL","CASA GRANDE RD",25.00,S,N,A,-,N,,,,,,,,,,,3,0,1,2,A,-,03,22350,,N,C,C,A,A,H,-,A,A,0,,,,,Y,,A,01,0,1,0,0,0,0,0,0,0,"- ","- ",38.236099243164062,-122.6025390625,SONOMA,PETALUMA,-122.60247802734375,38.236049652099609
9303376,2021,2022-02-18,4905,2021-06-29,2345,1060494,,2,5,6,4905,0,0,0,,0,001,"STATE FARM DR","RANGE AV",0.00,,Y,A,-,N,,,,,,,,,,N,3,0,1,4,A,-,01,23152,,N,C,E,A,A,H,-,C,D,0,,,,,Y,Y,A,01,0,1,0,0,0,0,0,0,0,"- ","- ",38.466239929199219,-122.73264312744141,SONOMA,"SANTA ROSA",-122.73265075683594,38.466243743896484
9307262,2021,2021-09-01,4905,2021-05-04,1641,1060383,,2,5,6,4905,0,0,0,,0,009,"SOUTH E ST","MAPLE AV",50.00,N,N,A,-,N,,,,,,,,,,Y,4,0,1,1,A,-,03,22350,,M,E,I,A,A,H,-,A,A,0,,,,,Y,,A,01,0,0,1,0,0,0,0,0,0,"- ","- ",38.437141418457031,-122.71884918212891,SONOMA,"SANTA ROSA",-122.70437622070312,38.433258056640625
9307263,2021,2021-09-01,4905,2021-05-05,0642,1060408,,3,5,6,4905,0,0,0,,0,007,"CAMPBELL DR","MARTY CT",96.00,E,N,A,-,N,,,,,,,,,,Y,4,0,1,2,A,-,01,23152,F,N,A,E,A,A,H,-,A,D,0,,,,,Y,,-,,0,0,1,0,0,0,0,0,0,"- ","- ",38.420211791992188,-122.74436187744141,SONOMA,"SANTA ROSA",-122.74423980712891,38.420021057128906
9307264,2021,2021-09-13,4905,2021-05-05,0644,1060413,,3,5,6,4905,0,0,0,,0,007,"GARDNER AV","STONY POINT RD",20.00,W,N,A,-,N,,,,,,,,,,Y,4,0,1,1,-,-,"- ",,F,N,E,I,A,A,H,-,A,D,0,,,,,Y,,-,,0,0,1,0,0,0,0,0,0,"- ","- ",38.420211791992188,-122.74436187744141,SONOMA,"SANTA ROSA",-122.74092102050781,38.423374176025391
9312711,2021,2021-09-13,4904,2021-07-17,1519,1040573,,6,5,4,4904,0,0,0,,0,003,"SOUTHWEST BL","NO NAME ST",378.00,W,N,A,-,N,,,,,,,,,,Y,2,0,1,2,A,-,08,22107,,F,D,C,A,A,H,-,A,D,0,,,Y,Y,Y,,F,26,1,0,0,0,0,0,0,0,0,"- ","- ",38.335838317871094,-122.70938110351562,SONOMA,"ROHNERT PARK",-122.71073150634766,38.336009979248047
9313047,2021,2021-09-30,4904,2021-08-02,1814,1040573,4904,1,5,4,4904,0,0,0,,0,003,"SOUTHWEST BL","ADRIAN DR",0.00,,Y,A,-,N,,,,,,,,,,N,4,0,1,2,A,-,12,22450,A,N,D,C,A,A,H,-,A,A,0,,,,,Y,,A,01,0,0,1,0,0,0,0,0,0,"- ","- ",38.335880279541016,-122.70516967773438,SONOMA,"ROHNERT PARK",-122.70516967773438,38.336074829101562
9314077,2021,2021-09-16,4904,2021-08-15,2131,1040576,4904,7,5,4,4904,0,0,0,,0,001,"SNYDER LN","GOLD COURSE DR",0.00,,Y,A,-,N,,,,,,,,,,Y,3,0,1,2,A,-,03,22350,,F,B,C,A,A,H,-,C,A,0,,,,,Y,,A,07,0,1,0,0,0,0,0,0,0,"- ","- ",38.367221832275391,-122.68565368652344,SONOMA,"ROHNERT PARK",-122.68582916259766,38.367160797119141
9314311,2021,2021-08-31,4905,2021-04-28,2059,1060383,,3,5,6,4905,0,0,0,,0,006,"SONOMA AV","HAHMAN DR",260.00,W,N,A,-,N,,,,,,,,,,N,4,0,1,2,A,-,10,21950,A,N,G,B,B,A,H,-,C,A,0,Y,,,,Y,,-,,0,0,1,0,1,0,0,0,0,"- ","- ",38.445068359375,-122.6856689453125,SONOMA,"SANTA ROSA",-122.68653106689453,38.444835662841797
9314312,2021,2021-09-07,4905,2021-04-14,2051,1060422,,3,5,6,4905,0,0,0,,0,004,"RT 12","BOAS DR",0.00,,Y,A,-,Y,SON,4,12,-,-,19.830,I,5,W,Y,4,0,2,2,A,-,09,21802,A,N,D,C,A,A,H,-,C,A,0,,,,,Y,,A,01,0,0,2,0,0,0,0,0,0,"- ","- ",38.465049743652344,-122.65782928466797,SONOMA,"SANTA ROSA",-122.65784454345703,38.465057373046875
9314315,2021,2021-08-28,4905,2021-04-18,0159,1060558,,7,5,6,4905,0,0,0,,0,008,"SANTA ROSA AV","COLGAN AV",15.00,S,N,A,-,N,,,,,,,,,,Y,4,0,1,2,A,-,01,23153,A,N,C,D,A,A,H,-,C,A,0,,,,,Y,Y,A,01,0,0,1,0,0,0,0,0,0,"- ","- ",38.421199798583984,-122.71349334716797,SONOMA,"SANTA ROSA",-122.71354675292969,38.421127319335938
9314317,2021,2021-08-28,4905,2021-04-03,2157,1060473,,6,5,6,4905,0,0,0,,0,002,"13TH ST","MONROE ST",190.00,E,N,-,-,N,,,,,,,,,,N,4,0,1,3,A,-,22,23123,A,N,A,E,A,A,-,-,C,D,0,,,,,Y,Y,A,01,0,0,1,0,0,0,0,0,0,"- ","- ",38.447048187255859,-122.70628356933594,SONOMA,"SANTA ROSA",-122.70478057861328,38.447250366210938
9314318,2021,2021-08-28,4905,2021-04-20,2015,1060545,,2,5,6,4905,0,0,0,,0,002,"OLD REDWOOD HWY","FOUNTAINGROVE PKWY",1533.00,N,N,A,-,N,,,,,,,,,,Y,3,0,2,2,A,-,01,23152,,N,B,C,A,A,H,-,C,D,0,,,,,Y,Y,-,,0,1,1,0,0,0,0,0,0,"- ","- ",38.475528717041016,-122.7305908203125,SONOMA,"SANTA ROSA",,
9314319,2021,2021-08-28,4905,2021-04-11,1738,1068712,,7,5,6,4905,0,0,0,,0,006,"SONOMA AV","BRENTWOOD DR",15.00,W,N,A,-,N,,,,,,,,,,Y,4,0,1,2,A,-,03,22350,,N,C,E,A,A,H,-,A,D,0,,,,,Y,,-,,0,0,1,0,0,0,0,0,0,"- ","- ",38.443790435791016,-122.69032287597656,SONOMA,"SANTA ROSA",-122.69036102294922,38.443798065185547
9314364,2021,2021-08-24,4905,2021-03-19,2139,1060383,,5,5,6,4905,0,0,0,,0,001,"RUSSELL AV","RANGE AV",25.00,E,N,A,-,N,,,,,,,,,,N,4,0,1,2,B,-,22,,,F,G,B,F,A,H,-,C,D,0,Y,Y,,,Y,Y,L,04,0,0,1,0,1,0,0,0,0,"- ","- ",38.496299743652344,-122.73069763183594,SONOMA,"SANTA ROSA",-122.73255157470703,38.469131469726562
9314367,2021,2021-08-24,4905,2021-03-21,1925,1060514,,7,5,6,4905,0,0,0,,0,009,"HAZEL ST","OLIVE ST",96.00,W,N,A,-,N,,,,,,,,,,Y,4,0,1,2,A,-,01,23152,F,M,C,C,A,A,H,-,C,D,0,,,,,Y,,A,01,0,0,1,0,0,0,0,0,0,"- ","- ",38.433879852294922,-122.71941375732422,SONOMA,"SANTA ROSA",-122.71958160400391,38.433998107910156
9315126,2021,2021-09-01,4904,2021-06-24,1618,1040528,,4,5,4,4904,0,0,0,,0,,"COMMERCE BL","ROHNERT PARK EXPWY",440.00,N,N,A,-,N,,,,,,,,,,N,4,0,1,2,A,-,09,21804,A,N,D,C,A,A,H,-,A,D,0,,,,,Y,,A,07,0,0,1,0,0,0,0,0,0,"- ","- ",38.34844970703125,-122.70960998535156,SONOMA,"ROHNERT PARK",-122.70961761474609,38.349739074707031
9315618,2021,2021-10-04,4908,2021-07-30,1635,3552,10,5,5,5,4908,0,0,0,,0,004,"NORTH MCDOWELL BL","LYNCH CREEK WY",300.00,S,N,A,-,N,,,,,,,,,,Y,4,0,1,3,A,-,09,21804,A,N,D,C,A,A,H,-,A,D,0,,,,,Y,,A,01,0,0,1,0,0,0,0,0,0,"- ","- ",38.253120422363281,-122.63262939453125,SONOMA,PETALUMA,-122.63194274902344,38.252590179443359
9316407,2021,2021-10-06,4908,2021-08-20,1927,3552,9,5,5,5,4908,0,0,0,,0,003,"CORONA RD","SONOMA MOUNTAIN  PKWY",15.00,N,N,A,-,N,,,,,,,,,,Y,3,0,1,1,A,-,01,23152,A,N,E,I,A,A,H,-,B,D,0,,,,,Y,Y,A,01,0,1,0,0,0,0,0,0,0,"- ","- ",38.268909454345703,-122.654541015625,SONOMA,PETALUMA,-122.65449523925781,38.269012451171875