CASE_ID,ACCIDENT_YEAR,PROC_DATE,JURIS,COLLISION_DATE,COLLISION_TIME,OFFICER_ID,REPORTING_DISTRICT,DAY_OF_WEEK,CHP_SHIFT,POPULATION,CNTY_CITY_LOC,SPECIAL_COND,BEAT_TYPE,CHP_BEAT_TYPE,CITY_DIVISION_LAPD,CHP_BEAT_CLASS,BEAT_NUMBER,PRIMARY_RD,SECONDARY_RD,DISTANCE,DIRECTION,INTERSECTION,WEATHER_1,WEATHER_2,STATE_HWY_IND,CALTRANS_COUNTY,CALTRANS_DISTRICT,STATE_ROUTE,ROUTE_SUFFIX,POSTMILE_PREFIX,POSTMILE,LOCATION_TYPE,RAMP_INTERSECTION,SIDE_OF_HWY,TOW_AWAY,COLLISION_SEVERITY,NUMBER_KILLED,NUMBER_INJURED,PARTY_COUNT,PRIMARY_COLL_FACTOR,PCF_CODE_OF_VIOL,PCF_VIOL_CATEGORY,PCF_VIOLATION,PCF_VIOL_SUBSECTION,HIT_AND_RUN,TYPE_OF_COLLISION,MVIW,PED_ACTION,ROAD_SURFACE,ROAD_COND_1,ROAD_COND_2,LIGHTING,CONTROL_DEVICE,CHP_ROAD_TYPE,PEDESTRIAN_ACCIDENT,BICYCLE_ACCIDENT,MOTORCYCLE_ACCIDENT,TRUCK_ACCIDENT,NOT_PRIVATE_PROPERTY,ALCOHOL_INVOLVED,STWD_VEHTYPE_AT_FAULT,CHP_VEHTYPE_AT_FAULT,COUNT_SEVERE_INJ,COUNT_VISIBLE_INJ,COUNT_COMPLAINT_PAIN,COUNT_PED_KILLED,COUNT_PED_INJURED,COUNT_BICYCLIST_KILLED,COUNT_BICYCLIST_INJURED,COUNT_MC_KILLED,COUNT_MC_INJURED,PRIMARY_RAMP,SECONDARY_RAMP,LATITUDE,LONGITUDE,COUNTY,CITY,POINT_X,POINT_Y
9317367,2021,2021-09-22,4908,2021-08-17,1520,3341,15,2,5,5,4908,0,0,0,,0,002,"LAKEVILLE ST","CAULFIELD LN",295.00,W,N,A,-,N,,,,,,,,,,N,4,0,1,2,A,-,03,22350,,N,C,C,A,A,H,-,A,D,0,,,,,Y,,A,01,0,0,1,0,0,0,0,0,0,"- ","- ",38.235328674316406,-122.6224365234375,SONOMA,PETALUMA,-122.62343597412109,38.235385894775391
9319266,2021,2021-10-04,4901,2021-08-18,1615,086,,3,5,2,4901,0,0,0,,0,,"EAST FIRST ST","RIVER PARK TRAIL S",0.00,,Y,A,-,N,,,,,,,,,,N,2,0,1,2,A,-,09,21801,,M,D,C,A,A,H,-,A,D,0,,,Y,,Y,,C,02,1,0,0,0,0,0,0,0,1,"- ","- ",38.808921813964844,-123.00789642333984,SONOMA,CLOVERDALE,-121.14128112792969,41.122421264648438
9319935,2021,2021-10-04,4908,2021-08-29,1422,3459,13,7,5,5,4908,0,0,0,,0,001,"LAKEVILLE HWY","BAYWOOD DR",0.00,,Y,A,-,Y,SON,4,116,-,-,35.160,H,-,W,N,4,0,1,2,A,-,03,22350,,N,C,C,A,A,H,-,A,A,0,,,,Y,Y,,F,25,0,0,1,0,0,0,0,0,0,"- ","- ",38.232940673828125,-122.61419677734375,SONOMA,PETALUMA,-122.61395263671875,38.233020782470703
9320833,2021,2023-06-17,4905,2021-09-02,2019,1060541,,4,5,6,4905,0,0,0,,0,10607,"SOBASTOPOL RD","BURBANK AV",0.00,,Y,A,-,N,,,,,,,,,,Y,1,1,4,2,A,-,12,21453,A,N,A,C,A,A,H,-,C,A,0,,,,,Y,,A,01,4,0,0,0,0,0,0,0,0,"- ","- ",38.428241729736328,-122.73636627197266,SONOMA,"SANTA ROSA",-122.73532867431641,38.428253173828125
9321573,2021,2021-10-14,4908,2021-08-19,0850,3341,15,4,5,5,4908,0,0,0,,0,001,"LAKEVILLE HWY","SOUTH MCDOWELL BL",0.00,,Y,A,-,Y,SON,4,116,-,-,36.070,I,5,W,Y,3,0,2,2,C,-,18,,,N,D,C,A,A,H,-,A,A,0,,,,,Y,,-,"- ",0,1,1,0,0,0,0,0,0,"- ","- ",38.23419189453125,-122.59998321533203,SONOMA,PETALUMA,-122.59882354736328,38.234268188476562
9321982,2021,2021-10-21,4908,2021-09-09,1353,3383,2,4,5,5,4908,0,0,0,,0,002,"LINDBERG LN","PAYRAN ST",15.00,W,N,A,-,N,,,,,,,,,,N,4,0,2,2,A,-,03,22350,,N,C,C,A,A,H,-,A,A,0,,,,,Y,,A,01,0,0,2,0,0,0,0,0,0,"- ","- ",38.2369384765625,-122.62445831298828,SONOMA,PETALUMA,-122.62409210205078,38.237228393554688
9323753,2021,2021-10-14,4907,2021-09-04,0014,1101844,,6,5,2,4907,0,0,0,,0,SO1,"7TH ST W","WEST SPAIN ST",146.00,W,N,A,-,N,,,,,,,,,,Y,3,0,2,2,A,-,01,23153,,N,E,A,A,A,H,-,C,D,0,,,,,Y,Y,A,01,0,1,1,0,0,0,0,0,0,"- ","- ",38.294589996337891,-122.47093963623047,SONOMA,SONOMA,-122.47096252441406,38.294635772705078
9323756,2021,2021-09-27,4907,2021-08-11,0806,1102267,,3,5,2,4907,0,0,0,,0,SO1,"E SPAIN ST","2ND ST E",2.00,W,N,A,-,N,,,,,,,,,,N,4,0,1,2,A,-,10,21950,A,N,G,B,D,A,H,-,A,A,0,Y,,,,Y,,D,22,0,0,1,0,1,0,0,0,0,"- ","- ",38.293350219726562,-122.45408630371094,SONOMA,SONOMA,-122.45407867431641,38.293331146240234
9326070,2021,2021-10-22,4904,2021-09-20,1826,1040525,4904,1,5,4,4904,0,0,0,,0,002,"ROHNERT PARK EXPWY","RT 101 S",0.00,,Y,A,-,N,,,101,,,,,,,N,4,0,1,2,A,-,04,21703,,N,C,C,A,A,H,-,A,A,0,,,,,Y,,A,01,0,0,1,0,0,0,0,0,0,"- ","- ",38.348419189453125,-122.71320343017578,SONOMA,"ROHNERT PARK",-122.71318054199219,38.348419189453125
9327687,2021,2021-10-15,4908,2021-09-09,1045,3383,14,4,5,5,4908,0,0,0,,0,001,"DEL ORO CIR","SARTORI DR",150.00,E,N,A,-,N,,,,,,,,,,Y,3,0,2,2,A,-,08,22107,,N,B,E,A,A,H,-,A,D,0,,,,,Y,,A,07,0,1,1,0,0,0,0,0,0,"- ","- ",38.237079620361328,-122.59796142578125,SONOMA,PETALUMA,-122.59954071044922,38.238494873046875
9336614,2021,2021-10-19,4908,2021-09-14,0742,2754,13,2,5,5,4908,0,0,0,,0,001,"CASA GRANDE RD","SOUTH MCDOWELL BL",8.00,E,N,A,-,N,,,,,,,,,,,3,0,1,2,D,-,00,,,N,G,B,B,A,H,-,A,A,0,Y,,,,Y,,-,"- ",0,1,0,0,1,0,0,0,0,"- ","- ",38.236099243164062,-122.6025390625,SONOMA,PETALUMA,-122.60253143310547,38.236106872558594
9336976,2021,2021-10-12,4904,2021-08-29,1025,1040527,4904,7,5,4,4904,0,0,0,,0,002,"ROHNERT PARK EXPWY","COMMERCE BL",860.00,W,N,A,-,N,,,,,,,,,,Y,4,0,1,3,A,-,04,21703,,N,C,C,A,A,H,-,A,A,0,,,,,Y,,A,01,0,0,1,0,0,0,0,0,0,"- ","- ",38.348220825195312,-122.70942687988281,SONOMA,"ROHNERT PARK",-122.71260833740234,38.348480224609375
9336977,2021,2021-10-12,4904,2021-08-27,0822,1040527,,5,5,4,4904,0,0,0,,0,,"ROHNERT PARK EXPY","STATE FARM DR",580.00,E,N,A,-,N,,,,,,,,,,Y,4,0,1,2,A,-,04,21703,,N,C,C,A,A,H,-,A,D,0,,,,,Y,,A,01,0,0,1,0,0,0,0,0,0,"- ","- ",38.348400115966797,-122.70603942871094,SONOMA,"ROHNERT PARK",-122.70398712158203,38.348316192626953
9336978,2021,2021-11-05,4904,2021-08-26,1915,1040525,,4,5,4,4904,0,0,0,,0,,"ROHNERT PARK EXPY","RT 101",0.00,,Y,A,-,N,,,,,,,,,,Y,4,0,1,2,A,-,12,21453,A,N,D,C,A,A,H,-,A,A,0,,,,,Y,,A,01,0,0,1,0,0,0,0,0,0,"- ",NF,38.348419189453125,-122.71118927001953,SONOMA,"ROHNERT PARK",,
9339068,2021,2021-11-01,4904,2021-09-17,1750,1040555,,5,5,4,4904,0,0,0,,0,,"ROHNERT PARK EXPWY","RT 101",0.00,,Y,A,-,Y,SON,4,101,-,-,13.712,R,4,S,N,4,0,1,2,A,-,08,22107,,N,B,G,A,A,H,-,A,A,0,,Y,,,Y,,A,01,0,0,1,0,0,0,1,0,0,"- ",NO,38.348419189453125,-122.71295928955078,SONOMA,"ROHNERT PARK",-122.71311187744141,38.34600830078125
9339336,2021,2021-12-10,4908,2021-10-05,2006,2932,2,2,5,5,4908,0,0,0,,0,002,"WASHINGTON ST","KELLER ST",0.00,,Y,A,-,N,,,,,,,,,,Y,4,0,1,2,A,-,08,22107,,N,D,C,A,A,H,-,C,D,0,,,,,Y,Y,I,20,0,0,1,0,0,0,0,0,0,"- ","- ",38.235141754150391,-122.64292907714844,SONOMA,PETALUMA,-122.64298248291016,38.235176086425781
9339611,2021,2021-10-20,4900,2021-09-28,2341,1102847,,2,5,3,4980,0,0,0,,0,WI1,"OLD REDWOOD HWY","SHADETREE DR",140.00,S,N,A,-,N,,,,,,,,,,Y,3,0,1,1,A,-,08,22107,,N,E,I,A,A,H,-,C,D,0,,,,,Y,,A,01,0,1,0,0,0,0,0,0,0,"- ","- ",38.540908813476562,-122.79554748535156,SONOMA,WINDSOR,-122.795166015625,38.540706634521484
9341371,2021,2021-11-04,4902,2021-09-24,1508,105350,COTAT,5,5,2,4902,0,0,0,,0,,"OLD REDWOOD HWY","GRAVENSTEIN WY",70.00,S,N,A,-,N,,,,,,,,,,Y,3,0,3,4,A,-,04,21703,,N,C,C,A,A,H,-,A,A,0,,,,,Y,Y,A,07,0,1,2,0,0,0,0,0,0,"- ","- ",,,SONOMA,COTATI,-122.71041107177734,38.331031799316406
9342949,2021,2021-11-03,4904,2021-09-07,0808,1040350,,2,5,4,4904,0,0,0,,0,,"GOLF COURSE DR","COMMERCE BL",59.00,E,N,A,-,N,,,,,,,,,,N,4,0,1,2,A,-,21,22106,,N,C,C,A,A,H,-,A,A,0,,,,,Y,,A,01,0,0,1,0,0,0,0,0,0,"- ","- ",38.363300323486328,-122.71208953857422,SONOMA,"ROHNERT PARK",-122.71188354492188,38.363231658935547
9346591,2021,2021-11-04,4908,2021-09-23,0742,2747,13,4,5,5,4908,0,0,0,,0,001,"EASTSIDE AV","MARIA DR",525.00,E,N,A,-,N,,,,,,,,,,N,3,0,1,1,A,-,03,22350,,N,F,A,A,A,H,-,A,D,0,,Y,,,Y,,L,04,0,1,0,0,0,0,1,0,0,"- ","- ",38.2523193359375,-122.62220001220703,SONOMA,PETALUMA,-122.62118530273438,38.253494262695312
9346779,2021,2021-11-04,4908,2021-09-02,1748,2932,3,4,5,5,4908,0,0,0,,0,002,"PETALUMA BL SOUTH","CRYSTAL LN",70.00,W,N,A,-,N,,,,,,,,,,Y,3,0,1,1,A,-,03,22350,,N,E,I,A,A,H,-,A,A,0,,,Y,,Y,,C,02,0,1,0,0,0,0,0,0,1,"- ","- ",38.227428436279297,-122.61798858642578,SONOMA,PETALUMA,-122.61813354492188,38.227310180664062
9350016,2021,2021-11-30,4900,2021-09-21,1510,1101496,,2,5,3,4980,0,0,0,,0,WI1,"OLD REDWOOD HWY","RICHARDSON ST",147.00,N,N,A,-,N,,,,,,,,,,N,3,0,1,2,A,-,03,22350,,N,C,G,A,A,H,-,A,D,0,,Y,,,Y,,L,04,0,1,0,0,0,0,1,0,0,"- ","- ",38.459110260009766,-122.81120300292969,SONOMA,WINDSOR,-122.81224060058594,38.548904418945312
9350017,2021,2021-11-30,4900,2021-09-14,1557,1101496,,2,5,3,4980,0,0,0,,0,WI1,"FIREWEED CT","LAKEWOOD DR",0.00,,Y,A,-,N,,,,,,,,,,Y,3,0,2,1,A,-,08,22107,,N,A,I,A,A,H,-,A,D,0,,,,,Y,,A,01,0,1,1,0,0,0,0,0,0,"- ","- ",38.549339294433594,-122.80046844482422,SONOMA,WINDSOR,-122.80048370361328,38.549350738525391
9350434,2021,2021-12-03,4902,2021-10-15,0720,105350,COTAT,5,5,2,4902,0,0,0,,0,,"EAST COTATI AV","BEVERLY DR",110.00,W,N,B,-,N,,,,,,,,,,,3,0,1,2,A,-,08,22107,,N,D,C,A,A,H,-,A,D,0,,,,Y,Y,,A,01,0,1,0,0,0,0,0,0,0,"- ","- ",,,SONOMA,COTATI,-122.69441986083984,38.330718994140625
9350775,2021,2021-11-06,4908,2021-10-12,1240,3341,5,2,5,5,4908,0,0,0,,0,003,"WASHINGTON ST","LIBERTY ST",0.00,,Y,A,-,N,,,,,,,,,,Y,4,0,3,2,A,-,09,21802,A,N,D,C,A,A,H,-,A,A,0,,,,,Y,,A,01,0,0,3,0,0,0,0,0,0,"- ","- ",38.234851837158203,-122.64385223388672,SONOMA,PETALUMA,-122.64389038085938,38.234878540039062
9351130,2021,2021-12-16,4902,2021-10-23,1855,105355,,6,5,2,4902,0,0,0,,0,,"RT 116","REDWOOD DR",0.00,,Y,C,-,Y,SON,4,116,-,-,34.920,I,5,E,Y,4,0,1,2,A,-,09,21453,C,N,D,C,A,B,H,-,C,A,0,,,,,Y,,A,07,0,0,1,0,0,0,0,0,0,"- ","- ",,,SONOMA,COTATI,-122.71488952636719,38.331550598144531
9351531,2021,2021-12-02,4908,2021-09-20,1109,3414,10,1,5,5,4908,0,0,0,,0,004,"NORTH MCDOWELL BL","E WASHINGSTON ST",50.00,N,N,A,-,N,,,,,,,,,,Y,4,0,1,2,A,-,03,22350,,N,C,C,A,A,H,-,A,A,0,,,,,Y,Y,A,01,0,0,1,0,0,0,0,0,0,"- ","- ",38.279178619384766,-122.62574005126953,SONOMA,PETALUMA,-122.62598419189453,38.249267578125
9351558,2021,2021-11-17,4908,2021-10-28,1338,3341,2,4,5,5,4908,0,0,0,,0,002,"EAST WASHINGTON ST","KENILWORTH DR",25.00,E,N,A,-,N,,,,,,,,,,N,4,0,2,2,A,-,01,23153,A,N,C,C,A,A,H,-,A,A,0,,,,,Y,Y,D,22,0,0,2,0,0,0,0,0,0,"- ","- ",38.243759155273438,-122.63086700439453,SONOMA,PETALUMA,-122.63085174560547,38.243827819824219
9351907,2021,2021-11-19,4905,2021-08-25,1540,1068911,,3,5,6,4905,0,0,0,,0,003,"RIDLEY AV","GUERNEVILLE RD",50.00,W,N,A,-,N,,,,,,,,,,Y,3,0,3,3,A,-,03,22350,,N,C,C,A,A,H,-,A,A,0,,,,,Y,,D,22,0,1,2,0,0,0,0,0,0,"- ","- ",38.453090667724609,-122.74653625488281,SONOMA,"SANTA ROSA",-122.74626159667969,38.452548980712891
9353843,2021,2021-11-12,4900,2021-10-18,0805,1101496,,1,5,3,4980,0,0,0,,0,WI1,"SHADETREE DR","OLD REDWOOD HWY",0.00,,Y,A,-,N,,,,,,,,,,N,3,0,1,2,A,-,08,22107,,N,D,G,A,A,H,-,A,D,0,,Y,,,Y,,A,01,0,1,0,0,0,0,1,0,0,"- ","- ",38.540908813476562,-122.79554748535156,SONOMA,WINDSOR,-122.79557800292969,38.540908813476562
9353844,2021,2021-11-12,4907,2021-10-19,1000,1102267,,2,5,2,4907,0,0,0,,0,SO1,"WEST SPAIN ST","3RD ST W",5.00,E,N,A,-,N,,,,,,,,,,N,3,0,1,2,A,-,10,21950,A,N,G,B,B,A,H,-,A,A,0,Y,,,,Y,,A,07,0,1,0,0,1,0,0,0,0,"- ","- ",38.294258117675781,-122.46315002441406,SONOMA,SONOMA,-122.46314239501953,38.294246673583984
9354558,2021,2021-11-17,4900,2021-10-20,1238,1101496,,3,5,3,4980,0,0,0,,0,WI1,"MADRONE WY","HEMBREE LN",202.00,E,N,C,-,N,,,,,,,,,,N,3,0,1,2,A,-,21,22106,,N,H,E,A,B,H,-,A,D,0,,,,Y,Y,,F,26,0,1,0,0,0,0,0,0,0,"- ","- ",38.550258636474609,-122.79727935791016,SONOMA,WINDSOR,-122.79738616943359,38.550487518310547
9354735,2021,2021-11-10,4904,2021-10-08,1227,1040556,4904,5,5,4,4904,0,0,0,,0,003,"CAMINO COLEGIO","MAPLE DR",300.00,S,N,A,-,N,,,,,,,,,,Y,3,0,1,3,A,-,08,22107,,N,C,E,A,A,H,-,A,D,0,,,,,Y,,A,01,0,1,0,0,0,0,0,0,0,"- ","- ",,,SONOMA,"ROHNERT PARK",-122.68480682373047,38.325740814208984
9354772,2021,2021-11-03,4904,2021-09-27,1032,1040525,4904,1,5,4,4904,0,0,0,,0,002,"COMMERCE BL","COMMERCE BL 6255",10.00,W,N,A,-,N,,,,,,,,,,N,4,0,1,2,A,-,10,21950,A,N,H,G,A,A,H,-,A,D,0,,Y,,,Y,,A,01,0,0,1,0,0,0,1,0,0,"- ","- ",,,SONOMA,"ROHNERT PARK",,
9355011,2021,2021-11-04,4904,2021-07-04,2131,140483,,7,5,4,4904,0,0,0,,0,,"GOLF COURSE DR","HACIENDA WY",0.00,,Y,A,-,N,,,,,,,,,,Y,4,0,1,2,A,-,03,22350,,N,B,C,A,A,H,-,C,D,0,,,,,Y,,A,01,0,0,1,0,0,0,0,0,0,"- ","- ",38.362720489501953,-122.6934814453125,SONOMA,"ROHNERT PARK",-122.69347381591797,38.362689971923828
9355383,2021,2021-12-16,4903,2021-10-08,0825,1476,2,5,5,3,4903,0,0,0,,0,,"HEALDSBURG AV","MILL ST / VINE ST",0.00,,Y,A,-,N,,,,,,,,,,N,2,0,1,2,A,-,10,21950,C,N,G,B,B,A,H,-,A,A,0,Y,,,,Y,,D,22,1,0,0,0,1,0,0,0,0,"- ","- ",38.611728668212891,-122.87077331542969,SONOMA,HEALDSBURG,-122.87004852294922,38.608169555664062
9355909,2021,2021-11-10,4908,2021-10-05,1610,3383,15,2,5,5,4908,0,0,0,,0,001,"LAKEVILLE HWY","PINE VIEW WY",0.00,,Y,A,-,Y,SON,4,116,-,-,36.920,I,5,E,Y,4,0,2,2,A,-,09,21802,A,N,D,C,A,A,H,-,A,A,0,,,,,Y,,A,01,0,0,2,0,0,0,0,0,0,"- ","- ",38.231239318847656,-122.58432006835938,SONOMA,PETALUMA,-122.5849609375,38.231662750244141
9357316,2021,2021-11-13,4900,2021-09-30,1748,1102847,,4,5,3,4980,0,0,0,,0,WI1,"MITCHELL LN","TRONE CIR",200.00,E,N,A,-,N,,,,,,,,,,N,3,0,1,2,A,-,10,21950,A,N,G,B,C,A,H,-,A,D,0,Y,,,,Y,,-,,0,1,0,0,1,0,0,0,0,"- ","- ",38.532951354980469,-122.8043212890625,SONOMA,WINDSOR,-122.81493377685547,38.532688140869141
9358975,2021,2021-12-28,4905,2021-07-20,0000,1068921,,2,5,6,4905,0,0,0,,0,007,"DUTTON AV","SEBASTOPOL RD",5.00,N,N,A,-,N,,,,,,,,,,N,2,0,1,2,A,-,10,21950,A,N,D,B,B,A,H,-,B,A,0,Y,,,,Y,,-,,1,0,0,0,1,0,0,0,0,"- ","- ",38.430591583251953,-122.72531127929688,SONOMA,"SANTA ROSA",-122.72530364990234,38.430633544921875
9358983,2021,2021-12-28,4905,2021-07-09,0000,1060526,,5,5,6,4905,0,0,0,,0,10607,"SEBASTOPOL RD","KENMORE LN",245.00,W,N,A,-,N,,,,,,,,,,Y,2,0,1,2,A,-,03,22350,,N,D,C,A,A,H,-,A,D,0,,,Y,Y,Y,Y,C,02,1,0,0,0,0,0,0,0,1,"- ","- ",38.426849365234375,-122.74131774902344,SONOMA,"SANTA ROSA",-122.74395751953125,38.426677703857422
9358991,2021,2021-11-22,4905,2021-10-25,0000,1060513,,1,5,6,4905,0,0,0,,0,10609,"MORGAN ST","6TH ST",0.00,,Y,A,-,N,,,,,,,,,,Y,4,0,1,2,A,-,12,21453,A,M,D,C,A,B,H,-,A,A,0,,,,,Y,,D,22,0,0,1,0,0,0,0,0,0,"- ","- ",38.439929962158203,-122.71938323974609,SONOMA,"SANTA ROSA",-122.71939849853516,38.439891815185547
9359007,2021,2021-11-22,4905,2021-10-13,1103,1060581,,3,5,6,4905,0,0,0,,0,003,"WEST STEELE LN","COFFEE LN",55.00,W,N,A,-,N,,,,,,,,,,Y,3,0,1,2,A,-,01,23152,F,N,D,F,A,A,H,-,A,A,0,,,,,Y,,-,,0,1,0,0,0,0,0,0,0,"- ","- ",38.459968566894531,-122.7406005859375,SONOMA,"SANTA ROSA",-122.740478515625,38.459957122802734
9359011,2021,2021-12-07,4905,2021-10-09,1929,1060568,,6,5,6,4905,0,0,0,,0,007,"CORBY AV","BARHAM AV",326.00,S,N,A,-,N,,,,,,,,,,Y,4,0,1,2,A,-,01,23152,A,N,D,E,A,A,H,-,C,D,0,,,Y,,Y,Y,C,06,0,0,1,0,0,0,0,0,1,"- ","- ",38.425800323486328,-122.71750640869141,SONOMA,"SANTA ROSA",-122.71775054931641,38.425880432128906
9359110,2021,2021-12-28,4905,2021-07-14,0721,1068925,,3,5,6,4905,0,0,0,,0,007,"STONY POINT RD","BELLEVUE RANCH",46.00,N,N,B,-,N,,,,,,,,,,Y,4,0,1,2,A,-,03,22350,,N,D,C,A,A,H,-,A,D,0,,,Y,Y,Y,,C,02,0,0,1,0,0,0,0,0,1,"- ","- ",38.408180236816406,-122.74143218994141,SONOMA,"SANTA ROSA",-122.74147033691406,38.408317565917969
9359115,2021,2021-11-17,4905,2021-07-19,1639,1060474,,1,5,6,4905,0,0,0,,0,006,"HAHMAN DR","MONTGOMERY DR",0.00,,Y,A,-,N,,,,,,,,,,Y,2,0,3,1,A,-,08,22107,,N,-,I,A,A,H,-,A,A,0,,,,,Y,Y,A,01,2,1,0,0,0,0,0,0,0,"- ","- ",38.447010040283203,-122.68636322021484,SONOMA,"SANTA ROSA",-122.68637084960938,38.447010040283203
9360226,2021,2021-11-30,4905,2021-08-23,0015,1060571,,1,5,6,4905,0,0,0,,0,006,"SONOMA AV","SUMMERFIELD RD",0.00,,Y,A,-,N,,,,,,,,,,Y,3,0,1,1,A,-,03,22350,,M,A,-,A,A,H,-,C,A,0,,,,,Y,,D,23,0,1,0,0,0,0,0,0,0,"- ","- ",38.449790954589844,-122.66854858398438,SONOMA,"SANTA ROSA",-122.66857147216797,38.449771881103516
9360440,2021,2021-11-17,4905,2021-07-26,1733,1060518,,1,5,6,4905,0,0,0,,0,007,"CORBY AV","CORBY AV 2755",0.00,,N,A,-,N,,,,,,,,,,Y,3,0,3,2,A,-,08,22107,,N,A,C,A,A,H,-,A,D,0,,,,,Y,,-,,0,1,2,0,0,0,0,0,0,"- ","- ",38.412448883056641,-122.71739196777344,SONOMA,"SANTA ROSA",-122.71707153320312,38.412910461425781
9360746,2021,2021-11-18,4905,2021-09-08,1018,1068921,,3,5,6,4905,0,0,0,,0,006,"HOEN AV","SUMMERFIELD RD",0.00,,Y,A,-,N,,,,,,,,,,Y,2,0,1,2,A,-,12,21453,A,N,D,C,A,A,H,-,A,A,0,,,Y,,Y,,C,03,1,0,0,0,0,0,0,0,1,"- ","- ",38.443069458007812,-122.66280364990234,SONOMA,"SANTA ROSA",-122.662841796875,38.443084716796875
9360747,2021,2021-11-18,4905,2021-09-25,1124,1060550,,6,5,6,4905,0,0,0,,0,007,"STONY POINT RD","BELLEVUE AV",150.00,N,N,A,-,N,,,,,,,,,,Y,2,0,1,2,A,-,21,22106,,N,C,C,A,A,H,-,A,A,0,,,Y,,Y,,A,08,1,0,0,0,0,0,0,0,1,"- ","- ",38.401821136474609,-122.74144744873047,SONOMA,"SANTA ROSA",-122.74146270751953,38.402233123779297
9360818,2021,2021-11-22,4908,2021-10-19,1021,3557,14,2,5,5,4908,0,0,0,,0,001,"ADOBE CREEK DR","CLUB HOUSE DR",300.00,W,N,A,-,N,,,,,,,,,,N,3,0,1,1,B,-,22,,,N,E,J,A,A,H,-,A,D,0,,,,,Y,,A,01,0,1,0,0,0,0,0,0,0,"- ","- ",38.245071411132812,-122.58616638183594,SONOMA,PETALUMA,-122.58673095703125,38.244430541992188
9360821,2021,2021-11-22,4908,2021-10-21,1533,3557,,4,5,5,4908,0,0,0,,0,,"ELY BL SOUTH","SPOONBILL AV",50.00,N,N,B,-,N,,,,,,,,,,Y,4,0,1,2,A,-,08,22100,B,N,D,C,A,B,H,-,A,D,0,,,,,Y,,A,01,0,0,1,0,0,0,0,0,0,"- ","- ",38.245441436767578,-122.60041046142578,SONOMA,PETALUMA,-122.60026550292969,38.245979309082031
9361393,2021,2022-01-06,4908,2021-09-05,1751,2837,15,7,5,5,4908,0,0,0,,0,001,"LAKEVILLE HWY","SOUTH MCDOWELL BL",0.00,,Y,A,-,N,,,116,,,,,,,N,4,0,1,2,A,-,12,21453,A,N,D,C,A,A,H,-,A,A,0,,,Y,,Y,,D,72,0,0,1,0,0,0,0,0,1,"- ","- ",38.233699798583984,-122.600341796875,SONOMA,PETALUMA,-122.60037231445312,38.234024047851562
9361397,2021,2021-12-01,4908,2021-10-22,0839,3367,15,5,5,5,4908,0,0,0,,0,001,"SOUTH MCDOWELL BL","CASA GRANDE RD",0.00,,Y,B,C,N,,,,,,,,,,N,4,0,1,2,A,-,21,22106,,N,D,C,A,B,H,-,A,A,0,,,,,Y,,A,01,0,0,1,0,0,0,0,0,0,"- ","- ",,,SONOMA,PETALUMA,-122.60254669189453,38.236087799072266
9361405,2021,2021-11-30,4908,2021-10-03,1405,3509,13,7,5,5,4908,0,0,0,,0,001,"PARK LN","SIERRA DR",54.00,N,N,A,-,N,,,,,,,,,,Y,2,0,1,3,A,-,01,23152,A,N,B,E,A,A,H,-,A,D,0,,,,,Y,Y,A,07,1,0,0,0,0,0,0,0,0,"- ","- ",38.246089935302734,-122.61551666259766,SONOMA,PETALUMA,-122.61564636230469,38.246185302734375
9361507,2021,2021-11-16,4908,2021-10-23,1538,3367,12,6,5,5,4908,0,0,0,,0,001,"GARFIELD DR","WILLOW DR",227.00,S,N,B,C,N,,,,,,,,,,N,4,0,1,2,A,-,05,21650,,N,A,C,A,B,H,-,A,D,0,,,,,Y,,A,07,0,0,1,0,0,0,0,0,0,"- ","- ",38.256931304931641,-122.61216735839844,SONOMA,PETALUMA,-122.61122131347656,38.257171630859375
9361508,2021,2022-01-11,4908,2021-10-15,1646,3383,4,5,5,5,4908,0,0,0,,0,002,"D ST","MICHELLE LN",59.00,W,N,A,-,N,,,,,,,,,,Y,3,0,2,2,A,-,09,21804,A,F,D,C,A,A,H,-,A,D,0,,,,,Y,,A,01,0,2,0,0,0,0,0,0,0,"- ","- ",,,SONOMA,PETALUMA,-122.64300537109375,38.2218017578125
9361545,2021,2021-11-19,4905,2021-10-23,1726,1060480,,6,5,6,4905,0,0,0,,0,002,"MENDOCINO AV","LEWIS RD/LA VERNE AV",225.00,S,N,C,-,N,,,,,,,,,,Y,3,0,2,2,A,-,01,23152,B,N,D,C,A,B,H,-,A,D,0,,,,,Y,Y,A,01,0,1,1,0,0,0,0,0,0,"- ","- ",38.462028503417969,-122.71676635742188,SONOMA,"SANTA ROSA",-122.71714782714844,38.460384368896484
9361547,2021,2021-11-19,4905,2021-10-30,0159,1060570,,6,5,6,4905,0,0,0,,0,006,"MONTGOMERY DR","FARMERS LN",10.00,W,N,A,-,N,,,,,,,,,,Y,4,0,1,1,A,-,01,23152,A,N,A,I,A,A,H,-,C,A,0,,,,,Y,Y,A,01,0,0,1,0,0,0,0,0,0,"- ","- ",38.446739196777344,-122.68830108642578,SONOMA,"SANTA ROSA",-122.68807220458984,38.446529388427734
9361904,2021,2021-11-29,4905,2021-07-09,2159,1060541,,5,5,6,4905,0,0,0,,0,009,"NORTH DUTTON AV","WEST 9TH ST",0.00,,Y,A,-,N,,,,,,,,,,Y,3,0,1,2,A,-,09,21801,A,F,D,C,A,A,H,-,C,A,0,,,,,Y,,A,01,0,1,0,0,0,0,0,0,0,"- ","- ",38.441608428955078,-122.72895812988281,SONOMA,"SANTA ROSA",-122.72898101806641,38.441608428955078