CASE_ID,ACCIDENT_YEAR,PROC_DATE,JURIS,COLLISION_DATE,COLLISION_TIME,OFFICER_ID,REPORTING_DISTRICT,DAY_OF_WEEK,CHP_SHIFT,POPULATION,CNTY_CITY_LOC,SPECIAL_COND,BEAT_TYPE,CHP_BEAT_TYPE,CITY_DIVISION_LAPD,CHP_BEAT_CLASS,BEAT_NUMBER,PRIMARY_RD,SECONDARY_RD,DISTANCE,DIRECTION,INTERSECTION,WEATHER_1,WEATHER_2,STATE_HWY_IND,CALTRANS_COUNTY,CALTRANS_DISTRICT,STATE_ROUTE,ROUTE_SUFFIX,POSTMILE_PREFIX,POSTMILE,LOCATION_TYPE,RAMP_INTERSECTION,SIDE_OF_HWY,TOW_AWAY,COLLISION_SEVERITY,NUMBER_KILLED,NUMBER_INJURED,PARTY_COUNT,PRIMARY_COLL_FACTOR,PCF_CODE_OF_VIOL,PCF_VIOL_CATEGORY,PCF_VIOLATION,PCF_VIOL_SUBSECTION,HIT_AND_RUN,TYPE_OF_COLLISION,MVIW,PED_ACTION,ROAD_SURFACE,ROAD_COND_1,ROAD_COND_2,LIGHTING,CONTROL_DEVICE,CHP_ROAD_TYPE,PEDESTRIAN_ACCIDENT,BICYCLE_ACCIDENT,MOTORCYCLE_ACCIDENT,TRUCK_ACCIDENT,NOT_PRIVATE_PROPERTY,ALCOHOL_INVOLVED,STWD_VEHTYPE_AT_FAULT,CHP_VEHTYPE_AT_FAULT,COUNT_SEVERE_INJ,COUNT_VISIBLE_INJ,COUNT_COMPLAINT_PAIN,COUNT_PED_KILLED,COUNT_PED_INJURED,COUNT_BICYCLIST_KILLED,COUNT_BICYCLIST_INJURED,COUNT_MC_KILLED,COUNT_MC_INJURED,PRIMARY_RAMP,SECONDARY_RAMP,LATITUDE,LONGITUDE,COUNTY,CITY,POINT_X,POINT_Y
9361907,2021,2021-11-29,4905,2021-07-28,1518,1060541,,3,5,6,4905,0,0,0,,0,10606,"OAK LEAF DR","OLD OAK LN",216.00,W,N,A,-,N,,,,,,,,,,N,3,0,1,2,A,-,03,22350,,N,C,E,A,A,H,-,A,D,0,,Y,,,Y,,L,04,0,1,0,0,0,0,1,0,0,"- ","- ",38.438179016113281,-122.5855712890625,SONOMA,"SANTA ROSA",-122.58552551269531,38.437980651855469
9362227,2021,2021-12-06,4905,2021-09-02,2018,1060502,,4,5,6,4905,0,0,0,,0,007,"SEBASTOPOL RD","BURBANK AV",0.00,,Y,A,-,N,,,,,,,,,,Y,2,0,2,2,A,-,08,22107,A,M,B,C,A,A,H,-,C,-,0,,,,,Y,Y,-,,2,0,0,0,0,0,0,0,0,"- ","- ",38.428241729736328,-122.73535919189453,SONOMA,"SANTA ROSA",-122.73532867431641,38.428253173828125
9363597,2021,2021-12-01,4907,2021-10-30,1255,1102826,,6,5,2,4907,0,0,0,,0,SO1,"E MACARTHUR ST","5TH ST E",0.00,,Y,B,C,N,,,,,,,,,,N,4,0,1,2,A,-,09,21802,A,N,D,G,A,-,H,-,A,A,0,,Y,,,Y,,A,01,0,0,1,0,0,0,1,0,0,"- ","- ",38.283748626708984,-122.44873809814453,SONOMA,SONOMA,-122.44872283935547,38.283760070800781
9364026,2021,2021-12-29,4903,2021-11-13,0216,1768,,6,5,3,4903,0,0,0,,0,00R,"HEALDSBURG AV","EXCHANGE AV",225.00,N,N,A,-,N,,,,,,,,,,N,3,0,2,1,A,-,03,22350,,N,E,I,A,A,H,-,C,A,0,,,,,Y,Y,A,01,0,1,1,0,0,0,0,0,0,"- ","- ",38.605678558349609,-122.86904907226562,SONOMA,HEALDSBURG,-122.86886596679688,38.605602264404297
9366371,2021,2021-11-23,4905,2021-08-27,2123,1060473,,5,5,6,4905,0,0,0,,0,006,"SONOMA AV","BROOKWOOD AV",15.00,W,N,B,-,N,,,,,,,,,,Y,4,0,1,2,A,-,01,23152,A,N,C,C,A,A,H,-,C,A,0,,,,,Y,,-,,0,0,1,0,0,0,0,0,0,"- ","- ",38.440361022949219,-122.70281982421875,SONOMA,"SANTA ROSA",-122.702880859375,38.44036865234375
9366372,2021,2021-11-23,4905,2021-08-24,1821,1060494,,2,5,6,4905,0,0,0,,0,001,"CLEVELAND AV","COLLEGE AV",15.00,S,N,A,-,N,,,,,,,,,,Y,4,0,1,2,A,-,01,23152,,F,H,C,A,A,H,-,A,A,0,,,,,Y,Y,A,07,0,0,1,0,0,0,0,0,0,"- ","- ",38.450248718261719,-122.72647094726562,SONOMA,"SANTA ROSA",-122.72663116455078,38.445850372314453
9366373,2021,2021-11-23,4905,2021-08-21,2249,1060558,,6,5,6,4905,0,0,0,,0,007,"TIMOTHY RD","SEBASTOPOL RD",700.00,S,N,A,-,N,,,,,,,,,,N,4,0,1,2,A,-,03,22350,,M,A,B,E,A,H,-,D,A,0,Y,,,,Y,,A,01,0,0,1,0,1,0,0,0,0,"- ","- ",38.431289672851562,-122.722412109375,SONOMA,"SANTA ROSA",-122.72226715087891,38.429374694824219
9366374,2021,2021-11-23,4905,2021-08-08,0127,1060569,,7,5,6,4905,0,0,0,,0,10602,"FOUNTAINGROVE PKWY","ROUND BARN BL",294.00,W,N,A,-,N,,,,,,,,,,Y,4,0,1,1,A,-,01,23152,,N,E,J,A,A,-,-,C,D,0,,,,,Y,Y,-,,0,0,1,0,0,0,0,0,0,"- ","- ",38.475490570068359,-122.72615814208984,SONOMA,"SANTA ROSA",-122.72714233398438,38.475173950195312
9366375,2021,2021-11-23,4905,2021-08-07,1309,1060541,,6,5,6,4905,0,0,0,,0,006,"HOEN AV","YULUPA AV",0.00,,Y,A,-,N,,,,,,,,,,Y,2,0,5,2,A,-,12,21453,A,N,D,C,A,A,H,-,A,A,0,,,,,Y,,-,,1,1,3,0,0,0,0,0,0,"- ","- ",38.439548492431641,-122.67156982421875,SONOMA,"SANTA ROSA",-122.67162322998047,38.439540863037109
9366693,2021,2022-01-14,4907,2021-12-09,1740,1102768,,4,5,2,4907,0,0,0,,0,SO1,"3RD ST W","SPAIN ST",0.00,,Y,A,-,N,,,,,,,,,,N,2,0,1,2,A,-,10,21950,A,N,G,B,B,A,H,-,D,D,0,Y,,,,Y,,-,,1,0,0,0,1,0,0,0,0,"- ","- ",38.294258117675781,-122.46315002441406,SONOMA,SONOMA,-122.46316528320312,38.294254302978516
9366969,2021,2021-12-02,4905,2021-07-22,1244,1060474,,4,5,6,4905,0,0,0,,0,004,"MIDDLE RINCON RD","RT 12",0.00,,Y,A,-,Y,SON,4,12,-,-,19.442,I,5,W,Y,2,0,3,2,A,-,12,21453,A,N,A,C,A,A,-,-,A,A,0,,,,,Y,,A,01,1,0,2,0,0,0,0,0,0,"- ","- ",38.463878631591797,-122.66500091552734,SONOMA,"SANTA ROSA",-122.66436004638672,38.464035034179688
9366981,2021,2021-11-19,4905,2021-09-03,2020,1060554,,5,5,6,4905,0,0,0,,0,006,"RT 12","ACACIA LN/MIDDLE RINCON RD",0.00,,N,A,-,Y,SON,4,12,-,-,19.350,H,-,E,Y,4,0,2,2,A,-,03,22350,,N,C,C,A,A,H,-,C,D,0,,,,,Y,,-,,0,0,2,0,0,0,0,0,0,"- ","- ",38.463180541992188,-122.66641235351562,SONOMA,"SANTA ROSA",-122.66591644287109,38.463558197021484
9367013,2021,2021-11-19,4905,2021-10-30,1843,1060541,,6,5,6,4905,0,0,0,,0,002,"RT 12","MOUNTAIN HAWK DR",0.00,,Y,B,-,Y,SON,4,12,-,-,20.695,I,5,W,Y,4,0,2,2,A,-,12,21453,A,N,D,C,A,A,H,-,C,A,0,,,,,Y,,-,,0,0,2,0,0,0,0,0,0,"- ","- ",38.442428588867188,-122.70504760742188,SONOMA,"SANTA ROSA",-122.64299774169922,38.462299346923828
9367030,2021,2021-11-16,4905,2021-09-15,2020,585,,3,5,6,4905,0,0,0,,0,008,"PETALUMA HILL RD","BREEZE WY",0.00,,Y,A,-,N,,,,,,,,,,N,3,0,1,2,A,-,09,21802,A,N,D,G,A,A,H,-,C,A,0,,Y,,,Y,,-,,0,1,0,0,0,0,1,0,0,"- ","- ",,,SONOMA,"SANTA ROSA",-122.7060546875,38.421028137207031
9367125,2021,2021-11-24,4906,2021-08-14,1506,451,4906,6,5,2,4906,0,0,0,,0,,"RT 12","MORRIS ST",9.00,E,N,A,-,Y,SON,4,12,-,-,9.520,I,5,W,Y,4,0,1,3,A,-,03,22350,,N,C,C,A,A,H,-,A,A,0,,,,,Y,,A,01,0,0,1,0,0,0,0,0,0,"- ","- ",38.402900695800781,-122.81907653808594,SONOMA,SEBASTOPOL,-122.81934356689453,38.402854919433594
9367129,2021,2021-11-24,4906,2021-08-13,1458,451,4906,5,5,2,4906,0,0,0,,0,,"RT 12","MORRIS ST",1000.00,E,N,A,-,Y,SON,4,12,-,-,9.710,H,-,W,Y,3,0,4,2,A,-,03,22350,,N,C,C,A,A,H,-,A,A,0,,,,,Y,,A,01,0,1,3,0,0,0,0,0,0,"- ","- ",38.402141571044922,-122.82527160644531,SONOMA,SEBASTOPOL,-122.81615447998047,38.403533935546875
9367140,2021,2021-12-07,4908,2021-10-22,1221,3383,15,5,5,5,4908,0,0,0,,0,001,"LAKEVILLE HWY","PINE VIEW WY",0.00,,Y,A,-,Y,SON,4,116,-,-,36.920,I,5,E,Y,4,0,2,2,A,-,09,21802,A,N,D,C,A,A,H,-,A,A,0,,,,,Y,,A,07,0,0,2,0,0,0,0,0,0,"- ","- ",38.231239318847656,-122.58432006835938,SONOMA,PETALUMA,-122.5849609375,38.231662750244141
9372273,2021,2021-11-29,4905,2021-08-27,2046,1060563,,5,5,6,4905,0,0,0,,0,10607,"SOUTH AV","DUTTON AV",150.00,W,N,A,-,N,,,,,,,,,,Y,4,0,1,3,A,-,08,22107,,M,B,E,A,A,H,-,C,D,0,,,,,Y,,A,01,0,0,1,0,0,0,0,0,0,"- ","- ",38.424121856689453,-122.72457885742188,SONOMA,"SANTA ROSA",-122.72510528564453,38.424030303955078
9372275,2021,2021-12-08,4905,2021-08-10,2223,1060516,,2,5,6,4905,0,0,0,,0,001,"COLLEGE AV","RT 101",25.00,W,N,A,-,Y,SON,4,101,-,-,20.949,R,4,S,N,2,0,1,1,A,-,01,23152,A,N,H,A,A,A,H,-,C,A,0,,,Y,,Y,Y,C,02,1,0,0,0,0,0,0,0,1,"- ",SF,38.445808410644531,-122.72395324707031,SONOMA,"SANTA ROSA",-122.7255859375,38.448200225830078
9373200,2021,2021-12-14,4904,2021-11-08,1943,1040518,,1,5,4,4904,0,0,0,,0,,"SNYDER LN","HOLLY AV",0.00,,Y,C,-,N,,,,,,,,,,N,4,0,1,2,A,-,12,22450,A,N,D,C,A,B,H,-,C,A,0,,,,,Y,,A,01,0,0,1,0,0,0,0,0,0,"- ","- ",38.370609283447266,-122.68563842773438,SONOMA,"ROHNERT PARK",-122.68585968017578,38.370662689208984
9378979,2021,2021-12-29,4901,2021-12-15,1917,086,,3,5,2,4901,0,0,0,,0,,"SOUTH CLOVERDALE BL","ELBRIDGE AV",0.00,,Y,C,-,N,,,,,,,,,,Y,3,0,1,2,A,-,01,23152,A,N,C,C,A,B,H,-,C,D,0,,,,,Y,Y,A,01,0,1,0,0,0,0,0,0,0,"- ","- ",38.786590576171875,-123.01467132568359,SONOMA,CLOVERDALE,-123.01467132568359,38.786579132080078
9379270,2021,2022-01-12,4906,2021-11-28,1254,481,4906,7,5,2,4906,0,0,0,,0,,"RT 116","FELLERS LN",67.00,N,N,A,-,Y,SON,4,116,-,-,27.510,H,-,W,Y,3,0,1,2,A,-,03,22350,,N,C,C,A,A,H,-,A,A,0,,,Y,,Y,,C,02,0,1,0,0,0,0,0,0,1,"- ","- ",38.392311096191406,-122.81730651855469,SONOMA,SEBASTOPOL,-122.81758117675781,38.392158508300781
9385222,2021,2022-01-12,4904,2021-12-05,1610,1040561,4904,7,5,4,4904,0,0,0,,0,002,"ENTERPRISE DR","COMMERCE BL",0.00,,Y,A,-,N,,,,,,,,,,N,4,0,1,2,A,-,04,21703,,F,C,C,A,A,H,-,A,A,0,,,,,Y,,A,01,0,0,1,0,0,0,0,0,0,"- ","- ",38.449588775634766,-122.71199798583984,SONOMA,"ROHNERT PARK",-122.71192932128906,38.344860076904297
9385561,2021,2022-01-18,4904,2021-11-16,0508,1040520,,2,5,4,4904,0,0,0,,0,,"MILLBRAE AV","DOWDELL AV",0.00,,Y,E,-,N,,,,,,,,,,Y,4,0,1,1,A,-,03,22350,,N,H,H,A,B,H,-,C,D,0,,,,,Y,,A,01,0,0,1,0,0,0,0,0,0,"- ","- ",,,SONOMA,"ROHNERT PARK",-122.71720123291016,38.369503021240234
9385563,2021,2022-01-25,4904,2021-11-29,1658,1040525,4904,1,5,4,4904,0,0,0,,0,002,"ROHNERT PARK EXPWY","RT 101",0.00,,Y,A,-,Y,SON,4,101,-,-,13.665,R,4,N,Y,4,0,1,3,A,-,04,21703,,N,C,C,A,A,H,-,B,A,0,,,,,Y,,A,01,0,0,1,0,0,0,0,0,0,"- ",NF,38.348419189453125,-122.71299743652344,SONOMA,"ROHNERT PARK",-122.71287536621094,38.345329284667969
9385564,2021,2022-01-18,4904,2021-11-10,1857,1040525,4904,3,5,4,4904,0,0,0,,0,002,"COMMERCE BL","AVRAM AV",0.00,,Y,A,-,N,,,,,,,,,,N,4,0,1,2,A,-,04,21703,,F,C,C,A,A,H,-,B,A,0,,,,,Y,,A,01,0,0,1,0,0,0,0,0,0,"- ","- ",38.342601776123047,-122.71221923828125,SONOMA,"ROHNERT PARK",-122.71212768554688,38.342491149902344
9386550,2021,2022-01-12,4904,2021-12-04,1344,1040561,4904,6,5,4,4904,0,0,0,,0,002,"ROHNERT PARK EXPWY","LABATH AV",283.00,W,N,B,-,N,,,,,,,,,,Y,2,0,1,1,A,-,07,21658,A,N,E,I,A,A,H,-,A,D,0,,,,,Y,,D,23,1,0,0,0,0,0,0,0,0,"- ","- ",38.348979949951172,-122.72103881835938,SONOMA,"ROHNERT PARK",-122.72219085693359,38.348949432373047
9389306,2021,2022-01-27,4908,2021-11-05,0538,3458,7,5,5,5,4908,0,0,0,,0,004,"NORTH MCDOWELL BL","CORONA RD",0.00,,Y,A,-,N,,,,,,,,,,Y,2,0,1,1,A,-,03,22350,,N,E,I,A,B,H,-,C,A,0,,,,,Y,,A,01,1,0,0,0,0,0,0,0,0,"- ","- ",38.266510009765625,-122.65702819824219,SONOMA,PETALUMA,-122.65689849853516,38.266677856445312
9419555,2021,2022-04-05,4905,2021-12-26,2113,1060582,,7,5,6,4905,0,0,0,,0,002,"4TH ST","ALDERBROOK DR",0.00,,Y,C,-,N,,,,,,,,,,Y,4,0,1,1,A,-,01,23152,A,N,E,I,A,B,H,-,C,D,0,,,,,Y,Y,A,01,0,0,1,0,0,0,0,0,0,"- ","- ",38.449428558349609,-122.69834899902344,SONOMA,"SANTA ROSA",-122.69834899902344,38.449432373046875
9430435,2021,2022-06-23,4905,2021-12-17,2347,1060473,,5,5,6,4905,0,0,0,,0,004,"FOUNTAINGROVE PKWY","STAGECOACH RD",315.00,E,N,A,-,N,,,,,,,,,,Y,4,0,1,1,A,-,01,23152,A,N,E,I,A,A,H,-,C,A,0,,,,,Y,,D,22,0,0,1,0,0,0,0,0,0,"- ","- ",38.492568969726562,-122.70319366455078,SONOMA,"SANTA ROSA",-122.71049499511719,38.486846923828125
9430436,2021,2022-05-02,4905,2021-08-05,2228,106422,,4,5,6,4905,0,0,0,,0,005,"SEBASTOPOL RD","WEST AV",100.00,W,N,A,-,N,,,,,,,,,,Y,3,0,2,2,A,-,03,22350,,N,A,C,A,A,H,-,C,D,0,,,,,Y,,D,22,0,1,1,0,0,0,0,0,0,"- ","- ",38.429779052734375,-122.72888946533203,SONOMA,"SANTA ROSA",-122.72929382324219,38.4296875
9430440,2021,2022-04-29,4905,2021-12-16,1650,1060579,,4,5,6,4905,0,0,0,,0,002,"PACIFIC AV","MCDONALD AV",0.00,,Y,A,-,N,,,,,,,,,,N,2,0,1,2,A,-,06,21755,A,N,D,G,A,A,H,-,B,A,0,,Y,,,Y,,L,04,1,0,0,0,0,0,1,0,0,"- ","- ",38.453010559082031,-122.70384979248047,SONOMA,"SANTA ROSA",-122.70384979248047,38.453014373779297
9430441,2021,2022-04-29,4905,2021-12-15,1850,1060579,,3,5,6,4905,0,0,0,,0,006,"MONTGOMERY DR","MELITA RD",800.00,W,N,C,-,N,,,,,,,,,,Y,4,0,2,3,C,-,18,,,N,E,J,A,B,H,-,C,D,0,,,,,Y,,-,"- ",0,0,2,0,0,0,0,0,0,"- ","- ",38.458980560302734,-122.64350128173828,SONOMA,"SANTA ROSA",-122.64112854003906,38.457500457763672
9434467,2021,2022-04-12,4905,2021-11-28,1930,1060576,,7,5,6,4905,0,0,0,,0,001,"PINER RD","AIRWAY DR",0.00,,Y,A,-,N,,,,,,,,,,Y,2,0,1,2,A,-,08,22107,,N,B,C,A,A,H,-,C,D,0,,,Y,,Y,,-,,1,0,0,0,0,0,0,0,1,"- ","- ",38.472000122070312,-122.73809814453125,SONOMA,"SANTA ROSA",-122.73809051513672,38.472019195556641
9434475,2021,2022-04-12,4905,2021-12-12,0137,1060541,,7,5,6,4905,0,0,0,,0,002,"OLD REDWOOD HWY","ROUND BARN CI",242.00,N,N,C,-,N,,,,,,,,,,N,2,0,2,2,A,-,01,23152,A,F,A,H,A,B,H,-,C,D,0,,,,,Y,Y,A,01,1,1,0,0,0,0,0,0,0,"- ","- ",38.479549407958984,-122.73222351074219,SONOMA,"SANTA ROSA",,
9434478,2021,2022-04-12,4905,2021-12-17,0812,1068920,,5,5,6,4905,0,0,0,,0,006,"YULUPA AV","DOUGLAS DR",358.00,S,N,A,-,N,,,,,,,,,,N,3,0,1,2,A,-,10,21950,A,F,G,B,C,A,H,-,A,A,0,Y,,,,Y,Y,A,01,0,1,0,0,1,0,0,0,0,"- ","- ",38.437618255615234,-122.67040252685547,SONOMA,"SANTA ROSA",-122.66986846923828,38.437282562255859
81626570,2021,2021-11-17,4908,2021-10-25,1151,3341,1,1,5,5,4908,0,0,0,,0,003,"WASHINGTON ST","KELLER ST",0.00,,Y,A,-,N,,,,,,,,,,N,4,0,1,2,A,-,09,21801,A,N,D,C,A,A,H,-,A,A,0,,,,,Y,,D,22,0,0,1,0,0,0,0,0,0,"- ","- ",38.235141754150391,-122.64292907714844,SONOMA,PETALUMA,-122.64298248291016,38.235176086425781
81629920,2021,2021-11-19,4908,2021-11-14,1027,3414,14,7,5,5,4908,0,0,0,,0,001,"MCDOWELL BL","BAYWOOD DR",0.00,,Y,A,-,N,,,,,,,,,,Y,3,0,1,1,A,-,03,22350,,N,E,I,A,A,H,-,A,D,0,,,,,Y,,A,07,0,1,0,0,0,0,0,0,0,"- ","- ",38.240390777587891,-122.61012268066406,SONOMA,PETALUMA,-122.61013031005859,38.240276336669922
81652311,2021,2021-12-15,4908,2021-11-23,0700,3414,1,2,5,5,4908,0,0,0,,0,002,"EAST D ST","COPELAND ST",0.00,,Y,A,-,N,,,,,,,,,,N,4,0,1,2,A,-,09,21802,A,N,D,G,A,A,H,-,A,D,0,,Y,,,Y,,A,01,0,0,1,0,0,0,1,0,0,"- ","- ",38.235488891601562,-122.63543701171875,SONOMA,PETALUMA,-122.63507843017578,38.23577880859375
81652312,2021,2021-12-15,4908,2021-11-29,1732,3556,2,1,5,5,4908,0,0,0,,0,002,"PAYRAN ST","CAULFIELD LN",300.00,N,N,A,-,N,,,,,,,,,,Y,3,0,1,2,A,-,09,21801,A,N,D,C,A,A,H,-,C,A,0,,,,,Y,,A,07,0,1,0,0,0,0,0,0,0,"- ","- ",38.235698699951172,-122.62233734130859,SONOMA,PETALUMA,-122.62277221679688,38.236568450927734
81652313,2021,2021-12-15,4908,2021-12-02,1834,3552,9,4,5,5,4908,0,0,0,,0,004,"CORONA RD","SONOMA MOUNTAIN PW",0.00,E,Y,A,-,N,,,,,,,,,,Y,4,0,1,1,A,-,08,22107,,N,F,A,A,A,H,-,C,A,0,,,Y,,Y,,C,02,0,0,1,0,0,0,0,0,1,"- ","- ",38.268909454345703,-122.654541015625,SONOMA,PETALUMA,-122.65446472167969,38.268993377685547
81658259,2021,2021-12-22,4908,2021-12-17,1156,3367,1,5,5,5,4908,0,0,0,,0,002,"D ST","1ST ST",54.00,E,N,A,-,N,,,,,,,,,,N,4,0,1,2,A,-,03,22350,,N,C,C,A,A,H,-,A,A,0,,,,,Y,,A,01,0,0,1,0,0,0,0,0,0,"- ","- ",38.233829498291016,-122.63607788085938,SONOMA,PETALUMA,-122.63609313964844,38.233821868896484
81660778,2021,2021-12-24,4908,2021-12-22,1307,3367,,3,5,5,4908,0,0,0,,0,,"D ST","5TH ST",34.00,W,N,B,C,N,,,,,,,,,,N,4,0,1,2,A,-,03,22350,,N,C,C,A,B,H,-,A,A,0,,,,,Y,,A,01,0,0,1,0,0,0,0,0,0,"- ","- ",38.230640411376953,-122.63829040527344,SONOMA,PETALUMA,-122.63790130615234,38.2308349609375
81662882,2021,2021-12-28,4908,2021-12-02,1203,3412,6,4,5,5,4908,0,0,0,,0,003,"EAST WASHINGTON ST","WATER ST",0.00,,Y,A,-,N,,,,,,,,,,N,2,0,1,2,A,-,12,22450,A,N,D,G,A,A,H,-,A,A,0,,Y,,,Y,,L,04,1,0,0,0,0,0,1,0,0,"- ","- ",38.235641479492188,-122.64093780517578,SONOMA,PETALUMA,-122.64056396484375,38.235923767089844
81690118,2021,2022-02-01,4904,2021-12-23,1251,1040359,,4,5,4,4904,0,0,0,,0,,"REDWOOD DR","GOLF COURSE DR W",32.00,W,N,B,-,N,,,,,,,,,,Y,4,0,1,2,A,-,09,21804,A,N,D,C,A,B,H,-,A,D,0,,,,,Y,,A,01,0,0,1,0,0,0,0,0,0,"- ","- ",38.363399505615234,-122.71514892578125,SONOMA,"ROHNERT PARK",-122.71514892578125,38.363182067871094
81692161,2021,2022-02-03,4908,2021-04-15,1915,3450,,4,5,5,4908,0,0,0,,0,,"FRATES RD","CLUB HOUSE DR",600.00,W,N,-,-,N,,,,,,,,,,N,3,0,1,1,A,-,01,21200,5,N,H,A,A,A,H,-,B,D,0,,Y,,,Y,Y,L,04,0,1,0,0,0,0,1,0,0,"- ","- ",38.244380950927734,-122.58476257324219,SONOMA,PETALUMA,-122.58601379394531,38.243076324462891
82026208,2021,2023-03-23,4908,2021-08-29,2202,3419,4,7,5,5,4908,0,0,0,,0,002,"6TH ST","D ST",0.00,,Y,A,-,N,,,,,,,,,,Y,4,0,1,3,A,-,12,21453,A,N,D,E,A,A,H,-,C,A,0,,,,,Y,,A,01,0,0,1,0,0,0,0,0,0,"- ","- ",38.229999542236328,-122.63835144042969,SONOMA,PETALUMA,-122.63839721679688,38.230003356933594
8872302,2021,2021-10-04,4906,2021-08-15,0200,460,4906,7,5,2,4906,0,0,0,,0,,"RT 12","RT 116",0.00,,Y,A,-,Y,SON,4,12,-,-,9.290,I,5,W,Y,3,0,1,1,A,-,05,21650,,N,E,I,A,A,H,-,C,A,0,,,,,Y,Y,A,01,0,1,0,0,0,0,0,0,0,"- ","- ",38.402389526367188,-122.82337188720703,SONOMA,SEBASTOPOL,-122.82322692871094,38.402427673339844
9133142,2021,2021-09-30,4906,2021-07-10,0047,413,4906,6,5,2,4906,0,0,0,,0,,"RT 12","MORRIS ST",389.00,W,N,A,-,Y,SON,4,12,-,-,9.450,H,-,W,N,3,0,1,1,A,-,05,21650,,M,E,I,A,A,H,-,C,A,0,,,,,Y,,A,01,0,1,0,0,0,0,0,0,0,"- ","- ",38.403240203857422,-122.82076263427734,SONOMA,SEBASTOPOL,-122.82052612304688,38.402641296386719
91380727,2021,2021-01-05,9360,2021-01-02,1150,020386,,6,1,9,4900,0,2,4,,1,024,"CALISTOGA RD","SAINT HELENA RD",430.00,S,N,B,-,N,,,,,,,,,,Y,4,0,1,1,A,-,08,22107,,N,E,I,A,B,H,-,A,D,0,,,,,Y,,D,22,0,0,1,0,0,0,0,0,0,"- ","- ",35.503879547119141,-122.64988708496094,SONOMA,UNINCORPORATED,-122.64987945556641,38.503932952880859
91381190,2021,2021-01-05,9360,2021-01-04,0635,016524,,1,1,9,4900,0,1,2,,2,020,"US-101 S/B","DRY CREEK RD.",4224.00,S,N,C,-,Y,,,101,,,,,,S,Y,3,0,1,1,A,-,03,22350,,N,B,I,A,B,H,-,D,D,0,,,,,Y,,A,07,0,1,0,0,0,0,0,0,0,"- ","- ",38.615341186523438,-122.87890625,SONOMA,UNINCORPORATED,-122.87885284423828,38.615345001220703
91383126,2021,2021-01-07,9360,2021-01-05,1705,020285,,2,2,9,4900,0,3,5,,2,003,"MILL STATION RD","OCCIDENTAL RD",792.00,N,N,A,-,N,,,,,,,,,,Y,4,0,2,2,A,-,05,21460,A,N,A,C,A,A,H,-,D,A,0,,,,,Y,,A,01,0,0,2,0,0,0,0,0,0,"- ","- ",38.420818328857422,-122.87674713134766,SONOMA,UNINCORPORATED,-122.87720489501953,38.421009063720703
91385714,2021,2021-01-12,9360,2021-01-03,1330,022333,,7,1,9,4900,0,3,5,,2,003,"ODD FELLOWS PARK RD",SR-116,1056.00,N,N,B,-,N,,,,,,,,,,Y,4,0,1,1,A,-,01,23152,F,N,E,I,A,B,H,-,A,D,0,,,,,Y,,A,01,0,0,1,0,0,0,0,0,0,"- ","- ",38.498310089111328,-122.96228790283203,SONOMA,UNINCORPORATED,-122.96260833740234,38.498153686523438
91385924,2021,2021-01-12,9360,2021-01-06,1645,020266,,3,2,9,4900,0,2,4,,1,042,"SNYDER LN","PETALUMA HILL RD",0.00,,Y,C,-,N,,,,,,,,,,Y,4,0,1,2,A,-,03,22350,,N,A,C,A,B,H,-,B,A,0,,,,,Y,,D,22,0,0,1,0,0,0,0,0,0,"- ","- ",38.381961822509766,-122.68569946289062,SONOMA,UNINCORPORATED,-122.68565368652344,38.382003784179688
91387618,2021,2021-01-14,9360,2021-01-08,2340,020740,,5,3,3,4980,0,1,2,,2,030,"US-101 SOUTHBOUND","WINDSOR RIVER ROAD",100.00,N,N,B,-,Y,,,101,,,,,,S,Y,4,0,1,2,A,-,01,23152,F,N,C,C,A,A,H,-,D,D,0,,,,,Y,,A,01,0,0,1,0,0,0,0,0,0,"- ","- ",38.552040100097656,-122.81358337402344,SONOMA,WINDSOR,-122.8135986328125,38.552021026611328
91388194,2021,2021-01-15,9360,2021-01-13,1356,020266,,3,1,5,4908,0,1,2,,1,060,"US-101 SB","CORONA RD",1900.00,S,N,A,-,Y,,,101,,,,,,S,Y,4,0,1,1,A,-,08,22107,,N,E,I,A,A,H,-,A,D,0,,,,,Y,,A,01,0,0,1,0,0,0,0,0,0,"- ","- ",38.257038116455078,-122.64730072021484,SONOMA,PETALUMA,-122.64729309082031,38.257053375244141
91389170,2021,2021-01-18,9350,2021-01-16,1155,021629,,6,1,9,4900,0,1,3,,2,237,"SR-37 W/B","SR-121 S/B",1033.00,E,N,A,-,Y,,,37,,,,,,W,N,3,0,2,2,A,-,03,22350,,N,C,C,A,A,H,-,A,D,0,,,,,Y,,A,07,0,1,1,0,0,0,0,0,0,"- ","- ",38.152130126953125,-122.44589996337891,SONOMA,UNINCORPORATED,-122.44588470458984,38.152099609375
91390952,2021,2021-01-19,9360,2021-01-16,1430,020803,,6,2,9,4900,0,1,3,,1,063,SR-1,"N. HARBOUR WAY",100.00,N,N,A,-,Y,,,1,,,,,,,N,3,0,1,2,A,-,03,22350,,N,C,C,A,A,H,-,A,D,0,,,,,Y,,A,01,0,1,0,0,0,0,0,0,0,"- ","- ",38.321090698242188,-123.03517913818359,SONOMA,UNINCORPORATED,-123.03520202636719,38.321067810058594
91392600,2021,2021-01-22,9350,2021-01-20,0555,021629,,3,3,9,4900,0,1,3,,2,137,"SR-37 W/B",SR-121,3279.00,W,N,A,-,Y,,,37,,,,,,W,Y,4,0,1,1,A,-,06,21755,,N,F,A,A,A,H,-,D,D,0,,,,,Y,,A,01,0,0,1,0,0,0,0,0,0,"- ","- ",38.145130157470703,-122.45819854736328,SONOMA,UNINCORPORATED,-122.45817565917969,38.145095825195312