CASE_ID,ACCIDENT_YEAR,PROC_DATE,JURIS,COLLISION_DATE,COLLISION_TIME,OFFICER_ID,REPORTING_DISTRICT,DAY_OF_WEEK,CHP_SHIFT,POPULATION,CNTY_CITY_LOC,SPECIAL_COND,BEAT_TYPE,CHP_BEAT_TYPE,CITY_DIVISION_LAPD,CHP_BEAT_CLASS,BEAT_NUMBER,PRIMARY_RD,SECONDARY_RD,DISTANCE,DIRECTION,INTERSECTION,WEATHER_1,WEATHER_2,STATE_HWY_IND,CALTRANS_COUNTY,CALTRANS_DISTRICT,STATE_ROUTE,ROUTE_SUFFIX,POSTMILE_PREFIX,POSTMILE,LOCATION_TYPE,RAMP_INTERSECTION,SIDE_OF_HWY,TOW_AWAY,COLLISION_SEVERITY,NUMBER_KILLED,NUMBER_INJURED,PARTY_COUNT,PRIMARY_COLL_FACTOR,PCF_CODE_OF_VIOL,PCF_VIOL_CATEGORY,PCF_VIOLATION,PCF_VIOL_SUBSECTION,HIT_AND_RUN,TYPE_OF_COLLISION,MVIW,PED_ACTION,ROAD_SURFACE,ROAD_COND_1,ROAD_COND_2,LIGHTING,CONTROL_DEVICE,CHP_ROAD_TYPE,PEDESTRIAN_ACCIDENT,BICYCLE_ACCIDENT,MOTORCYCLE_ACCIDENT,TRUCK_ACCIDENT,NOT_PRIVATE_PROPERTY,ALCOHOL_INVOLVED,STWD_VEHTYPE_AT_FAULT,CHP_VEHTYPE_AT_FAULT,COUNT_SEVERE_INJ,COUNT_VISIBLE_INJ,COUNT_COMPLAINT_PAIN,COUNT_PED_KILLED,COUNT_PED_INJURED,COUNT_BICYCLIST_KILLED,COUNT_BICYCLIST_INJURED,COUNT_MC_KILLED,COUNT_MC_INJURED,PRIMARY_RAMP,SECONDARY_RAMP,LATITUDE,LONGITUDE,COUNTY,CITY,POINT_X,POINT_Y
91392867,2021,2021-01-22,9350,2021-01-20,1530,021629,,3,2,9,4900,0,1,3,,2,137,"SR-37 E/B","SR-121 S/B",2438.00,W,N,A,-,Y,,,37,,,,,,E,Y,4,0,2,2,A,-,03,22350,,N,C,C,A,A,H,-,A,D,0,,,,,Y,,A,01,0,0,2,0,0,0,0,0,0,"- ","- ",38.146629333496094,-122.45552825927734,SONOMA,UNINCORPORATED,-122.45551300048828,38.146602630615234
91393038,2021,2021-01-25,9350,2021-01-18,1813,022577,,1,2,9,4900,0,1,3,,2,237,"SR-37 EASTBOUND","NOBLE RD",119.00,W,N,A,-,Y,,,37,,,,,,E,Y,2,0,2,2,A,-,03,22350,,N,C,C,A,A,H,-,D,D,0,,,,,Y,,A,01,1,1,0,0,0,0,0,0,0,"- ","- ",38.154788970947266,-122.42273712158203,SONOMA,UNINCORPORATED,-122.42273712158203,38.154781341552734
91394040,2021,2021-01-26,9360,2021-01-19,2101,022370,,2,2,9,4900,0,2,4,,1,024,"MARK WEST SPRINGS RD",US-101,10.00,E,N,A,-,N,,,,,,,,,,Y,3,0,1,2,A,-,01,23152,A,M,E,I,A,A,H,-,C,D,0,,,,,Y,Y,A,01,0,1,0,0,0,0,0,0,0,"- ","- ",38.496280670166016,-122.75363159179688,SONOMA,UNINCORPORATED,-122.75602722167969,38.496170043945312
91394872,2021,2021-01-27,9360,2021-01-26,1254,015434,,2,1,9,4900,0,1,3,,1,051,"SR-12 TO DUTTON AVE","DUTTON AVE",50.00,E,N,C,-,Y,,,12,,,,R,,,N,4,0,1,3,A,-,03,22350,,N,C,C,A,B,H,-,A,D,0,,,,,Y,,D,22,0,0,1,0,0,0,0,0,0,"- ","- ",38.433609008789062,-122.72361755371094,SONOMA,UNINCORPORATED,-122.72361755371094,38.433609008789062
91394963,2021,2021-01-27,9350,2021-01-24,1510,022066,,7,2,9,4900,0,1,3,,2,137,"SR-37 W/B","LAKEVILLE HWY",528.00,E,N,B,C,Y,,,37,,,,,,W,Y,4,0,1,4,A,-,03,22350,,M,C,C,A,B,H,-,A,A,0,,,,,Y,,A,07,0,0,1,0,0,0,0,0,0,"- ","- ",38.135169982910156,-122.47469329833984,SONOMA,UNINCORPORATED,-122.47470855712891,38.135200500488281
91395516,2021,2021-01-28,9360,2021-01-21,2230,020748,,4,3,9,4900,0,2,4,,1,047,"LAKEVILLE HWY","STAGE GULCH RD",0.00,,Y,A,-,N,,,,,,,,,,Y,4,0,1,1,A,-,08,22107,,N,E,I,A,A,H,-,D,D,0,,,,,Y,,A,07,0,0,1,0,0,0,0,0,0,"- ","- ",38.212211608886719,-122.54933166503906,SONOMA,UNINCORPORATED,-122.54924774169922,38.212028503417969
91398404,2021,2021-01-29,9360,2021-01-27,1630,020285,,3,2,9,4900,0,1,2,,1,060,"US-101 N/B","MARIN COUNTY LINE",528.00,N,N,C,-,Y,,,101,,,,,,N,Y,4,0,1,2,A,-,03,22350,,N,E,I,A,B,H,-,A,D,0,,,,,Y,,A,01,0,0,1,0,0,0,0,0,0,"- ","- ",38.185661315917969,-122.60147857666016,SONOMA,UNINCORPORATED,-122.60075378417969,38.185703277587891
91399727,2021,2021-02-01,9360,2021-01-26,2000,022370,,2,2,9,4900,0,3,5,,2,002,"LYTTON STATION RD","ALEXANDER VALLEY RD",775.00,N,N,C,-,N,,,,,,,,,,Y,3,0,1,1,A,-,01,23152,A,N,E,I,A,B,H,-,D,D,0,,,,,Y,Y,D,22,0,1,0,0,0,0,0,0,0,"- ","- ",38.663829803466797,-122.85408020019531,SONOMA,UNINCORPORATED,-122.85405731201172,38.663772583007812
91399909,2021,2021-02-01,9360,2021-01-28,2220,020740,,4,3,9,4900,0,2,4,,1,042,"PETALUMA HILL ROAD","ALAN DRIVE",205.00,S,N,A,-,N,,,,,,,,,,Y,3,0,2,1,A,-,01,23152,A,N,E,I,A,B,H,-,D,D,0,,,,,Y,Y,A,01,0,2,0,0,0,0,0,0,0,"- ","- ",38.325248718261719,-122.66661834716797,SONOMA,UNINCORPORATED,-122.66670989990234,38.325656890869141
91400373,2021,2021-02-02,9360,2021-01-21,0845,015812,,4,1,9,4900,0,1,2,,1,010,"US-101 N/B","SOUTH CLOVERDALE BOULEVARD (O/C)",2640.00,S,N,A,-,Y,,,101,,,,,,N,Y,4,0,1,1,A,-,04,21703,,N,E,I,A,A,D,-,A,D,0,,,,,Y,,A,01,0,0,1,0,0,0,0,0,0,"- ","- ",38.776870727539062,-123.00357818603516,SONOMA,UNINCORPORATED,-123.00360870361328,38.776836395263672
91401411,2021,2021-02-03,9360,2021-01-22,0658,019366,,5,1,9,4900,0,2,4,,1,032,"RIVER ROAD","MCPEAK RD",439.00,E,N,B,C,N,,,,,,,,,,Y,2,0,2,2,A,-,03,22350,,N,D,C,A,B,H,-,B,D,0,,,,,Y,,D,22,2,0,0,0,0,0,0,0,0,"- ","- ",,,SONOMA,UNINCORPORATED,-122.95925903320312,38.505748748779297
91402262,2021,2021-02-04,9360,2021-01-29,1905,021456,,5,2,9,4900,0,1,2,,1,010,"DRY CREEK ROAD","G PETERSEN RD",460.00,N,N,A,-,N,,,,,,,,,,Y,3,0,1,1,A,-,01,23152,A,N,E,I,A,A,H,-,D,D,0,,,,,Y,Y,A,07,0,1,0,0,0,0,0,0,0,"- ","- ",38.719200134277344,-122.98589324951172,SONOMA,UNINCORPORATED,-122.99310302734375,38.720340728759766
91403970,2021,2021-02-08,9360,2021-01-31,1624,021195,,7,2,9,4900,0,3,5,,2,004,"LICHAU RD","EAGLE RIDGE RD",3168.00,W,N,A,-,N,,,,,,,,,,N,3,0,1,1,A,-,03,22350,,N,F,A,A,A,H,-,A,D,0,,,Y,,Y,,C,02,0,1,0,0,0,0,0,0,1,"- ","- ",38.341571807861328,-122.62396240234375,SONOMA,UNINCORPORATED,-122.62369537353516,38.341621398925781
91404337,2021,2021-02-08,9360,2021-02-04,0835,016660,,4,1,9,4900,0,1,2,,1,060,"US 101 S/B","PETALUMA BLVDN",2112.00,N,N,A,-,Y,,,,,,,,,,Y,4,0,1,1,A,-,08,22107,,N,E,I,A,A,H,-,A,D,0,,,,,Y,,A,01,0,0,1,0,0,0,0,0,0,"- ","- ",38.276390075683594,-122.67585754394531,SONOMA,UNINCORPORATED,-122.67015838623047,38.272090911865234
91407060,2021,2021-02-11,9350,2021-02-05,1610,022066,,5,2,9,4900,0,1,3,,2,237,"SR-37 E/B","NOBLE LN",528.00,E,N,A,-,Y,,,37,,,,,,E,Y,4,0,1,2,A,-,03,22350,,N,C,C,A,A,H,-,A,D,0,,,,,Y,,A,01,0,0,1,0,0,0,0,0,0,"- ","- ",38.155078887939453,-122.41943359375,SONOMA,UNINCORPORATED,-122.41943359375,38.155101776123047
91407691,2021,2021-02-12,9360,2021-02-11,2240,021187,,4,3,9,4900,0,1,2,,2,030,"US-101 NB","RIVER RD",106.00,S,N,B,-,Y,,,101,,,,,,N,N,4,0,1,2,A,-,03,22350,,M,C,C,A,B,H,-,D,D,0,,,,,Y,,-,99,0,0,1,0,0,0,0,0,0,"- ","- ",38.493480682373047,-122.75231170654297,SONOMA,UNINCORPORATED,-122.75229644775391,38.493495941162109
91409756,2021,2021-02-17,9360,2021-02-16,1810,016045,,2,2,9,4900,0,1,3,,1,053,S.R.-116,"COOPER LN",1000.00,E,N,A,-,Y,,,,,,,,,,Y,4,0,1,2,A,-,03,22350,,N,C,C,A,A,H,-,C,D,0,,,,,Y,,A,01,0,0,1,0,0,0,0,0,0,"- ","- ",38.379070281982422,-122.79830932617188,SONOMA,UNINCORPORATED,,
91410702,2021,2021-02-18,9360,2021-02-17,1040,015187,,3,1,9,4900,0,2,4,,1,024,"MARK WEST SPRINGS RD.","MEADOW VISTA TRL",240.00,E,N,A,-,N,,,,,,,,,,Y,3,0,1,2,A,-,08,22107,,N,D,C,A,A,H,-,A,D,0,,,,,Y,,D,22,0,1,0,0,0,0,0,0,0,"- ","- ",38.524791717529297,-122.71970367431641,SONOMA,UNINCORPORATED,-122.71913146972656,38.523574829101562
91410713,2021,2021-02-18,9360,2021-02-17,2250,022362,,3,3,9,4900,0,1,3,,1,053,SR-116,"BLOOMFIELD RD",927.00,W,N,A,-,Y,,,116,,,,,,,Y,3,0,1,1,A,-,01,23152,F,N,E,I,A,A,H,-,C,D,0,,,,,Y,,A,01,0,1,0,0,0,0,0,0,0,"- ","- ",38.382560729980469,-122.80873107910156,SONOMA,UNINCORPORATED,-122.80874633789062,38.382522583007812
91417681,2021,2021-03-01,9360,2021-02-13,2235,020748,,6,3,9,4900,0,3,5,,2,003,"WINDSOR RD","SHILOH RD",2500.00,S,N,A,-,N,,,,,,,,,,Y,3,0,2,1,A,-,01,23152,A,N,E,I,A,A,H,-,D,D,0,,,,,Y,Y,A,07,0,1,1,0,0,0,0,0,0,"- ","- ",38.521251678466797,-122.82144165039062,SONOMA,UNINCORPORATED,-122.82137298583984,38.521251678466797
91417692,2021,2021-03-01,9360,2021-02-16,2051,021195,,2,2,6,4905,0,1,2,,2,040,"US-101 N/B",SR-12,528.00,N,N,A,-,Y,,,101,,,,,,N,Y,3,0,1,1,A,-,01,23152,G,N,F,I,A,A,H,-,D,D,0,,,,,Y,Y,D,22,0,1,0,0,0,0,0,0,0,"- ","- ",38.431850433349609,-122.71520233154297,SONOMA,"SANTA ROSA",-122.71552276611328,38.431735992431641
91418554,2021,2021-03-02,9360,2021-02-23,0520,020828,,2,3,9,4900,0,2,4,,1,043,"OLD REDWOOD HWY","E. RAILROAD AVE",0.00,,Y,A,-,N,,,,,,,,,,N,3,0,2,2,A,-,09,21804,A,N,D,G,A,A,H,-,D,A,0,,Y,Y,,Y,,L,04,0,2,0,0,0,0,1,0,1,"- ","- ",38.314319610595703,-122.69442749023438,SONOMA,UNINCORPORATED,-122.69438171386719,38.3143310546875
91418573,2021,2021-03-02,9360,2021-02-20,0240,017761,,6,3,6,4905,0,2,4,,1,024,"CALISTOGA ROAD","SKINNER ROAD",366.00,E,N,B,-,N,,,,,,,,,,Y,3,0,1,2,A,-,01,23152,F,N,A,C,A,B,H,-,D,D,0,,,,,Y,,A,07,0,1,0,0,0,0,0,0,0,"- ","- ",38.511531829833984,-122.65338897705078,SONOMA,"SANTA ROSA",-122.65296936035156,38.509395599365234
91418654,2021,2021-03-02,9360,2021-02-23,1843,016045,,2,2,9,4900,0,3,5,,2,003,"16405 S.R.-116","MILL ST",10.00,S,N,A,-,N,,,,,,,,,,Y,2,0,1,1,A,-,01,23152,F,N,D,I,A,A,H,-,C,D,0,,,,,Y,,D,22,1,0,0,0,0,0,0,0,0,"- ","- ",38.501121520996094,-122.00041961669922,SONOMA,UNINCORPORATED,,
91419539,2021,2021-03-03,9360,2021-02-23,2323,021989,,2,3,9,4900,0,1,3,,1,051,SR-12,"LLANO RD",0.00,,Y,A,-,Y,,,12,,,,,,,Y,4,0,1,1,A,-,03,22350,,N,E,I,A,A,H,-,C,A,0,,,,,Y,,A,01,0,0,1,0,0,0,0,0,0,"- ","- ",38.411819458007812,-122.79499816894531,SONOMA,UNINCORPORATED,-122.79494476318359,38.411727905273438
91419649,2021,2021-03-03,9360,2021-02-24,0930,015187,,3,1,9,4900,0,2,4,,1,024,"MARK WEST SPRINGS RD.","RIEBLI RD",528.00,W,N,A,-,N,,,,,,,,,,Y,3,0,1,1,A,-,08,22107,,N,E,J,A,A,H,-,A,D,0,,,,,Y,,A,01,0,1,0,0,0,0,0,0,0,"- ","- ",38.506519317626953,-122.72390747070312,SONOMA,UNINCORPORATED,-122.71924591064453,38.507984161376953
91421178,2021,2021-03-05,9360,2021-02-23,1610,019794,,2,2,9,4900,0,1,2,,2,030,"US-101 S/B","RIVER RD",800.00,N,N,A,-,Y,,,,,,,,,,Y,4,0,2,4,A,-,01,23152,A,N,C,C,A,A,H,-,A,D,0,,,,,Y,Y,D,22,0,0,2,0,0,0,0,0,0,"- ","- ",38.900791168212891,-122.76258087158203,SONOMA,UNINCORPORATED,-122.75848388671875,38.497642517089844
91421447,2021,2021-03-05,9360,2021-03-01,1725,022323,,1,2,9,4900,0,2,4,,1,044,"CASA GRANDE ROAD","ADOBE ROAD",0.00,,Y,A,-,N,,,,,,,,,,Y,3,0,1,2,A,-,09,21802,A,N,D,C,A,A,H,-,A,A,0,,,,,Y,,D,22,0,1,0,0,0,0,0,0,0,"- ","- ",38.255329132080078,-122.58502197265625,SONOMA,UNINCORPORATED,-122.58500671386719,38.25531005859375
91422231,2021,2021-03-08,9360,2021-03-03,0405,020828,,3,3,9,4900,0,2,4,,1,042,"PETALUMA HILL RD.","VALLEY HOUSE DR",186.00,S,N,A,-,N,,,,,,,,,,N,4,0,1,1,C,-,18,,,N,E,H,A,A,H,-,D,D,0,,,,,Y,,-,"- ",0,0,1,0,0,0,0,0,0,"- ","- ",38.320838928222656,-122.66683959960938,SONOMA,UNINCORPORATED,-122.66680908203125,38.320949554443359
91423223,2021,2021-03-09,9360,2021-03-08,1355,018881,,1,1,9,4900,0,1,3,,1,061,"MEYERS GRADE ROAD",SR-1,5280.00,E,N,B,-,N,,,,,,,,,,Y,3,0,1,1,A,-,08,22107,,N,E,I,A,B,H,-,A,D,0,,,,,Y,,A,01,0,1,0,0,0,0,0,0,0,"- ","- ",38.488491058349609,-123.17624664306641,SONOMA,UNINCORPORATED,-123.16349792480469,38.479118347167969
91423263,2021,2021-03-09,9360,2021-03-08,1546,020266,,1,2,6,4905,0,1,3,,1,051,"SR-12 W/B","STONY POINT RD",500.00,E,N,C,-,Y,,,12,,,,,,W,N,4,0,1,2,A,-,03,22350,,N,C,C,A,B,H,-,A,D,0,,,,,Y,,A,01,0,0,1,0,0,0,0,0,0,"- ","- ",38.431850433349609,-122.73558044433594,SONOMA,"SANTA ROSA",-122.73557281494141,38.43182373046875
91424144,2021,2021-03-10,9360,2021-03-03,0454,019092,,3,3,9,4900,0,1,2,,1,060,"US-101 S/B","CORONA AVE",1584.00,N,N,A,-,Y,,,,,,,,,,Y,4,0,1,4,A,-,08,22107,,N,E,I,A,A,H,-,D,D,0,,,,,Y,,A,07,0,0,1,0,0,0,0,0,0,"- ","- ",38.266670227050781,-122.66364288330078,SONOMA,UNINCORPORATED,-122.66100311279297,38.264774322509766
91425413,2021,2021-03-11,9360,2021-03-08,2245,022362,,1,3,9,4900,0,3,5,,2,003,"EASTSIDE ROAD","FLORA MARIE LANE",933.00,N,N,A,-,N,,,,,,,,,,Y,3,0,1,1,A,-,01,23152,A,N,E,I,A,A,H,-,D,D,0,,,,,Y,Y,D,22,0,1,0,0,0,0,0,0,0,"- ","- ",38.537528991699219,-122.84680938720703,SONOMA,UNINCORPORATED,-122.84682464599609,38.5374755859375
91425832,2021,2021-03-12,9360,2021-03-04,2245,020905,,4,3,9,4900,0,2,4,,1,024,"CALISTOGA ROAD","BODMER LANE",490.00,N,N,A,-,N,,,,,,,,,,Y,3,0,1,1,A,-,01,23152,A,N,E,I,A,A,H,-,D,D,0,,,,,Y,Y,A,01,0,1,0,0,0,0,0,0,0,"- ","- ",38.541740417480469,-122.6484375,SONOMA,UNINCORPORATED,-122.6483154296875,38.541778564453125
91427897,2021,2021-03-16,9360,2021-03-09,1511,020266,,2,2,9,4900,0,1,3,,1,013,"SR-116 W/B","FRONT ST",5.00,E,N,A,-,Y,,,116,,,,,,W,Y,4,0,1,2,A,-,06,21750,,N,B,C,A,A,H,-,A,D,0,,,,,Y,,D,22,0,0,1,0,0,0,0,0,0,"- ","- ",38.469760894775391,-123.01413726806641,SONOMA,UNINCORPORATED,-123.01415252685547,38.469741821289062
91427901,2021,2021-03-16,9360,2021-03-09,2125,021989,,2,2,9,4900,0,2,4,,1,032,"RIVER RD","MIRABEL AVE",200.00,E,N,C,-,N,,,,,,,,,,Y,4,0,1,2,A,-,03,22350,,N,C,C,A,B,H,-,C,D,0,,,,,Y,,D,22,0,0,1,0,0,0,0,0,0,"- ","- ",38.493080139160156,-122.89240264892578,SONOMA,UNINCORPORATED,-122.89228820800781,38.493061065673828
91428116,2021,2021-03-16,9360,2021-03-10,1124,014883,,3,1,9,4900,0,1,2,,1,010,"US-101 S/B","ASTI RD",1056.00,N,N,B,C,Y,,,101,,,,,,S,Y,4,0,1,1,A,-,03,22350,,N,F,J,A,B,H,-,A,D,0,,,,,Y,,A,07,0,0,1,0,0,0,0,0,0,"- ","- ",38.760948181152344,-122.98214721679688,SONOMA,UNINCORPORATED,-122.98213958740234,38.760974884033203
91428312,2021,2021-03-16,9360,2021-03-11,1704,016045,,4,2,9,4900,0,3,5,,2,005,"S. MOORLAND AVE","TODD RD O/C",216.00,S,N,A,-,N,,,,,,,,,,Y,3,0,1,1,A,-,08,22107,,N,E,I,A,A,H,-,A,D,0,,,,,Y,,D,22,0,1,0,0,0,0,0,0,0,"- ","- ",38.385520935058594,-122.71685028076172,SONOMA,UNINCORPORATED,-122.71773529052734,38.386508941650391
91428464,2021,2021-03-16,9360,2021-03-10,1945,020285,,3,2,9,4900,0,2,4,,1,044,"OLD ADOBE RD","CASA GRANDE RD",0.00,,Y,C,-,N,,,,,,,,,,N,3,0,1,2,A,-,09,21802,A,N,D,G,A,B,H,-,D,D,0,,Y,,,Y,,D,22,0,1,0,0,0,0,1,0,0,"- ","- ",38.255340576171875,-122.58500671386719,SONOMA,UNINCORPORATED,-122.58500671386719,38.25531005859375
91431681,2021,2021-03-22,9360,2021-03-10,1155,016660,,3,1,9,4900,0,2,4,,1,042,"PETALUMA HILL RD","CRANE CANYON RD",8448.00,N,N,B,-,N,,,,,,,,,,Y,4,0,1,2,A,-,03,22350,,N,C,C,A,B,H,-,A,D,0,,,,,Y,,D,22,0,0,1,0,0,0,0,0,0,"- ","- ",38.372539520263672,-122.66757202148438,SONOMA,UNINCORPORATED,-122.68433380126953,38.381000518798828
91432960,2021,2021-03-23,9360,2021-03-16,0830,013838,,2,1,6,4905,0,1,2,,2,050,"US-101 N/B","TODD ROAD",10.00,S,N,A,-,Y,,,,,,,,,,Y,3,0,2,5,A,-,04,21703,,N,C,C,A,A,H,-,A,D,0,,,,,Y,,A,01,0,2,0,0,0,0,0,0,0,"- ","- ",38.230998992919922,-122.42569732666016,SONOMA,"SANTA ROSA",-122.71610260009766,38.386234283447266
91433031,2021,2021-03-23,9360,2021-03-17,1740,016045,,3,2,9,4900,0,2,4,,1,052,"STONY POINT RD","TODD RD.",250.00,N,N,B,-,N,,,,,,,,,,Y,4,0,1,3,A,-,03,22350,,N,C,C,A,A,H,-,A,A,0,,,,,Y,,D,22,0,0,1,0,0,0,0,0,0,"- ","- ",38.387870788574219,-122.74160003662109,SONOMA,UNINCORPORATED,-122.74154663085938,38.387825012207031
91433940,2021,2021-03-24,9360,2021-03-18,1430,018828,,4,2,4,4904,0,1,2,,2,050,"US-101 SB TO GOLF COURSE DRIVE","GOLF COURSE DRIVE",528.00,N,N,B,C,Y,,,101,,,,R,,S,Y,4,0,1,2,A,-,03,22350,,N,C,C,A,A,H,-,A,D,0,,,,,Y,,A,01,0,0,1,0,0,0,0,0,0,"- ","- ",38.364639282226562,-122.71296691894531,SONOMA,"ROHNERT PARK",-122.71296691894531,38.364639282226562
91434073,2021,2021-03-24,9360,2021-03-21,0715,020225,,7,1,9,4900,0,2,4,,1,024,"MARK WEST SPRINGS RD","MARK WEST LANE",2000.00,E,N,A,-,N,,,,,,,,,,Y,4,0,1,1,A,-,01,23152,F,N,E,I,A,A,H,-,B,D,0,,,,,Y,,A,01,0,0,1,0,0,0,0,0,0,"- ","- ",38.536319732666016,-122.72566223144531,SONOMA,UNINCORPORATED,-122.72119140625,38.527008056640625
91434270,2021,2021-04-01,9325,2021-03-10,1615,018954,,3,2,9,4900,0,2,4,,2,054,SR-116,"WATMAUGH RD",1574.00,W,N,B,C,N,,,116,,,,,,,Y,3,0,3,2,A,-,03,22350,,N,A,C,A,B,H,-,A,D,0,,,,,Y,,A,01,0,3,0,0,0,0,0,0,0,"- ","- ",38.250179290771484,-122.49568939208984,SONOMA,UNINCORPORATED,-122.49567413330078,38.250129699707031
91435165,2021,2021-03-25,9360,2021-03-25,0803,020386,,4,1,5,4908,0,1,2,,1,060,"US-101 S/B","CAULFIELD LN",445.00,N,N,A,-,Y,,,101,,,,,,S,Y,4,0,1,3,A,-,03,22350,,N,C,C,A,A,H,-,A,D,0,,,,,Y,,A,01,0,0,1,0,0,0,0,0,0,"- ","- ",38.238811492919922,-122.62084197998047,SONOMA,PETALUMA,-122.62085723876953,38.238800048828125
91436744,2021,2021-03-26,9360,2021-03-18,1613,018828,,4,2,9,4900,0,2,4,,1,042,"PETALUMA HILL ROAD","CRANE CANYON RD",2376.00,N,N,B,C,N,,,,,,,,,,Y,2,0,2,1,A,-,08,22107,,N,F,A,A,B,H,-,A,D,0,,,,,Y,,A,01,2,0,0,0,0,0,0,0,0,"- ","- ",38.371860504150391,-122.66716003417969,SONOMA,UNINCORPORATED,-122.66721343994141,38.371742248535156
91436763,2021,2021-03-26,9360,2021-03-19,1353,018828,,5,1,9,4900,0,2,4,,1,043,"PETALUMA HILL RD","RAILROAD AVE",528.00,S,N,A,-,N,,,,,,,,,,Y,3,0,1,1,C,-,18,,,N,E,I,A,A,H,-,A,D,0,,,,,Y,,-,"- ",0,1,0,0,0,0,0,0,0,"- ","- ",38.311710357666016,-122.66655731201172,SONOMA,UNINCORPORATED,-122.66667175292969,38.312828063964844
91436869,2021,2021-03-26,9360,2021-03-23,1642,018790,,2,2,9,4900,0,2,4,,1,052,"TODD ROAD","OLD GRAVENSTEIN HWY",1056.00,E,N,A,-,N,,,,,,,,,,Y,2,0,1,2,A,-,05,21460,A,N,D,C,A,A,H,-,A,D,0,,,Y,,Y,,C,02,1,0,0,0,0,0,0,0,1,"- ","- ",38.371021270751953,-122.77984619140625,SONOMA,UNINCORPORATED,-122.78126525878906,38.370979309082031
91437824,2021,2021-03-29,9360,2021-03-19,1839,022128,,5,2,6,4905,0,1,3,,1,051,SR-12,"IRWIN LN",0.00,,Y,A,-,Y,,,12,,,,,,,Y,4,0,1,2,A,-,09,21801,A,N,D,C,A,A,H,-,B,D,0,,,,,Y,,A,07,0,0,1,0,0,0,0,0,0,"- ","- ",38.412929534912109,-122.79287719726562,SONOMA,"SANTA ROSA",-122.79287719726562,38.412925720214844
91437828,2021,2021-03-29,9360,2021-03-19,2304,022289,,5,3,9,4900,0,2,4,,1,052,"SOUTH MOORLAND AVENUE","TODD RD",329.00,S,N,A,-,N,,,,,,,,,,Y,2,0,1,1,A,-,01,23152,A,N,E,I,A,A,H,-,C,D,0,,,,,Y,Y,D,22,1,0,0,0,0,0,0,0,0,"- ","- ",38.383209228515625,-122.71646118164062,SONOMA,UNINCORPORATED,-122.71761322021484,38.386215209960938
91439497,2021,2021-03-30,9360,2021-03-10,0849,015434,,3,1,6,4905,0,1,2,,2,040,"US 101 N/B","HEARN AVE.",1056.00,S,N,C,-,Y,,,,,,,,,,Y,4,0,1,2,A,-,03,22350,,N,D,C,A,B,H,-,A,D,0,,,,,Y,,A,01,0,0,1,0,0,0,0,0,0,"- ","- ",38.411991119384766,-122.71585845947266,SONOMA,"SANTA ROSA",-122.71593475341797,38.411720275878906
91439606,2021,2021-03-30,9350,2021-03-21,2210,021686,,7,3,9,4900,0,1,3,,2,137,"SR-37 WESTBOUND",SR-121,480.00,E,N,A,-,Y,,,37,,,,,,W,Y,3,0,3,2,A,-,03,22350,,N,D,C,A,A,H,-,C,D,0,,,,,Y,Y,A,01,0,1,2,0,0,0,0,0,0,"- ","- ",38.151508331298828,-122.44766998291016,SONOMA,UNINCORPORATED,-122.44766235351562,38.151485443115234
91440695,2021,2021-04-01,9360,2021-03-22,2145,020828,,1,2,9,4900,0,2,4,,1,054,"ROBLAR RD","PETERSON RD",0.00,,Y,A,-,N,,,,,,,,,,Y,4,0,1,1,A,-,01,23152,A,N,E,I,A,A,H,-,D,A,0,,,,,Y,Y,A,01,0,0,1,0,0,0,0,0,0,"- ","- ",38.321220397949219,-122.75900268554688,SONOMA,UNINCORPORATED,-122.75904846191406,38.321224212646484
91441516,2021,2021-04-02,9325,2021-03-23,1620,018954,,2,2,9,4900,0,3,5,,2,005,"WATMAUGH RD","BEAR FLAG RD",157.00,W,N,A,-,N,,,,,,,,,,Y,3,0,1,1,A,-,01,23152,A,N,E,I,A,A,H,-,A,D,0,,,,,Y,Y,A,01,0,1,0,0,0,0,0,0,0,"- ","- ",38.257438659667969,-122.49246978759766,SONOMA,UNINCORPORATED,-122.49234771728516,38.257400512695312
91443107,2021,2021-04-05,9360,2021-03-28,1025,020386,,7,1,9,4900,0,3,5,,2,006,"SPRING HILL RD","SEAVEY RD",868.00,N,N,A,-,N,,,,,,,,,,N,3,0,1,1,A,-,08,22107,,N,F,A,A,A,H,-,A,D,0,,Y,,,Y,,L,04,0,1,0,0,0,0,1,0,0,"- ","- ",38.247329711914062,-122.77223205566406,SONOMA,UNINCORPORATED,-122.77210235595703,38.247146606445312
91443224,2021,2021-04-05,9360,2021-03-29,0000,020740,,1,3,6,4905,0,1,2,,2,030,"US-101 NORTHBOUND","RIVER ROAD",2000.00,S,N,E,-,Y,,,,,,,,,,Y,4,0,1,1,A,-,08,22107,,N,E,I,A,A,H,-,D,A,0,,,,,Y,,A,01,0,0,1,0,0,0,0,0,0,"- ","- ",38.487941741943359,-122.74429321289062,SONOMA,"SANTA ROSA",-122.75086975097656,38.492488861083984