CASE_ID,ACCIDENT_YEAR,PROC_DATE,JURIS,COLLISION_DATE,COLLISION_TIME,OFFICER_ID,REPORTING_DISTRICT,DAY_OF_WEEK,CHP_SHIFT,POPULATION,CNTY_CITY_LOC,SPECIAL_COND,BEAT_TYPE,CHP_BEAT_TYPE,CITY_DIVISION_LAPD,CHP_BEAT_CLASS,BEAT_NUMBER,PRIMARY_RD,SECONDARY_RD,DISTANCE,DIRECTION,INTERSECTION,WEATHER_1,WEATHER_2,STATE_HWY_IND,CALTRANS_COUNTY,CALTRANS_DISTRICT,STATE_ROUTE,ROUTE_SUFFIX,POSTMILE_PREFIX,POSTMILE,LOCATION_TYPE,RAMP_INTERSECTION,SIDE_OF_HWY,TOW_AWAY,COLLISION_SEVERITY,NUMBER_KILLED,NUMBER_INJURED,PARTY_COUNT,PRIMARY_COLL_FACTOR,PCF_CODE_OF_VIOL,PCF_VIOL_CATEGORY,PCF_VIOLATION,PCF_VIOL_SUBSECTION,HIT_AND_RUN,TYPE_OF_COLLISION,MVIW,PED_ACTION,ROAD_SURFACE,ROAD_COND_1,ROAD_COND_2,LIGHTING,CONTROL_DEVICE,CHP_ROAD_TYPE,PEDESTRIAN_ACCIDENT,BICYCLE_ACCIDENT,MOTORCYCLE_ACCIDENT,TRUCK_ACCIDENT,NOT_PRIVATE_PROPERTY,ALCOHOL_INVOLVED,STWD_VEHTYPE_AT_FAULT,CHP_VEHTYPE_AT_FAULT,COUNT_SEVERE_INJ,COUNT_VISIBLE_INJ,COUNT_COMPLAINT_PAIN,COUNT_PED_KILLED,COUNT_PED_INJURED,COUNT_BICYCLIST_KILLED,COUNT_BICYCLIST_INJURED,COUNT_MC_KILLED,COUNT_MC_INJURED,PRIMARY_RAMP,SECONDARY_RAMP,LATITUDE,LONGITUDE,COUNTY,CITY,POINT_X,POINT_Y
91443341,2021,2021-04-05,9360,2021-03-28,1852,021195,,7,2,9,4900,0,3,5,,2,002,"RIVER RD","CEDAR LANE",38.00,S,N,A,-,N,,,,,,,,,,Y,3,0,1,1,A,-,01,23152,G,N,E,I,A,A,H,-,A,D,0,,,,,Y,Y,A,08,0,1,0,0,0,0,0,0,0,"- ","- ",38.775291442871094,-122.97345733642578,SONOMA,UNINCORPORATED,-122.9735107421875,38.775249481201172
91443735,2021,2021-04-06,9360,2021-03-20,2330,019092,,6,3,9,4900,0,3,5,,2,005,"KASTANIA RD",US-101,3696.00,W,N,A,-,N,,,,,,,,,,Y,3,0,1,1,A,-,01,23152,A,N,E,I,A,A,H,-,D,D,0,,,,,Y,Y,A,07,0,1,0,0,0,0,0,0,0,"- ","- ",38.212421417236328,-122.60369110107422,SONOMA,UNINCORPORATED,-122.60384368896484,38.21295166015625
91445057,2021,2021-04-07,9350,2021-04-04,1437,022066,,7,2,9,4900,0,1,3,,2,237,"SR-37 W/B","SOLANO COUNTY LINE",125.00,W,N,B,-,Y,,,37,,,,,,W,Y,4,0,1,3,A,-,03,22350,,N,C,C,A,A,H,-,A,D,0,,,,,Y,,A,01,0,0,1,0,0,0,0,0,0,"- ","- ",38.155750274658203,-122.40750885009766,SONOMA,UNINCORPORATED,-122.40750885009766,38.155712127685547
91447004,2021,2021-04-09,9360,2021-04-02,1052,022323,,5,1,6,4905,0,1,3,,1,051,"EB SR-12","DUTTON AVE",5.00,E,N,A,-,Y,,,12,,,,,,,Y,4,0,1,2,A,-,03,22350,,N,C,C,A,A,H,-,A,D,0,,,,,Y,,A,07,0,0,1,0,0,0,0,0,0,"- ","- ",38.432960510253906,-122.72615814208984,SONOMA,"SANTA ROSA",-122.72615814208984,38.432945251464844
91447926,2021,2021-04-12,9360,2021-04-02,0325,021904,,5,3,2,4901,0,1,2,,1,010,"US-101 SOUTHBOUND","ASTI RD",3960.00,S,N,A,-,Y,,,,,,,,,,N,4,0,1,1,A,-,08,22107,,N,E,I,A,A,H,-,D,D,0,,,,,Y,,A,01,0,0,1,0,0,0,0,0,0,"- ","- ",38.749500274658203,-122.96514892578125,SONOMA,CLOVERDALE,-123.00850677490234,38.781551361083984
91447952,2021,2021-04-12,9360,2021-04-04,0030,021904,,7,3,9,4900,0,2,4,,1,046,"BENNETT VALLEY RD","ENTERPRISE RD",1320.00,E,N,A,-,N,,,,,,,,,,Y,3,0,2,1,A,-,08,22107,,N,F,A,A,A,H,-,D,D,0,,,,,Y,,A,07,0,2,0,0,0,0,0,0,0,"- ","- ",38.388099670410156,-122.57939910888672,SONOMA,UNINCORPORATED,-122.57497406005859,38.388236999511719
91453854,2021,2021-04-20,9360,2021-04-13,1155,013838,,2,1,6,4905,0,1,3,,1,051,"SR-12 W/B",US-101,300.00,E,N,A,-,Y,,,,,,,,,,Y,3,0,1,1,A,-,08,22107,,N,E,I,A,A,H,-,A,D,0,,,,,Y,,A,01,0,1,0,0,0,0,0,0,0,"- ","- ",38.255699157714844,-122.42549896240234,SONOMA,"SANTA ROSA",-122.71430969238281,38.431049346923828
91454231,2021,2021-04-20,9360,2021-03-20,1321,020225,,6,1,6,4905,0,1,2,,2,030,"US-101 N/B","MENDOCINO AVE O/C",450.00,N,N,A,-,Y,,,101,,,,,,N,Y,3,0,1,3,A,-,04,21703,,N,C,C,A,A,H,-,A,D,0,,,,Y,Y,,A,01,0,1,0,0,0,0,0,0,0,"- ","- ",38.475860595703125,-122.73153686523438,SONOMA,"SANTA ROSA",-122.73152160644531,38.475868225097656
91454456,2021,2021-04-20,9360,2021-04-10,1605,021456,,6,2,4,4904,0,1,2,,2,050,"US-101 NORTHBOUND","GOLF COURSE DR",1056.00,N,N,A,-,Y,,,101,,,,,,N,Y,2,0,6,3,A,-,01,23152,A,F,C,C,A,A,H,-,A,D,0,,,,,Y,Y,D,22,5,1,0,0,0,0,0,0,0,"- ","- ",38.366371154785156,-122.71218109130859,SONOMA,"ROHNERT PARK",-122.71208953857422,38.366367340087891
91457826,2021,2021-04-26,9360,2021-04-17,1145,020225,,6,1,9,4900,0,3,5,,2,002,"AIRPORT BLVD","US-101 N/B TO AIRPORT BLVD.",20.00,E,N,A,-,N,,,,,,,,,,Y,3,0,1,2,A,-,03,22350,,N,C,C,A,A,H,-,A,A,0,,,,,Y,,A,07,0,1,0,0,0,0,0,0,0,"- ","- ",38.511371612548828,-122.77288055419922,SONOMA,UNINCORPORATED,-122.76359558105469,38.511257171630859
91460040,2021,2021-04-28,9360,2021-04-24,1400,022257,,6,2,2,4907,0,3,5,,2,002,"HEALDSBURG AVE","US-101 OVER-CROSSING",300.00,E,N,A,-,N,,,,,,,,,,N,4,0,1,2,A,-,03,22350,,N,C,C,A,A,H,-,A,D,0,,,,,Y,,A,07,0,0,1,0,0,0,0,0,0,"- ","- ",38.595718383789062,-122.85315704345703,SONOMA,SONOMA,,
91460044,2021,2021-04-28,9360,2021-04-15,1525,020285,,4,2,9,4900,0,2,4,,1,024,"PORTER CREEK RD","POSTWOOD LN",25.00,W,N,A,-,N,,,,,,,,,,Y,3,0,1,2,A,-,08,22107,,N,C,C,A,A,H,-,A,D,0,,,,,Y,,D,22,0,1,0,0,0,0,0,0,0,"- ","- ",38.556011199951172,-122.6805419921875,SONOMA,UNINCORPORATED,-122.67931365966797,38.556064605712891
91466860,2021,2021-05-06,9325,2021-04-30,1145,022560,,5,1,9,4900,0,1,3,,1,072,"SR-121 S/B",SR-116,1258.00,N,N,A,-,Y,,,121,,,,,,S,Y,4,0,1,3,A,-,03,22350,,N,C,C,A,A,H,-,A,D,0,,,,,Y,,A,01,0,0,1,0,0,0,0,0,0,"- ","- ",38.237499237060547,-122.4573974609375,SONOMA,UNINCORPORATED,-122.45741271972656,38.237541198730469
91467694,2021,2021-05-07,9360,2021-04-28,2240,022371,,3,3,9,4900,0,1,3,,1,063,"SR-1 N/B","HARBOUR WAY",1510.00,S,N,A,-,Y,,,,,,,,,,Y,3,0,1,1,A,-,01,23152,A,N,F,I,A,A,H,-,D,D,0,,,,,Y,Y,A,01,0,1,0,0,0,0,0,0,0,"- ","- ",38.391071319580078,-123.02279663085938,SONOMA,UNINCORPORATED,-123.03032684326172,38.317600250244141
91469454,2021,2021-05-10,9360,2021-05-03,1240,016660,,1,1,9,4900,0,1,3,,1,063,SR-1,"FREESTONE VALLEY FORD RD",3168.00,N,N,A,-,Y,,,1,,,,,,,Y,4,0,1,1,A,-,08,22107,,N,E,I,A,A,H,-,A,D,0,,,,,Y,,A,01,0,0,1,0,0,0,0,0,0,"- ","- ",38.325641632080078,-122.93795013427734,SONOMA,UNINCORPORATED,-122.93795776367188,38.325584411621094
91469835,2021,2021-05-11,9360,2021-04-29,1020,016660,,4,1,9,4900,0,2,4,,1,054,"SKILLMAN LN","BODEGA AVE",35.00,N,N,A,-,Y,,,,,,,,,,Y,4,0,1,2,A,-,08,22107,,N,B,C,A,A,H,-,A,D,0,,,,Y,Y,,A,07,0,0,1,0,0,0,0,0,0,"- ","- ",38.254570007324219,-122.70333862304688,SONOMA,UNINCORPORATED,-122.70333099365234,38.254497528076172
91470033,2021,2021-05-11,9360,2021-05-04,0715,016660,,2,1,9,4900,0,1,2,,2,050,"US 101 S/B","PETALUMA BLVDN",8448.00,N,N,A,-,Y,,,,,,,,,,N,4,0,1,2,A,-,03,22350,,N,C,C,A,A,H,-,A,D,0,,,,,Y,,A,01,0,0,1,0,0,0,0,0,0,"- ","- ",38.288249969482422,-122.69132995605469,SONOMA,UNINCORPORATED,-122.67015838623047,38.272090911865234
91470791,2021,2021-05-12,9360,2021-05-05,0600,016524,,3,1,9,4900,0,3,5,,2,003,"STARR RD","REIMAN LN",1056.00,S,N,A,-,N,,,,,,,,,,Y,3,0,1,1,A,-,08,22107,,N,E,I,A,A,H,-,B,D,0,,,,,Y,,D,22,0,1,0,0,0,0,0,0,0,"- ","- ",38.533119201660156,-122.82604217529297,SONOMA,UNINCORPORATED,-122.82597351074219,38.533428192138672
91471585,2021,2021-05-12,9360,2021-03-17,0520,016524,,3,3,9,4900,0,1,2,,1,010,"US-101 N/B","GEYSERS RD",6336.00,S,N,A,-,Y,,,101,,,,,,N,Y,1,1,3,3,A,-,01,23152,A,N,F,I,A,A,H,-,D,D,0,,,,,Y,Y,A,01,1,1,1,0,0,0,0,0,0,"- ","- ",38.842929840087891,-123.02667236328125,SONOMA,UNINCORPORATED,-123.02671051025391,38.842914581298828
91471778,2021,2021-05-12,9360,2021-04-26,1733,021195,,1,2,9,4900,0,1,2,,2,050,"US-101 N/B","OLD REDWOOD HWY",528.00,N,N,A,-,Y,,,,,,,,,,Y,2,0,1,3,A,-,07,21658,A,F,B,C,A,A,H,-,A,D,0,,,Y,,Y,,-,99,1,0,0,0,0,0,0,0,1,"- ","- ",38.274749755859375,-122.67337036132812,SONOMA,UNINCORPORATED,-122.85516357421875,38.596141815185547
91472380,2021,2021-05-13,9360,2021-04-30,1300,020731,,5,1,9,4900,0,2,4,,1,024,"MARK WEST SPRINGS RD","URSULINE RD",800.00,E,N,A,-,N,,,,,,,,,,N,4,0,2,2,A,-,03,22350,,N,C,C,A,A,H,-,A,D,0,,,,,Y,,A,08,0,0,2,0,0,0,0,0,0,"- ","- ",38.501518249511719,-122.73822021484375,SONOMA,UNINCORPORATED,-122.73850250244141,38.501316070556641
91473307,2021,2021-05-18,9360,2021-05-06,2332,020853,,4,3,6,4905,0,1,3,,1,051,"SR-12 W/B TO SOUTH E STREET","GORDON LN",115.00,W,N,A,-,Y,,,12,,,,R,,W,Y,3,0,1,1,A,-,01,23152,A,N,E,I,A,A,H,-,C,D,0,,,,,Y,Y,A,01,0,1,0,0,0,0,0,0,0,"- ","- ",38.434249877929688,-122.69699096679688,SONOMA,"SANTA ROSA",-122.69699096679688,38.434249877929688
91473321,2021,2021-05-14,9360,2021-05-01,1640,021445,,6,2,9,4900,0,1,2,,1,060,"US-101 N/B","PETALUMA BLVDS",7920.00,S,N,B,-,Y,,,101,,,,,,N,Y,4,0,1,2,A,-,03,22350,,N,C,C,A,A,H,-,A,D,0,,,,,Y,,A,08,0,0,1,0,0,0,0,0,0,"- ","- ",38.199859619140625,-122.598388671875,SONOMA,UNINCORPORATED,-122.59842681884766,38.199863433837891
91474343,2021,2021-05-17,9360,2021-04-30,1020,021893,,5,1,9,4900,0,2,4,,1,012,"DRY CREEK RD","DUTCHER CREEK RD",760.00,E,N,A,-,N,,,,,,,,,,N,4,0,1,2,A,-,05,21460,A,N,B,C,A,A,H,-,A,D,0,,,Y,,Y,,C,02,0,0,1,0,0,0,0,0,1,"- ","- ",38.711429595947266,-122.97461700439453,SONOMA,UNINCORPORATED,-122.97400665283203,38.711143493652344
91475319,2021,2021-05-27,9325,2021-05-14,0600,020829,,5,1,9,4900,0,1,3,,1,051,"SR-121 N/B","MANGEL RANCH ROAD",10032.00,N,N,B,-,Y,,,121,,,,,,N,Y,4,0,1,2,A,-,08,22107,,F,C,C,A,A,H,-,B,D,0,,,,,Y,,A,01,0,0,1,0,0,0,0,0,0,"- ","- ",38.201030731201172,-122.44792175292969,SONOMA,UNINCORPORATED,-122.44786834716797,38.201072692871094
91475434,2021,2021-05-18,9360,2021-05-05,1610,019359,,3,2,2,4901,0,1,2,,1,010,"US-101 N/B","S. CLOVERDALE BLVD",2600.00,N,N,A,-,Y,,,101,,,,,,N,Y,4,0,2,2,A,-,08,22107,,N,C,C,A,A,H,-,A,D,0,,,,,Y,,A,01,0,0,2,0,0,0,0,0,0,"- ","- ",38.78955078125,-123.01094055175781,SONOMA,CLOVERDALE,-123.01087951660156,38.789566040039062
91475588,2021,2021-05-27,9360,2021-05-11,0730,020225,,2,1,9,4900,0,2,4,,1,044,"OLD ADOBE RD.","CORONA RD",985.00,E,N,A,-,N,,,,,,,,,,Y,3,0,1,1,A,-,08,22107,,N,F,A,A,A,H,-,A,D,0,,,,,Y,,A,01,0,1,0,0,0,0,0,0,0,"- ","- ",38.284339904785156,-122.63661193847656,SONOMA,UNINCORPORATED,-122.63665771484375,38.284385681152344
91477814,2021,2021-05-27,9360,2021-05-12,1855,020285,,3,2,5,4908,0,1,2,,1,060,"US-101 N/B","SR-116 (LAKEVILLE HWY)",1584.00,S,N,A,-,Y,,,101,,,,,,N,Y,3,0,4,2,A,-,07,21658,A,N,B,C,A,A,H,-,A,D,0,,,,,Y,,A,01,0,2,2,0,0,0,0,0,0,"- ","- ",38.234088897705078,-122.61730194091797,SONOMA,PETALUMA,-122.61801910400391,38.233722686767578
91478139,2021,2021-06-01,9360,2021-05-09,1630,021437,,7,2,9,4900,0,2,4,,1,052,"STONY POINT RD","MILLBRAE AVENUE",190.00,N,N,A,-,N,,,,,,,,,,Y,3,0,1,1,A,-,01,23152,F,N,E,I,A,A,H,-,A,D,0,,,,,Y,,A,01,0,1,0,0,0,0,0,0,0,"- ","- ",38.370090484619141,-122.74127960205078,SONOMA,UNINCORPORATED,-122.74139404296875,38.370021820068359
91478149,2021,2021-06-03,9360,2021-05-09,1844,021456,,7,2,9,4900,0,2,4,,1,042,"MAIN STREET NORTH OF OLD REDWOOD HIGHWAY (PENNGROV","OLD REDWOOD HIGHWAY",120.00,N,N,A,-,N,,,,,,,,,,Y,4,0,1,2,A,-,01,23152,F,N,B,C,A,A,H,-,A,A,0,,,,,Y,,A,01,0,0,1,0,0,0,0,0,0,"- ","- ",38.295448303222656,-122.66690826416016,SONOMA,UNINCORPORATED,-122.66692352294922,38.295433044433594
91478718,2021,2021-05-27,9360,2021-05-16,0220,022362,,7,3,9,4900,0,1,2,,2,030,"US-101 SOUTHBOUND","RIVER ROAD O/C",473.00,S,N,A,-,Y,,,101,,,,,,S,Y,3,0,1,2,A,-,07,21658,A,F,B,C,A,A,H,-,D,D,0,,,,,Y,,A,07,0,1,0,0,0,0,0,0,0,"- ","- ",38.495288848876953,-122.75515747070312,SONOMA,UNINCORPORATED,-122.75516510009766,38.495277404785156
91479548,2021,2021-05-27,9360,2021-05-11,1701,020266,,2,2,9,4900,0,2,4,,1,034,"GUERNEVILLE ROAD","OLIVET ROAD",0.00,,Y,A,-,N,,,,,,,,,,Y,3,0,3,2,A,-,09,21801,A,N,A,C,A,A,H,-,A,D,0,,,,,Y,,D,22,0,3,0,0,0,0,0,0,0,"- ","- ",38.452491760253906,-122.81594085693359,SONOMA,UNINCORPORATED,-122.81591796875,38.452411651611328
91481734,2021,2021-05-27,9360,2021-05-18,0120,019092,,2,3,9,4900,0,2,4,,1,042,"PETALUMA HILL RD","ALAN DR",135.00,N,N,A,-,N,,,,,,,,,,Y,3,0,1,1,C,-,18,,,F,E,H,A,A,H,-,D,D,0,,,,,Y,,-,"- ",0,1,0,0,0,0,0,0,0,"- ","- ",38.326480865478516,-122.66670989990234,SONOMA,UNINCORPORATED,-122.66670989990234,38.326591491699219
91481741,2021,2021-05-27,9360,2021-05-18,0755,013838,,2,1,6,4905,0,1,2,,2,040,"US-101 N/B","TODD ROAD",528.00,N,N,B,-,Y,,,,,,,,,,Y,4,0,1,3,A,-,04,21703,,N,C,C,A,A,H,-,A,D,0,,,,,Y,,D,22,0,0,1,0,0,0,0,0,0,"- ","- ",38.2322998046875,-122.42579650878906,SONOMA,"SANTA ROSA",-122.71610260009766,38.387710571289062
91481775,2021,2021-05-27,9360,2021-05-23,1255,021458,,7,1,9,4900,0,3,5,,2,005,"D ST EXT","WINDSOR DR",2640.00,W,N,A,-,N,,,,,,,,,,Y,4,0,1,2,A,-,08,22107,,N,B,C,A,A,H,-,A,D,0,,,,,Y,,D,22,0,0,1,0,0,0,0,0,0,"- ","- ",38.211521148681641,-122.64325714111328,SONOMA,UNINCORPORATED,,
91482710,2021,2021-05-27,9360,2021-05-16,0001,021989,,7,3,9,4900,0,1,2,,2,030,"US-101 SOUTHBOUND","RIVER RD",563.00,N,N,A,-,Y,,,101,,,,,,S,Y,2,0,1,2,A,-,03,22350,,N,C,C,A,A,H,-,C,D,0,,,Y,,Y,,C,02,1,0,0,0,0,0,0,0,1,"- ","- ",38.498550415039062,-122.75968933105469,SONOMA,UNINCORPORATED,-122.75971984863281,38.498508453369141
91484694,2021,2021-05-28,9360,2021-05-20,0850,020731,,4,1,6,4905,0,1,2,,2,040,"US-101 S/B","HEARN AVE O/C",2640.00,S,N,A,-,Y,,,101,,,,,,S,Y,4,0,1,2,A,-,07,21658,A,N,C,C,A,A,H,-,A,D,0,,,,,Y,,A,07,0,0,1,0,0,0,0,0,0,"- ","- ",38.407150268554688,-122.71617126464844,SONOMA,"SANTA ROSA",-122.7161865234375,38.407150268554688
91485726,2021,2021-05-31,9325,2021-05-21,1404,022562,,5,2,9,4900,0,3,5,,2,006,"CALLE DEL MONTE","FIRST AVENUE",0.00,,Y,B,-,N,,,,,,,,,,Y,3,0,1,3,A,-,01,23152,A,N,B,E,A,A,H,-,A,A,0,,,,,Y,Y,D,22,0,1,0,0,0,0,0,0,0,"- ","- ",38.312770843505859,-122.47982788085938,SONOMA,UNINCORPORATED,-122.47978210449219,38.312767028808594
91486185,2021,2021-06-01,9325,2021-05-21,1800,022538,,5,2,9,4900,0,1,3,,1,072,SR-121,"NAPA RD",157.00,N,N,B,-,Y,,,121,,,,,,,Y,4,0,2,2,A,-,06,21755,A,N,B,C,A,A,H,-,A,D,0,,,,,Y,,D,22,0,0,2,0,0,0,0,0,0,"- ","- ",38.253520965576172,-122.39289093017578,SONOMA,UNINCORPORATED,-122.39289855957031,38.253471374511719
91487704,2021,2021-06-02,9360,2021-05-23,1150,020731,,7,1,9,4900,0,3,5,,2,005,"LLANO RD","LUDWIG AVE",0.00,,Y,A,-,N,,,,,,,,,,Y,3,0,3,2,A,-,09,21804,A,N,D,C,A,A,H,-,A,A,0,,,,,Y,,A,01,0,1,2,0,0,0,0,0,0,"- ","- ",38.397148132324219,-122.78269195556641,SONOMA,UNINCORPORATED,-122.78271484375,38.397140502929688
91489791,2021,2021-06-04,9325,2021-05-29,0652,022562,,6,1,9,4900,0,3,5,,2,006,"VERANO AVE","OLD MAPLE AVE",159.00,E,N,B,-,N,,,,,,,,,,Y,4,0,1,1,A,-,08,22107,,M,E,I,A,A,H,-,A,D,0,,,,,Y,,A,01,0,0,1,0,0,0,0,0,0,"- ","- ",38.302749633789062,-122.47988891601562,SONOMA,UNINCORPORATED,-122.48026275634766,38.302787780761719
91490278,2021,2021-06-07,9325,2021-05-28,1930,022538,,5,2,9,4900,0,2,4,,1,064,"ARNOLD DRIVE","PETALUMA AVE",10.00,N,N,A,-,N,,,,,,,,,,Y,4,0,1,2,A,-,03,22350,,N,C,C,A,A,H,-,A,A,0,,,,,Y,,A,01,0,0,1,0,0,0,0,0,0,"- ","- ",38.291130065917969,-122.48828887939453,SONOMA,UNINCORPORATED,-122.48827362060547,38.290966033935547
91490791,2021,2021-06-07,9360,2021-05-29,1520,021458,,6,2,9,4900,0,3,5,,2,001,"STEWARTS POINT-SKAGGS SPRINGS RD","FALL CREEK RD",31680.00,W,N,A,-,N,,,,,,,,,,Y,2,0,1,1,A,-,08,22107,,N,E,I,A,A,H,-,A,D,0,,,Y,,Y,,C,02,1,0,0,0,0,0,0,0,1,"- ","- ",38.677459716796875,-123.06625366210938,SONOMA,UNINCORPORATED,-122.99923706054688,38.719501495361328
91491034,2021,2021-06-07,9360,2021-05-21,1600,022333,,5,2,9,4900,0,3,5,,2,003,"RIVERLANDS RD","DRAKE RD",23.00,N,N,A,-,N,,,,,,,,,,Y,3,0,1,1,A,-,03,22350,,N,E,J,A,A,H,-,A,D,0,,,,,Y,,D,22,0,1,0,0,0,0,0,0,0,"- ","- ",38.502780914306641,-122.98979187011719,SONOMA,UNINCORPORATED,-122.99198150634766,38.500545501708984
91493061,2021,2021-06-09,9360,2021-06-03,1115,020092,,4,1,9,4900,0,3,5,,2,005,"STONY POINT RD","SCENIC AVE",912.00,N,N,A,-,N,,,,,,,,,,Y,4,0,1,2,A,-,03,22350,,N,C,C,A,A,H,-,A,D,0,,,,,Y,,D,22,0,0,1,0,0,0,0,0,0,"- ","- ",38.378860473632812,-122.74149322509766,SONOMA,UNINCORPORATED,-122.741455078125,38.3787841796875
91493180,2021,2021-06-09,9360,2021-05-12,1405,020266,,3,2,9,4900,0,1,3,,1,013,"SR-116 E/B","F STREET",50.00,W,N,A,-,Y,,,116,,,,,,E,Y,4,0,1,2,A,-,03,22350,,N,C,C,A,A,H,-,A,D,0,,,,,Y,,A,07,0,0,1,0,0,0,0,0,0,"- ","- ",38.468441009521484,-123.00881958007812,SONOMA,UNINCORPORATED,-123.00881195068359,38.468433380126953
91494871,2021,2021-06-11,9360,2021-06-06,1800,021456,,7,2,9,4900,0,2,4,,1,046,"BENNETT VALLEY ROAD","GRANGE ROAD",1056.00,E,N,A,-,N,,,,,,,,,,Y,2,0,2,1,C,-,18,,,N,E,H,A,A,H,-,A,D,0,,,Y,,Y,,-,"- ",1,1,0,0,0,0,0,0,2,"- ","- ",38.397800445556641,-122.63272094726562,SONOMA,UNINCORPORATED,-122.63356018066406,38.397838592529297
91495807,2021,2021-06-14,9360,2021-05-30,1825,022333,,7,2,9,4900,0,2,4,,1,038,"BODEGA HWY","GRANDVIEW RD",310.00,E,N,A,-,N,,,,,,,,,,N,3,0,1,1,A,-,08,22107,,N,F,A,A,A,H,-,A,D,0,,,Y,,Y,,C,02,0,1,0,0,0,0,0,0,1,"- ","- ",38.393230438232422,-122.87610626220703,SONOMA,UNINCORPORATED,-122.87610626220703,38.393180847167969
91495811,2021,2021-06-14,9360,2021-05-31,0800,020225,,1,1,9,4900,0,3,5,,2,004,"WARM SPRINGS RD","HELLMAN RD",50.00,S,N,A,-,N,,,,,,,,,,N,2,0,1,1,C,-,18,,,N,E,H,A,A,H,-,A,D,0,,Y,,,Y,,-,"- ",1,0,0,0,0,0,1,0,0,"- ","- ",38.376041412353516,-122.55088043212891,SONOMA,UNINCORPORATED,-122.5509033203125,38.376071929931641
91496225,2021,2021-10-29,9360,2021-06-06,1535,020740,,7,2,4,4904,0,1,2,,2,050,"US-101 NORTHBOUND","SANTA ROSA AVE OVER CROSSING",1500.00,N,N,A,-,Y,,,,,,,,,,Y,2,0,1,2,A,-,07,21658,A,F,B,C,A,A,H,-,A,D,0,,,Y,,Y,,-,"- ",1,0,0,0,0,0,0,0,1,"- ","- ",38.377010345458984,-122.71634674072266,SONOMA,"ROHNERT PARK",,
91497003,2021,2021-06-15,9360,2021-06-01,1400,018790,,2,2,9,4900,0,2,4,,1,012,"DRY CREEK ROAD","TELDESCHI RD",2640.00,W,N,A,-,N,,,,,,,,,,Y,3,0,1,2,A,-,01,23152,A,N,A,C,A,A,H,-,A,D,0,,,,,Y,Y,A,01,0,1,0,0,0,0,0,0,0,"- ","- ",38.680049896240234,-122.938720703125,SONOMA,UNINCORPORATED,,
91497410,2021,2021-06-15,9360,2021-06-07,1120,016524,,1,1,9,4900,0,3,5,,2,001,"WILLOW RD.","CANYON 3 RD.",0.00,,Y,A,-,N,,,,,,,,,,N,3,0,1,2,A,-,09,21800,A,N,A,G,A,A,E,-,A,D,0,,Y,,,Y,,L,04,0,1,0,0,0,0,1,0,0,"- ","- ",38.524448394775391,-122.97930908203125,SONOMA,UNINCORPORATED,-122.98095703125,38.527828216552734
91498079,2021,2021-06-16,9360,2021-06-07,1805,016045,,1,2,9,4900,0,1,2,,2,050,"US 101 NB N GOLF COURSE DR U/C","GOLF COURSE DR U/C",50.00,N,N,A,-,Y,,,,,,,,,,Y,4,0,1,2,A,-,03,22350,,N,C,2,A,A,H,-,A,D,0,,,,,Y,,A,08,0,0,1,0,0,0,0,0,0,"- ","- ",38,-122,SONOMA,UNINCORPORATED,,
91499117,2021,2021-06-17,9360,2021-06-06,0425,021989,,7,3,6,4905,0,1,2,,2,030,"US-101 NB","MENDOCINO AVE.",800.00,N,N,A,-,Y,,,101,,,,,,N,Y,2,0,3,1,A,-,08,22107,,N,E,8,A,A,H,-,C,D,0,,,,,Y,,A,01,1,1,1,0,0,0,0,0,0,"- ","- ",38.480499267578125,-122.73403167724609,SONOMA,"SANTA ROSA",-122.73410034179688,38.480426788330078
91500144,2021,2021-06-18,9360,2021-06-04,0445,020905,,5,3,9,4900,0,2,4,,1,054,"BODEGA AVE","LOHRMAN LN",1100.00,N,N,A,-,N,,,,,,,,,,N,4,0,1,1,C,-,18,,,N,E,H,A,A,H,-,D,D,0,,,Y,,Y,,-,"- ",0,0,1,0,0,0,0,0,1,"- ","- ",38.238170623779297,-122.67307281494141,SONOMA,UNINCORPORATED,-122.67305755615234,38.238185882568359
91501620,2021,2021-06-21,9360,2021-06-12,1150,020092,,6,1,9,4900,0,3,5,,2,004,"MOUNTAIN VIEW AVE","HANEY DR",208.00,E,N,A,-,N,,,,,,,,,,Y,3,0,2,2,A,-,09,21801,A,N,A,C,A,A,H,-,A,D,0,,,,,Y,,A,01,0,1,1,0,0,0,0,0,0,"- ","- ",38.379501342773438,-122.69291687011719,SONOMA,UNINCORPORATED,-122.69297790527344,38.379451751708984
91502801,2021,2021-06-22,9325,2021-06-13,0406,021109,,7,3,9,4900,0,3,5,,2,006,"TRINITY ROAD",SR-12,2640.00,E,N,A,-,N,,,,,,,,,,Y,3,0,1,1,A,-,03,22350,,N,E,I,A,A,H,-,D,D,0,,,Y,,Y,,C,02,0,1,0,0,0,0,0,0,1,"- ","- ",38.385101318359375,-122.50576782226562,SONOMA,UNINCORPORATED,-122.50819396972656,38.383419036865234
91503153,2021,2021-06-22,9350,2021-06-17,2130,021686,,4,2,9,4900,0,1,3,,2,137,"SR-37 EASTBOUND",SR-121,250.00,W,N,A,-,Y,,,37,,,,,,E,Y,3,0,1,1,B,-,22,,,N,F,A,A,A,H,-,C,D,0,,,Y,,Y,,C,02,0,1,0,0,0,0,0,0,1,"- ","- ",38.150459289550781,-122.4500732421875,SONOMA,UNINCORPORATED,-122.45009613037109,38.150505065917969