CASE_ID,ACCIDENT_YEAR,PROC_DATE,JURIS,COLLISION_DATE,COLLISION_TIME,OFFICER_ID,REPORTING_DISTRICT,DAY_OF_WEEK,CHP_SHIFT,POPULATION,CNTY_CITY_LOC,SPECIAL_COND,BEAT_TYPE,CHP_BEAT_TYPE,CITY_DIVISION_LAPD,CHP_BEAT_CLASS,BEAT_NUMBER,PRIMARY_RD,SECONDARY_RD,DISTANCE,DIRECTION,INTERSECTION,WEATHER_1,WEATHER_2,STATE_HWY_IND,CALTRANS_COUNTY,CALTRANS_DISTRICT,STATE_ROUTE,ROUTE_SUFFIX,POSTMILE_PREFIX,POSTMILE,LOCATION_TYPE,RAMP_INTERSECTION,SIDE_OF_HWY,TOW_AWAY,COLLISION_SEVERITY,NUMBER_KILLED,NUMBER_INJURED,PARTY_COUNT,PRIMARY_COLL_FACTOR,PCF_CODE_OF_VIOL,PCF_VIOL_CATEGORY,PCF_VIOLATION,PCF_VIOL_SUBSECTION,HIT_AND_RUN,TYPE_OF_COLLISION,MVIW,PED_ACTION,ROAD_SURFACE,ROAD_COND_1,ROAD_COND_2,LIGHTING,CONTROL_DEVICE,CHP_ROAD_TYPE,PEDESTRIAN_ACCIDENT,BICYCLE_ACCIDENT,MOTORCYCLE_ACCIDENT,TRUCK_ACCIDENT,NOT_PRIVATE_PROPERTY,ALCOHOL_INVOLVED,STWD_VEHTYPE_AT_FAULT,CHP_VEHTYPE_AT_FAULT,COUNT_SEVERE_INJ,COUNT_VISIBLE_INJ,COUNT_COMPLAINT_PAIN,COUNT_PED_KILLED,COUNT_PED_INJURED,COUNT_BICYCLIST_KILLED,COUNT_BICYCLIST_INJURED,COUNT_MC_KILLED,COUNT_MC_INJURED,PRIMARY_RAMP,SECONDARY_RAMP,LATITUDE,LONGITUDE,COUNTY,CITY,POINT_X,POINT_Y
91503980,2021,2021-06-23,9360,2021-06-16,0655,016660,,3,1,5,4908,0,1,2,,2,050,"US 101 S/B","OLD REDWODHWY O/C",430.00,N,N,A,-,Y,,,,,,,,,,Y,4,0,2,3,A,-,03,22350,,N,C,C,A,A,H,-,A,D,0,,,,,Y,,A,01,0,0,2,0,0,0,0,0,0,"- ","- ",38.272918701171875,-122.67118072509766,SONOMA,PETALUMA,-122.67015838623047,38.272090911865234
91504499,2021,2021-06-23,9325,2021-04-17,0705,022560,,6,1,9,4900,0,3,5,,2,006,"GROVE ST","CARRIGER RD",46.00,E,N,A,-,N,,,,,,,,,,Y,1,1,0,1,A,-,01,23152,F,N,E,I,A,A,H,-,B,D,0,,,,,Y,,A,01,0,0,0,0,0,0,0,0,0,"- ","- ",38.293998718261719,-122.50279998779297,SONOMA,UNINCORPORATED,-122.5028076171875,38.294033050537109
91505104,2021,2021-06-24,9360,2021-06-15,2245,020828,,2,3,9,4900,0,2,4,,1,044,"ADOBE RD","WAGNER LN",230.00,N,N,A,-,N,,,,,,,,,,N,3,0,1,1,A,-,01,23152,A,N,F,I,A,A,H,-,D,D,0,,,,,Y,Y,D,22,0,1,0,0,0,0,0,0,0,"- ","- ",38.280330657958984,-122.62944030761719,SONOMA,UNINCORPORATED,-122.62932586669922,38.2802734375
91506326,2021,2021-06-25,9360,2021-06-11,2328,021458,,5,3,5,4908,0,1,2,,1,060,"US-101 S/B","CORONA ROAD",500.00,S,N,A,-,Y,,,101,,,,,,S,Y,4,0,1,2,A,-,01,23152,A,N,C,C,A,A,D,H,D,D,0,,,,,Y,Y,D,22,0,0,1,0,0,0,0,0,0,"- ","- ",38.263259887695312,-122.65831756591797,SONOMA,PETALUMA,-122.65831756591797,38.263256072998047
91508727,2021,2021-06-29,9360,2021-06-19,2200,022370,,6,3,9,4900,0,3,5,,2,001,"EASTSIDE RD","TRENTON-HEALDSBURG RD",1320.00,N,N,A,-,N,,,,,,,,,,N,4,0,1,1,A,-,08,22107,,N,F,A,A,A,H,-,D,D,0,,,,,Y,,A,07,0,0,1,0,0,0,0,0,0,"- ","- ",38.506988525390625,-122.86055755615234,SONOMA,UNINCORPORATED,-122.86060333251953,38.506816864013672
91508787,2021,2021-06-29,9360,2021-06-20,0207,021989,,7,3,9,4900,0,3,5,,2,005,"MECHAM RD","PEPPER RD",0.00,,Y,A,-,N,,,,,,,,,,Y,3,0,1,1,A,-,01,23152,A,N,E,I,A,A,H,-,C,A,0,,,,,Y,Y,A,01,0,1,0,0,0,0,0,0,0,"- ","- ",38.285369873046875,-122.74746704101562,SONOMA,UNINCORPORATED,-122.74729919433594,38.285449981689453
91509725,2021,2021-06-30,9360,2021-06-22,2015,015434,,2,2,9,4900,0,2,4,,1,054,"VALLEY FORD RD","TOMALES RD",0.00,,Y,B,-,N,,,,,,,,,,Y,3,0,1,2,A,-,09,21801,A,F,D,C,A,A,H,-,B,D,0,,,,,Y,,A,01,0,1,0,0,0,0,0,0,0,"- ","- ",38.257999420166016,-122.78086853027344,SONOMA,UNINCORPORATED,-122.78111267089844,38.258136749267578
91509803,2021,2021-06-30,9360,2021-06-22,1455,015434,,2,2,9,4900,0,1,3,,1,053,"STATE ROUTE 116","COOPER RD",528.00,E,N,A,-,Y,,,116,,,,,,,Y,2,0,1,2,A,-,09,21801,A,N,D,C,A,A,H,-,A,A,0,,,,,Y,,A,01,1,0,0,0,0,0,0,0,0,"- ","- ",38.379459381103516,-122.79955291748047,SONOMA,UNINCORPORATED,-122.79953765869141,38.379493713378906
91512111,2021,2021-07-02,9325,2021-06-22,1450,019775,,2,2,2,4907,0,1,3,,1,072,"STATE ROUTE-121","COUGAR MOUNTAIN DR",80.00,N,N,A,-,Y,,,,,,,,,,N,4,0,2,2,A,-,09,21801,A,N,D,C,A,A,H,-,A,D,0,,,,,Y,,A,01,0,0,2,0,0,0,0,0,0,"- ","- ",38.166469573974609,-122.45632934570312,SONOMA,SONOMA,,
91512829,2021,2021-07-05,9360,2021-06-24,2240,021989,,4,3,9,4900,0,1,3,,1,051,SR-12,"IRWIN LN.",417.00,E,N,A,-,Y,,,12,,,,,,,Y,3,0,2,2,A,-,03,22350,,F,C,C,A,A,H,-,D,D,0,,,,,Y,,A,01,0,2,0,0,0,0,0,0,0,"- ","- ",38.413398742675781,-122.79222869873047,SONOMA,UNINCORPORATED,-122.79219055175781,38.413333892822266
91512848,2021,2021-07-05,9360,2021-06-25,1555,021445,,5,2,9,4900,0,3,5,,2,002,"ALEXANDER VALLEY ROAD","ALEXANDER VALLEY LN",450.00,E,N,A,-,N,,,,,,,,,,Y,3,0,1,1,A,-,08,22107,,N,E,I,A,A,H,-,A,D,0,,,,,Y,,A,01,0,1,0,0,0,0,0,0,0,"- ","- ",38.65673828125,-122.86309051513672,SONOMA,UNINCORPORATED,-122.86312103271484,38.656650543212891
91514512,2021,2021-07-07,9350,2021-06-27,1755,022066,,7,2,9,4900,0,1,3,,2,237,"SR-37 E/B","NOBLE RD",2640.00,E,N,A,-,Y,,,37,,,,,,E,Y,4,0,2,4,A,-,03,22350,,N,C,C,A,A,H,-,A,D,0,,,,,Y,,A,01,0,0,2,0,0,0,0,0,0,"- ","- ",38.1539306640625,-122.43128967285156,SONOMA,UNINCORPORATED,-122.43128967285156,38.153949737548828
91514635,2021,2021-09-08,9360,2021-06-29,1644,018790,,2,2,9,4900,0,2,4,,2,056,"STONY POINT ROAD","ROBLAR ROAD",0.00,,Y,A,-,N,,,,,,,,,,Y,4,0,1,2,A,-,09,21802,A,N,D,D,A,A,H,-,A,A,0,,,Y,,Y,,C,02,0,0,1,0,0,0,0,0,0,"- ","- ",38.314128875732422,-122.73555755615234,SONOMA,UNINCORPORATED,-122.73548126220703,38.314117431640625
91515563,2021,2021-07-08,9350,2021-07-03,1220,022133,,6,1,9,4900,0,1,3,,2,137,"SR-37 E/B",SR-121,1359.00,W,N,A,-,Y,,,37,,,,,,E,Y,3,0,3,3,A,-,08,22107,,N,B,C,A,A,H,-,A,D,0,,,,,Y,,A,01,0,1,2,0,0,0,0,0,0,"- ","- ",38.148418426513672,-122.45301055908203,SONOMA,UNINCORPORATED,-122.45301818847656,38.148429870605469
91515676,2021,2021-07-08,9325,2021-07-04,2140,021109,,7,2,9,4900,0,2,4,,1,064,"ARNOLD DR","CHAUVET RD",530.00,N,N,A,-,N,,,,,,,,,,Y,3,0,1,1,A,-,08,22107,,N,E,I,A,A,H,-,C,D,0,,,,,Y,Y,A,01,0,1,0,0,0,0,0,0,0,"- ","- ",38.361438751220703,-122.52581787109375,SONOMA,UNINCORPORATED,-122.52583312988281,38.361454010009766
91515743,2021,2021-07-08,9360,2021-06-30,2250,022362,,3,3,9,4900,0,3,5,,2,003,"MOSCOW RD","STARRETT HILL DR",6.00,E,N,A,-,N,,,,,,,,,,N,2,0,1,3,A,-,05,21460,A,N,A,C,A,A,H,-,D,A,0,,,Y,,Y,,A,01,1,0,0,0,0,0,0,0,1,"- ","- ",38.473400115966797,-123.02101135253906,SONOMA,UNINCORPORATED,-123.02090454101562,38.473468780517578
91515785,2021,2021-07-08,9360,2021-07-01,1552,022323,,4,2,9,4900,0,1,2,,2,040,"SB US-101","SR-12 O/C",2112.00,N,N,A,-,Y,,,,,,,,,,Y,4,0,2,2,A,-,03,22350,,N,C,C,A,A,H,-,A,D,0,,,,,Y,,D,22,0,0,2,0,0,0,0,0,0,"- ","- ",38.436958312988281,-122.71794891357422,SONOMA,UNINCORPORATED,-122.71778869628906,38.436603546142578
91518119,2021,2021-07-12,9360,2021-06-30,0740,016660,,3,1,9,4900,0,1,2,,2,040,"US 101 N/B","HEARN AVE",2112.00,S,N,A,-,Y,,,,,,,,,,Y,4,0,2,2,A,-,03,22350,,N,B,C,A,A,H,-,A,D,0,,,,,Y,,A,01,0,0,2,0,0,0,0,0,0,"- ","- ",38.408920288085938,-122.71597290039062,SONOMA,UNINCORPORATED,-122.71595764160156,38.408817291259766
91518692,2021,2021-11-01,9360,2021-06-22,1200,016660,,2,1,9,4900,0,2,4,,1,057,"PETALUMA BLVD N N/B","CORONA RD",300.00,S,N,A,-,N,,,,,,,,,,N,4,0,1,2,A,-,03,22350,,N,C,C,A,A,H,-,A,A,0,,,,,Y,,-,"- ",0,0,1,0,0,0,0,0,0,"- ","- ",38.259700775146484,-122.65934753417969,SONOMA,UNINCORPORATED,,
91518832,2021,2021-07-13,9360,2021-07-02,1327,022257,,5,1,6,4905,0,1,2,,2,040,"US-101 NORTHBOUND TO STEELE LN","STEELE LN",160.00,S,N,A,-,Y,,,101,,,,R,,N,Y,4,0,1,3,A,-,03,22350,,N,C,C,A,A,H,-,A,A,0,,,,,Y,,A,01,0,0,1,0,0,0,0,0,0,"- ","- ",38.459381103515625,-122.72573089599609,SONOMA,"SANTA ROSA",-122.72573089599609,38.459381103515625
91519017,2021,2021-10-15,9360,2021-07-02,1430,022333,,5,2,9,4900,0,1,3,,1,013,SR-116,"MILL STREET",0.00,,Y,A,-,Y,,,116,,,,,,,Y,3,0,1,2,A,-,09,21802,A,N,D,C,A,A,H,-,A,D,0,,,Y,,Y,,A,07,0,1,0,0,0,0,0,0,1,"- ","- ",38.501979827880859,-123.00028228759766,SONOMA,UNINCORPORATED,-123.00028228759766,38.501987457275391
91519280,2021,2021-07-13,9350,2021-07-10,1625,022066,,6,2,9,4900,0,1,3,,2,237,"SR-37 W/B",SR-121,2112.00,E,N,A,-,Y,,,37,,,,,,W,Y,3,0,1,1,A,-,03,22350,,N,E,I,A,A,H,-,A,D,0,,,,,Y,,A,07,0,1,0,0,0,0,0,0,0,"- ","- ",38.152908325195312,-122.44278717041016,SONOMA,UNINCORPORATED,-122.44277954101562,38.152839660644531
91519398,2021,2021-07-13,9360,2021-07-03,2125,020905,,6,2,9,4900,0,3,5,,2,004,"SANTA ROSA AVE","EAST ROBLES AVENUE",316.00,N,N,A,-,N,,,,,,,,,,N,3,0,1,2,A,-,11,21954,A,N,G,B,D,A,H,-,C,D,0,Y,,,,Y,Y,N,60,0,1,0,0,1,0,0,0,0,"- ","- ",38.395370483398438,-122.71365356445312,SONOMA,UNINCORPORATED,-122.71354675292969,38.395267486572266
91520285,2021,2021-07-14,9360,2021-07-08,1658,018790,,4,2,9,4900,0,2,4,,2,056,"STONY POINT ROAD","RAILROAD AVENUE",3168.00,N,N,A,-,N,,,,,,,,,,Y,4,0,1,2,A,-,08,22107,,N,C,E,A,A,H,-,A,D,0,,,,,Y,,A,07,0,0,1,0,0,0,0,0,0,"- ","- ",38.302360534667969,-122.71814727783203,SONOMA,UNINCORPORATED,-122.72172546386719,38.304065704345703
91520317,2021,2021-07-14,9360,2021-07-05,1430,016045,,1,2,9,4900,0,3,5,,2,004,"SANTA ROSA AVE","MOUNTAIN VIEW AVE",100.00,N,N,A,-,N,,,,,,,,,,Y,4,0,1,3,A,-,09,21801,A,N,D,C,A,A,H,-,A,D,0,,,,,Y,,A,07,0,0,1,0,0,0,0,0,0,"- ","- ",38.379711151123047,-122.71341705322266,SONOMA,UNINCORPORATED,-122.71348571777344,38.379604339599609
91520411,2021,2021-07-14,9360,2021-07-05,1215,020225,,1,1,9,4900,0,3,5,,2,005,"CHILENO VALLEY RD","WESTERN AVE",3696.00,W,N,A,-,N,,,,,,,,,,N,2,0,1,2,A,-,10,21954,B,N,G,B,E,A,H,-,A,D,0,Y,,,,Y,,A,01,1,0,0,0,1,0,0,0,0,"- ","- ",38.214168548583984,-122.66567230224609,SONOMA,UNINCORPORATED,-122.67012023925781,38.223018646240234
91520682,2021,2021-07-15,9360,2021-07-06,1542,018790,,2,2,9,4900,0,3,5,,2,005,"SKILLMAN LANE","PETALUMA BLVD NORTH",1056.00,W,N,A,-,N,,,,,,,,,,Y,4,0,1,1,C,-,18,,,N,E,I,A,A,H,-,A,D,0,,,,,Y,,-,"- ",0,0,1,0,0,0,0,0,0,"- ","- ",38.257728576660156,-122.66320037841797,SONOMA,UNINCORPORATED,-122.66318511962891,38.257831573486328
91521114,2021,2021-07-15,9360,2021-07-08,1210,016652,,4,1,9,4900,0,3,5,,2,002,"CANYON RD","US-101 S/B",111.00,W,N,A,-,Y,,,,,,,,,,Y,2,0,5,2,A,-,01,23153,F,N,D,C,A,A,H,-,A,A,0,,,,,Y,,D,22,1,4,0,0,0,0,0,0,0,"- ","- ",38.713329315185547,-122.91967010498047,SONOMA,UNINCORPORATED,-122.9195556640625,38.713386535644531
91521217,2021,2021-07-15,9360,2021-07-10,0710,020386,,6,1,9,4900,0,2,4,,1,047,"LAKEVILLE HWY","CANNON LN",340.00,S,N,A,-,N,,,,,,,,,,Y,3,0,1,1,A,-,08,22107,,N,E,I,A,A,H,-,A,D,0,,,,,Y,,A,07,0,1,0,0,0,0,0,0,0,"- ","- ",38.193901062011719,-122.54389953613281,SONOMA,UNINCORPORATED,-122.54380798339844,38.193626403808594
91522015,2021,2021-07-16,9325,2021-07-07,1750,021083,,3,2,9,4900,0,2,4,,1,064,"ARNOLD DRIVE","CENTER ST",100.00,S,N,A,-,N,,,,,,,,,,Y,3,0,1,2,A,-,03,22350,,N,C,C,A,A,H,-,A,D,0,,,,,Y,,A,01,0,1,0,0,0,0,0,0,0,"- ","- ",38.296810150146484,-122.49082183837891,SONOMA,UNINCORPORATED,-122.49075317382812,38.296695709228516
91522984,2021,2021-07-19,9325,2021-07-02,1128,018379,,5,1,9,4900,0,1,3,,1,052,"SR-12 (BROADWAY)","WATMAUGH RD",1100.00,S,N,A,-,N,,,12,,,,,,,Y,3,0,1,1,A,-,03,22350,,N,E,I,A,A,H,-,A,D,0,,,,,Y,,A,01,0,1,0,0,0,0,0,0,0,"- ","- ",38.262310028076172,-122.46218109130859,SONOMA,UNINCORPORATED,-122.46205902099609,38.262447357177734
91523012,2021,2021-07-19,9360,2021-06-24,0030,020828,,4,3,3,4980,0,1,2,,2,030,"US-101 S/B (REDWOOD HWY)","SHILOH RD.",233.00,N,N,A,-,Y,,,101,,,,,,S,Y,4,0,1,2,A,-,03,22350,,F,C,C,A,A,H,-,C,D,0,,,,,Y,,D,22,0,0,1,0,0,0,0,0,0,"- ","- ",38.528579711914062,-122.79267883300781,SONOMA,WINDSOR,-122.79271697998047,38.528545379638672
91523123,2021,2021-07-19,9360,2021-06-30,0920,016660,,3,1,9,4900,0,2,4,,1,052,"TODD RD","GHILOTTI AVE",29.00,E,N,A,-,N,,,,,,,,,,Y,4,0,1,1,A,-,06,21755,A,N,E,I,A,A,H,-,A,D,0,,,,,Y,,A,01,0,0,1,0,0,0,0,0,0,"- ","- ",38.386970520019531,-122.72268676757812,SONOMA,UNINCORPORATED,-122.72286224365234,38.387168884277344
91523182,2021,2021-07-19,9360,2021-07-02,1640,021437,,5,2,9,4900,0,2,4,,1,054,"BODEGA AVENUE","SKILLMAN LANE",0.00,,Y,A,-,N,,,,,,,,,,Y,3,0,1,2,A,-,09,21802,A,N,D,C,A,A,H,-,A,D,0,,,,,Y,,D,22,0,1,0,0,0,0,0,0,0,"- ","- ",38.254371643066406,-122.70333099365234,SONOMA,UNINCORPORATED,-122.70333099365234,38.254402160644531
91523402,2021,2021-07-19,9360,2021-07-08,0845,021456,,4,1,6,4905,0,2,S,,2,901,"HOEN FRONTAGE RD","MONTEREY DR",20.00,E,N,A,-,N,,,,,,,,,,N,4,0,1,3,A,-,03,22350,,N,C,C,A,A,H,-,A,D,0,,,,,Y,,A,01,0,0,1,0,0,0,0,0,0,"- ","- ",38.437179565429688,-122.68338775634766,SONOMA,"SANTA ROSA",-122.68360900878906,38.437339782714844
91525448,2021,2021-07-21,9360,2021-07-15,1045,019083,,4,1,9,4900,0,3,5,,2,006,"WESTSHORE ROAD","CAMPBELL COVE, STATE PROPERTY",0.00,,Y,B,-,N,,,,,,,,,,Y,3,0,1,1,A,-,03,22350,,N,F,A,A,A,H,-,A,D,0,,,Y,,Y,,C,02,0,1,0,0,0,0,0,0,1,"- ","- ",38.306049346923828,-123.0579833984375,SONOMA,UNINCORPORATED,,
91525619,2021,2021-07-21,9360,2021-07-15,2305,020740,,4,3,2,4901,0,3,5,,2,002,"RIVER ROAD","TRIMBLE LANE",800.00,S,N,A,-,Y,,,,,,,,,,Y,3,0,1,1,A,-,01,23152,A,M,E,I,A,A,H,-,D,D,0,,,,,Y,Y,A,01,0,1,0,0,0,0,0,0,0,"- ","- ",38.792781829833984,-122.99054718017578,SONOMA,CLOVERDALE,-122.99089813232422,38.797283172607422
91525827,2021,2021-07-21,9360,2021-07-16,1715,018828,,5,2,9,4900,0,2,4,,1,042,"PETALUMA HILL ROAD","VALLEY HOUSE DRIVE",1162.00,S,N,A,-,N,,,,,,,,,,N,3,0,2,3,A,-,04,21703,,N,C,C,A,A,H,-,A,D,0,,,,,Y,,A,08,0,1,1,0,0,0,0,0,0,"- ","- ",38.318290710449219,-122.66670227050781,SONOMA,UNINCORPORATED,-122.66677093505859,38.318267822265625
91526828,2021,2021-07-22,9360,2021-07-20,1544,019366,,2,2,9,4900,0,2,4,,1,032,"RIVER ROAD","FOOT HILL DR",300.00,W,N,A,-,N,,,,,,,,,,Y,3,0,1,2,A,-,09,21804,A,N,D,C,A,A,H,-,A,D,0,,,,,Y,,A,01,0,1,0,0,0,0,0,0,0,"- ","- ",38.514068603515625,-122.98358154296875,SONOMA,UNINCORPORATED,-122.98342132568359,38.514316558837891
91528471,2021,2021-07-26,9360,2021-07-16,1730,022323,,5,2,6,4905,0,1,2,,2,040,"US-101 SOUTHBOUND TO SR-12 EASTBOUND","SOUTH OVERCROSSING EDGE OF WESTBOUND SR-12",30.00,S,N,A,-,Y,,,101,,,,R,,S,N,3,0,1,1,A,-,01,23152,A,M,F,A,A,A,H,-,A,D,0,,,,,Y,Y,A,07,0,1,0,0,0,0,0,0,0,"- ","- ",38.431900024414062,-122.71749877929688,SONOMA,"SANTA ROSA",-122.71749877929688,38.431900024414062
91528911,2021,2021-07-26,9360,2021-07-17,1615,020803,,6,2,9,4900,0,1,3,,1,061,SR-1,"KRUSE RANCH RD",8870.00,S,N,A,-,Y,,,1,,,,,,,Y,2,0,1,2,A,-,08,22107,,N,A,C,A,A,H,-,A,D,0,,,Y,,Y,,C,02,1,0,0,0,0,0,0,0,1,"- ","- ",38.577789306640625,-123.331787109375,SONOMA,UNINCORPORATED,-123.331787109375,38.577785491943359
91528931,2021,2021-07-26,9360,2021-07-17,1900,018828,,6,2,9,4900,0,2,4,,1,046,"CRANE CANYON RD","PETALUMA HILL ROAD",4224.00,E,N,A,-,N,,,,,,,,,,Y,4,0,1,1,A,-,08,22107,,N,E,I,A,A,H,-,A,D,0,,,,,Y,,A,01,0,0,1,0,0,0,0,0,0,"- ","- ",38.367000579833984,-122.65358734130859,SONOMA,UNINCORPORATED,-122.65358734130859,38.366863250732422
91528964,2021,2021-07-26,9360,2021-07-18,0125,020740,,7,3,5,4908,0,1,2,,1,060,"PETALUMA BOULEVARD SOUTH","KASTANIA ROAD",100.00,S,N,A,-,N,,,,,,,,,,Y,3,0,1,2,A,-,01,23152,A,M,C,C,A,A,H,-,D,D,0,,,,,Y,Y,D,22,0,1,0,0,0,0,0,0,0,"- ","- ",38.221408843994141,-122.60626983642578,SONOMA,PETALUMA,-122.60638427734375,38.221595764160156
91528998,2021,2021-07-26,9360,2021-07-18,1250,019083,,7,1,9,4900,0,3,5,,2,006,"WESTSHORE ROAD","BROOKE ROAD",250.00,W,N,A,-,N,,,,,,,,,,N,2,0,2,2,A,-,11,21954,A,N,G,B,D,A,G,-,A,D,0,Y,Y,,,Y,,N,60,1,0,1,0,1,0,1,0,0,"- ","- ",38.329250335693359,-123.05870056152344,SONOMA,UNINCORPORATED,-123.05896759033203,38.330638885498047
91529872,2021,2021-07-27,9360,2021-07-23,1110,020092,,5,1,9,4900,0,2,4,,1,044,"ADOBE RD","FRATES RD",1050.00,W,N,A,-,N,,,,,,,,,,Y,4,0,1,3,A,-,09,21804,A,N,D,C,A,A,H,-,A,D,0,,,,,Y,,A,01,0,0,1,0,0,0,0,0,0,"- ","- ",38.253261566162109,-122.58132171630859,SONOMA,UNINCORPORATED,-122.58127593994141,38.25323486328125
91529945,2021,2021-07-27,9360,2021-07-23,1220,020092,,5,1,9,4900,0,2,4,,1,054,"BODEGA AVE","PAULA LN",145.00,W,N,A,-,N,,,,,,,,,,Y,4,0,3,2,A,-,09,21801,A,N,A,C,A,A,H,-,A,D,0,,,,,Y,,D,22,0,0,3,0,0,0,0,0,0,"- ","- ",38.234668731689453,-122.66169738769531,SONOMA,UNINCORPORATED,-122.66160583496094,38.234683990478516
91530119,2021,2021-08-05,9360,2021-07-19,0900,016524,,1,1,9,4900,0,1,2,,1,010,"US-101 N/B","CANYON RD",6336.00,N,N,A,-,Y,,,,,,,,,,N,3,0,1,2,A,-,03,22350,,F,C,C,A,A,H,-,A,D,0,,,,,Y,,A,01,0,1,0,0,0,0,0,0,0,"- ","- ",32.725109100341797,-122.93457794189453,SONOMA,UNINCORPORATED,-122.93495178222656,38.725204467773438
91530898,2021,2021-11-12,9325,2021-07-20,1220,015796,,2,1,9,4900,0,1,3,,1,072,SR-121,"8TH STREEET EAST",739.00,W,N,A,-,Y,,,121,,,,,,,Y,3,0,2,4,A,-,03,22350,,N,C,C,A,A,H,-,A,D,0,,,,,Y,,A,08,0,2,0,0,0,0,0,0,0,"- ","- ",38.245639801025391,-122.44161224365234,SONOMA,UNINCORPORATED,-122.44160461425781,38.245586395263672
91534375,2021,2021-08-02,9360,2021-07-22,2250,020740,,4,3,9,4900,0,2,4,,1,022,"OLD REDWOOD HIGHWAY","LIMERICK LANE",1200.00,S,N,A,-,Y,,,,,,,,,,Y,3,0,1,1,A,-,01,23152,A,N,E,I,A,A,H,-,D,D,0,,,,,Y,Y,A,01,0,1,0,0,0,0,0,0,0,"- ","- ",38.585048675537109,-122.84664154052734,SONOMA,UNINCORPORATED,-122.84754180908203,38.585140228271484
91535067,2021,2021-08-02,9360,2021-07-30,1625,018828,,5,2,9,4900,0,1,3,,1,053,"SR-116 (GRAVENSTEIN HWY SOUTH)","LONE PINE ROAD",0.00,,Y,A,-,Y,,,116,,,,,,,Y,4,0,1,2,A,-,03,22350,,N,C,C,A,A,H,-,A,D,0,,,,,Y,,D,22,0,0,1,0,0,0,0,0,0,"- ","- ",38.365249633789062,-122.78125762939453,SONOMA,UNINCORPORATED,-122.78128051757812,38.365226745605469
91535420,2021,2021-08-03,9360,2021-07-25,2320,022362,,7,3,9,4900,0,3,5,,2,003,"FREI ROAD","GUERNEVILLE ROAD",697.00,S,N,A,-,N,,,,,,,,,,Y,3,0,1,1,A,-,01,23152,A,N,E,I,A,A,H,-,D,D,0,,,,,Y,Y,A,07,0,1,0,0,0,0,0,0,0,"- ","- ",38.449108123779297,-122.845458984375,SONOMA,UNINCORPORATED,-122.84543609619141,38.449138641357422
91535978,2021,2021-08-10,9325,2021-07-26,1615,018954,,1,2,9,4900,0,3,5,,2,005,"BURNDALE RD","PEARSON RD",317.00,N,N,A,-,N,,,,,,,,,,N,4,0,1,1,A,-,08,22107,,N,E,I,A,A,H,-,A,D,0,,,,,Y,,A,07,0,0,1,0,0,0,0,0,0,"- ","- ",38.258079528808594,-122.42209625244141,SONOMA,UNINCORPORATED,-122.42169189453125,38.258056640625
91536678,2021,2021-08-04,9360,2021-07-29,1505,018828,,4,2,9,4900,0,3,5,,2,002,"FAUGHT ROAD","CARRIAGE LANE",1690.00,N,N,A,-,N,,,,,,,,,,Y,3,0,1,1,A,-,03,22350,,N,E,I,A,A,H,-,A,D,0,,,,,Y,,A,01,0,1,0,0,0,0,0,0,0,"- ","- ",38.518379211425781,-122.75830078125,SONOMA,UNINCORPORATED,-122.75846862792969,38.518394470214844
91537903,2021,2021-08-05,9360,2021-07-28,1605,019366,,3,2,9,4900,0,2,4,,1,032,"WOOLSEY ROAD","OLIVET RD",987.00,W,N,A,-,N,,,,,,,,,,Y,3,0,1,1,A,-,01,23152,A,N,E,I,A,A,H,-,A,D,0,,,,,Y,Y,A,01,0,1,0,0,0,0,0,0,0,"- ","- ",38.483200073242188,-122.82263946533203,SONOMA,UNINCORPORATED,-122.82313537597656,38.483173370361328
91539499,2021,2021-08-09,9360,2021-07-30,1730,022257,,5,2,6,4905,0,1,2,,2,040,"US-101 NORTHBOUND","BAKER AVE OVER-CROSSING",700.00,S,N,A,-,Y,,,101,,,,,,N,Y,3,0,3,3,A,-,03,22350,,N,C,C,A,A,H,-,A,D,0,,,,,Y,,A,01,0,2,1,0,0,0,0,0,0,"- ","- ",38.419998168945312,-122.71550750732422,SONOMA,"SANTA ROSA",-122.71558380126953,38.420013427734375
91541083,2021,2021-08-10,9360,2021-07-26,2239,019092,,1,3,9,4900,0,1,2,,2,050,"US-101 N/B","W. RAILROAD AVENUE",1584.00,N,N,A,-,Y,,,101,,,,,,N,N,4,0,1,2,A,-,07,21658,A,M,B,C,A,A,H,-,C,D,0,,,,,Y,,-,99,0,0,1,0,0,0,0,0,0,"- ","- ",38.307270050048828,-122.71114349365234,SONOMA,UNINCORPORATED,-122.71112060546875,38.307285308837891
91541690,2021,2021-08-10,9360,2021-07-31,1743,018828,,6,2,9,4900,0,2,4,,1,042,"PETALUMA HILL ROAD","SNYDER LANE",2006.00,S,N,A,-,N,,,,,,,,,,Y,3,0,4,2,A,-,09,21801,A,N,A,C,A,A,H,-,A,D,0,,,,,Y,,A,07,0,1,3,0,0,0,0,0,0,"- ","- ",38.378501892089844,-122.68048858642578,SONOMA,UNINCORPORATED,-122.68035888671875,38.378433227539062