CASE_ID,ACCIDENT_YEAR,PROC_DATE,JURIS,COLLISION_DATE,COLLISION_TIME,OFFICER_ID,REPORTING_DISTRICT,DAY_OF_WEEK,CHP_SHIFT,POPULATION,CNTY_CITY_LOC,SPECIAL_COND,BEAT_TYPE,CHP_BEAT_TYPE,CITY_DIVISION_LAPD,CHP_BEAT_CLASS,BEAT_NUMBER,PRIMARY_RD,SECONDARY_RD,DISTANCE,DIRECTION,INTERSECTION,WEATHER_1,WEATHER_2,STATE_HWY_IND,CALTRANS_COUNTY,CALTRANS_DISTRICT,STATE_ROUTE,ROUTE_SUFFIX,POSTMILE_PREFIX,POSTMILE,LOCATION_TYPE,RAMP_INTERSECTION,SIDE_OF_HWY,TOW_AWAY,COLLISION_SEVERITY,NUMBER_KILLED,NUMBER_INJURED,PARTY_COUNT,PRIMARY_COLL_FACTOR,PCF_CODE_OF_VIOL,PCF_VIOL_CATEGORY,PCF_VIOLATION,PCF_VIOL_SUBSECTION,HIT_AND_RUN,TYPE_OF_COLLISION,MVIW,PED_ACTION,ROAD_SURFACE,ROAD_COND_1,ROAD_COND_2,LIGHTING,CONTROL_DEVICE,CHP_ROAD_TYPE,PEDESTRIAN_ACCIDENT,BICYCLE_ACCIDENT,MOTORCYCLE_ACCIDENT,TRUCK_ACCIDENT,NOT_PRIVATE_PROPERTY,ALCOHOL_INVOLVED,STWD_VEHTYPE_AT_FAULT,CHP_VEHTYPE_AT_FAULT,COUNT_SEVERE_INJ,COUNT_VISIBLE_INJ,COUNT_COMPLAINT_PAIN,COUNT_PED_KILLED,COUNT_PED_INJURED,COUNT_BICYCLIST_KILLED,COUNT_BICYCLIST_INJURED,COUNT_MC_KILLED,COUNT_MC_INJURED,PRIMARY_RAMP,SECONDARY_RAMP,LATITUDE,LONGITUDE,COUNTY,CITY,POINT_X,POINT_Y
91544529,2021,2021-08-13,9350,2021-08-06,1650,020979,,5,2,9,4900,0,1,3,,2,237,"SR-37 WB","MARIN / SOLANO COUNTY LINE",24.00,W,N,A,-,N,,,37,,,,,,W,Y,4,0,1,2,A,-,03,22350,,N,C,C,A,A,H,-,A,D,0,,,,,Y,,D,22,0,0,1,0,0,0,0,0,0,"- ","- ",38.155738830566406,-122.40730285644531,SONOMA,UNINCORPORATED,-122.40730285644531,38.15570068359375
91546892,2021,2021-08-19,9360,2021-04-05,1730,019359,,1,2,9,4900,0,1,2,,1,010,"US-101 N/B","SOUTH CLOVERDALE BLVD",1100.00,S,N,A,-,Y,,,101,,,,,,N,Y,1,1,0,1,A,-,08,22107,,N,E,I,A,A,H,-,A,D,0,,,,,Y,,A,01,0,0,0,0,0,0,0,0,0,"- ","- ",38.779518127441406,-123.00675964355469,SONOMA,UNINCORPORATED,-123.0068359375,38.779453277587891
91547074,2021,2021-08-17,9360,2021-08-07,1343,018828,,6,1,9,4900,0,1,3,,1,053,"STONY POINT ROAD","SR-116 (GRAVENSTEIN HWY SOUTH)",180.00,S,N,A,-,Y,,,,,,,,,,Y,4,0,1,4,A,-,03,22350,,N,C,C,A,A,H,-,A,D,0,,,,,Y,,A,01,0,0,1,0,0,0,0,0,0,"- ","- ",38.333999633789062,-122.73841857910156,SONOMA,UNINCORPORATED,,
91547572,2021,2021-08-18,9360,2021-07-25,1620,019794,,7,2,9,4900,0,2,4,,1,046,"BENNETT VALLEY RD","ENTERPRISE RD",1100.00,E,N,A,-,N,,,,,,,,,,Y,4,0,1,1,A,-,08,22107,,N,E,I,A,A,H,-,A,D,0,,,,,Y,,A,01,0,0,1,0,0,0,0,0,0,"- ","- ",38.387859344482422,-122.57649993896484,SONOMA,UNINCORPORATED,-122.57563781738281,38.387935638427734
91547735,2021,2021-08-18,9350,2021-08-08,1120,022656,,7,1,9,4900,0,1,3,,2,137,"SR 37 E/B","LAKEVILLE HIGHWAY",100.00,W,N,A,-,Y,,,37,,,,,,E,N,4,0,1,2,A,-,01,23152,A,N,C,C,A,A,H,-,A,D,0,,,,,Y,Y,A,01,0,0,1,0,0,0,0,0,0,"- ","- ",38.133831024169922,-122.47653961181641,SONOMA,UNINCORPORATED,-122.47654724121094,38.133842468261719
91550472,2021,2021-08-20,9350,2021-08-01,2248,022395,,7,3,9,4900,0,1,3,,2,137,"SR-37 W/B","LAKEVILLE HIGHWAY",0.00,,Y,A,-,Y,,,37,,,,,,W,Y,3,0,1,2,A,-,12,21453,A,N,D,C,A,A,H,-,C,A,0,,,,Y,Y,,G,55,0,1,0,0,0,0,0,0,0,"- ","- ",38.134151458740234,-122.47651672363281,SONOMA,UNINCORPORATED,-122.47650909423828,38.134052276611328
91551094,2021,2021-08-23,9360,2021-08-10,0110,020748,,2,3,9,4900,0,1,3,,1,021,SR-128,"WIDMER WAY",650.00,E,N,A,-,Y,,,128,,,,,,,Y,4,0,2,2,A,-,03,22350,,N,C,C,A,A,H,-,D,D,0,,,,,Y,,A,07,0,0,2,0,0,0,0,0,0,"- ","- ",38.671588897705078,-122.82617950439453,SONOMA,UNINCORPORATED,-122.82614898681641,38.671627044677734
91552389,2021,2021-08-24,9360,2021-08-10,2355,022371,,2,3,9,4900,0,2,4,,1,034,"GUERNEVILLE RD","RICH RD",60.00,E,N,A,-,N,,,,,,,,,,Y,3,0,1,1,A,-,08,22107,,N,F,A,A,A,H,-,D,D,0,,,,,Y,,A,01,0,1,0,0,0,0,0,0,0,"- ","- ",38.452640533447266,-122.78608703613281,SONOMA,UNINCORPORATED,,
91553213,2021,2021-08-24,9360,2021-08-14,0000,020386,,6,3,9,4900,0,3,5,,2,005,"SPRING HILL RD","CHILENO VALLEY RD",108.00,W,N,A,-,N,,,,,,,,,,Y,4,0,1,1,A,-,08,22107,,N,E,I,A,A,H,-,D,D,0,,,,,Y,,A,01,0,0,1,0,0,0,0,0,0,"- ","- ",38.2227783203125,-122.67050170898438,SONOMA,UNINCORPORATED,-122.67046356201172,38.222896575927734
91553574,2021,2021-08-25,9360,2021-08-10,1750,019794,,2,2,9,4900,0,3,5,,2,005,"LLANO RD","TODD RD",1250.00,N,N,E,-,N,,,,,,,,,,Y,3,0,2,2,A,-,05,21460,A,N,A,C,A,A,G,-,A,D,0,,,,,Y,,A,07,0,2,0,0,0,0,0,0,0,"- ","- ",38.388690948486328,-122.77247619628906,SONOMA,UNINCORPORATED,-122.77231597900391,38.388584136962891
91553650,2021,2021-08-25,9360,2021-08-14,2105,019092,,6,2,9,4900,0,3,5,,2,006,"PEPPER RD","STONY POINT RD",55.00,W,N,A,-,N,,,,,,,,,,Y,3,0,1,3,A,-,03,22350,,N,C,C,A,A,H,-,C,D,0,,,,,Y,,A,07,0,1,0,0,0,0,0,0,0,"- ","- ",38.284408569335938,-122.68807983398438,SONOMA,UNINCORPORATED,-122.68785095214844,38.284400939941406
91553804,2021,2021-08-25,9360,2021-08-15,0910,021445,,7,1,9,4900,0,3,5,,2,002,"CHALK HILL ROAD","LESLIE ROAD",225.00,N,N,A,-,N,,,,,,,,,,Y,3,0,1,1,C,-,18,,,N,A,H,A,A,H,-,A,D,0,,,Y,,Y,,-,"- ",0,1,0,0,0,0,0,0,1,"- ","- ",38.547321319580078,-122.77175903320312,SONOMA,UNINCORPORATED,-122.77173614501953,38.547348022460938
91555220,2021,2021-08-26,9360,2021-08-18,1530,020285,,3,2,6,4905,0,1,2,,2,040,"US-101 S/B","COLLEGE AVE",2112.00,N,N,A,-,Y,,,101,,,,,,S,Y,4,0,3,5,A,-,03,22350,,N,C,C,A,A,H,-,A,D,0,,,,,Y,,A,01,0,0,3,0,0,0,0,0,0,"- ","- ",38.454261779785156,-122.72628784179688,SONOMA,"SANTA ROSA",-122.72615814208984,38.454254150390625
91555371,2021,2021-08-30,9360,2021-08-16,1845,016045,,1,2,9,4900,0,3,5,,2,005,"MILLBRAE AVE","WHISTLER AVE",0.00,,Y,A,-,N,,,,,,,,,,Y,4,0,2,2,A,-,12,22450,A,N,D,C,A,A,H,-,A,D,0,,,,,Y,,A,07,0,0,2,0,0,0,0,0,0,"- ","- ",38,-122,SONOMA,UNINCORPORATED,-122.72924041748047,38.369510650634766
91557771,2021,2021-08-30,9360,2021-08-13,1610,022323,,5,2,9,4900,0,1,2,,2,040,"NB US-101","3RD ST",422.00,N,N,A,-,Y,,,,,,,,,,Y,3,0,2,4,A,-,01,23152,F,N,B,C,A,A,H,-,B,D,0,,,,,Y,,D,22,0,2,0,0,0,0,0,0,0,"- ","- ",38.438720703125,-122.71882629394531,SONOMA,UNINCORPORATED,-122.71901702880859,38.438468933105469
91558431,2021,2021-11-02,9360,2021-08-20,1700,022323,,5,2,9,4900,0,1,2,,2,040,"NB US-101","COLLEGE AVE",1584.00,S,N,A,-,Y,,,,,,,,,,Y,4,0,1,2,A,-,07,21658,A,N,C,C,A,A,H,-,A,D,0,,,,,Y,,-,"- ",0,0,1,0,0,0,0,0,0,"- ","- ",38.441001892089844,-122.72052764892578,SONOMA,UNINCORPORATED,-122.72112274169922,38.441902160644531
91558612,2021,2021-08-30,9360,2021-08-20,1800,020266,,5,2,9,4900,0,3,5,,2,002,"LYTTON STATION ROAD","LYTTON SPRINGS ROAD",980.00,N,N,A,-,N,,,,,,,,,,Y,4,0,1,1,A,-,01,23152,A,N,E,I,A,A,H,-,A,D,0,,,,,Y,Y,A,01,0,0,1,0,0,0,0,0,0,"- ","- ",38.662181854248047,-122.87246704101562,SONOMA,UNINCORPORATED,-122.87242889404297,38.662021636962891
91559513,2021,2021-08-31,9360,2021-08-21,0600,021326,,6,1,6,4905,0,1,2,,2,040,"US-101 NORTHBOUND TO BAKER AVENUE","BAKER AVE OVERCROSSING",470.00,S,N,B,-,Y,,,101,,,,R,,N,Y,4,0,1,1,A,-,03,22350,,N,E,I,A,B,H,-,C,D,0,,,,,Y,,A,01,0,0,1,0,0,0,0,0,0,"- ","- ",38.420791625976562,-122.71534729003906,SONOMA,"SANTA ROSA",-122.71534729003906,38.420791625976562
91560544,2021,2021-09-01,9360,2021-08-23,2125,016669,,1,2,9,4900,0,1,3,,1,041,SR-12,"MELITA RD",60.00,W,N,A,-,Y,,,12,,,,,,,Y,4,0,1,1,A,-,08,22107,,N,E,I,A,A,H,-,C,D,0,,,,,Y,,A,01,0,0,1,0,0,0,0,0,0,"- ","- ",38.453701019287109,-122.62297058105469,SONOMA,UNINCORPORATED,-122.62300109863281,38.453636169433594
91561245,2021,2021-09-02,9360,2021-09-01,1705,018881,,3,2,9,4900,0,1,3,,1,063,SR-1,"BODEGA HIGHWAY",1584.00,N,N,A,-,N,,,1,,,,,,,Y,4,0,1,2,A,-,03,22350,,N,C,C,A,A,H,-,A,D,0,,,,,Y,,D,22,0,0,1,0,0,0,0,0,0,"- ","- ",38.337268829345703,-122.98162841796875,SONOMA,UNINCORPORATED,-122.98163604736328,38.337322235107422
91562449,2021,2021-09-03,9360,2021-08-24,1745,020285,,2,2,9,4900,0,3,5,,2,004,"NORTH STAR DRIVE","SANTA ROSA AVENUE",0.00,,Y,A,-,N,,,,,,,,,,N,4,0,1,2,A,-,09,21804,A,N,H,G,A,A,H,-,A,D,0,,Y,,,Y,,A,08,0,0,1,0,0,0,1,0,0,"- ","- ",38.398960113525391,-122.71322631835938,SONOMA,UNINCORPORATED,-122.71350860595703,38.398941040039062
91563358,2021,2021-09-06,9360,2021-08-21,2140,017761,,6,2,6,4905,0,3,5,,2,001,"MOORLAND AVENUE","TODD ROAD",587.00,N,N,B,-,N,,,,,,,,,,Y,2,0,1,1,A,-,01,23152,A,N,E,I,A,A,H,-,C,D,0,,,,,Y,Y,A,01,1,0,0,0,0,0,0,0,0,"- ","- ",38.388969421386719,-122.71859741210938,SONOMA,"SANTA ROSA",-122.71852111816406,38.388721466064453
91563361,2021,2021-09-06,9360,2021-08-22,0740,020386,,7,1,6,4905,0,2,4,,1,054,"BODEGA AVE","SKILLMAN LN",687.00,W,N,B,-,N,,,,,,,,,,Y,4,0,1,1,A,-,08,22107,,N,E,I,A,A,H,-,A,D,0,,,,,Y,,A,07,0,0,1,0,0,0,0,0,0,"- ","- ",38.255771636962891,-122.70533752441406,SONOMA,"SANTA ROSA",-122.70519256591797,38.255580902099609
91563379,2021,2021-09-06,9360,2021-08-23,2205,019092,,1,3,4,4904,0,1,2,,2,050,"US-101 N/B TO GOLF COURSE DR","WEST GOLF COURSE DR.",405.00,S,N,A,-,Y,,,101,,,,R,,N,Y,3,0,1,1,A,-,01,23152,A,N,E,I,A,A,H,-,C,D,0,,,,,Y,Y,D,22,0,1,0,0,0,0,0,0,0,"- ","- ",38.361961364746094,-122.71243286132812,SONOMA,"ROHNERT PARK",-122.71243286132812,38.361961364746094
91563567,2021,2021-09-06,9360,2021-08-27,1825,022370,,5,2,9,4900,0,2,4,,1,038,"GOLD RIDGE RD","BODEGA HWY",0.00,,Y,A,-,N,,,,,,,,,,Y,2,0,1,2,A,-,09,21802,A,N,D,C,A,A,H,-,A,A,0,,,Y,,Y,Y,A,01,1,0,0,0,0,0,0,0,1,"- ","- ",38.394630432128906,-122.86393737792969,SONOMA,UNINCORPORATED,-122.86412811279297,38.394664764404297
91563903,2021,2021-09-07,9360,2021-08-20,2220,020748,,5,3,9,4900,0,1,2,,2,050,"US-101 S/B","RAILROAD AVE",1600.00,N,N,B,-,Y,,,101,,,,,,S,Y,2,0,4,3,A,-,01,23152,F,N,C,C,A,A,H,-,D,D,0,,,,,Y,,A,01,1,2,1,0,0,0,0,0,0,"- ","- ",38.306411743164062,-122.71063232421875,SONOMA,UNINCORPORATED,-122.71064758300781,38.306396484375
91566074,2021,2021-10-06,9360,2021-08-14,2330,021458,,6,3,9,4900,0,3,5,,2,005,"CLOUD LN","KASTANIA RD",8976.00,S,N,A,-,N,,,,,,,,,,Y,2,0,2,2,A,-,03,22350,,N,D,E,A,A,H,-,D,D,0,,,,,Y,,A,01,2,0,0,0,0,0,0,0,0,"- ","- ",38.19866943359375,-122.60002899169922,SONOMA,UNINCORPORATED,-122.60008239746094,38.198760986328125
91566087,2021,2021-09-09,9360,2021-08-18,0030,020748,,3,3,6,4905,0,1,2,,2,040,"US-101 NORTHBOUND TO STEELE LANE","STEELE LN",500.00,S,N,A,-,Y,,,101,,,,R,,N,Y,4,0,1,2,A,-,03,22350,,F,C,C,A,A,H,-,D,D,0,,,,,Y,,A,01,0,0,1,0,0,0,0,0,0,"- ","- ",38.459609985351562,-122.72553253173828,SONOMA,"SANTA ROSA",-122.72553253173828,38.459609985351562
91566100,2021,2021-09-09,9360,2021-08-25,0820,016660,,3,1,9,4900,0,1,2,,2,050,"US 101 N/B","TODD RD O/C",2112.00,S,N,B,-,Y,,,,,,,,,,N,4,0,1,4,A,-,03,22350,,N,C,C,A,A,H,-,A,D,0,,,,,Y,,A,08,0,0,1,0,0,0,0,0,0,"- ","- ",38.380718231201172,-122.71614074707031,SONOMA,UNINCORPORATED,-122.71614837646484,38.380458831787109
91566176,2021,2021-09-09,9360,2021-08-28,2500,021445,,6,4,9,4900,0,2,4,,1,032,"RIVER ROAD","ODD FELLOWS PARK ROAD",1584.00,W,N,A,-,N,,,,,,,,,,Y,3,0,1,1,A,-,08,22107,,N,E,I,A,A,H,-,D,D,0,,,,,Y,,A,01,0,1,0,0,0,0,0,0,0,"- ","- ",38.507110595703125,-122.96484375,SONOMA,UNINCORPORATED,-122.96581268310547,38.508171081542969
91566707,2021,2021-09-09,9360,2021-08-28,1734,020266,,6,2,9,4900,0,2,4,,1,012,"DRY CREEK ROAD","CANYON ROAD",8976.00,E,N,A,-,N,,,,,,,,,,Y,4,0,1,2,A,-,05,21460,A,N,D,C,A,A,H,-,A,D,0,,,Y,,Y,,C,02,0,0,1,0,0,0,0,0,1,"- ","- ",38.681491851806641,-122.93959808349609,SONOMA,UNINCORPORATED,-122.93844604492188,38.679790496826172
91566730,2021,2021-09-09,9360,2021-08-29,0935,021326,,7,1,9,4900,0,1,2,,1,010,"US-101 NORTHBOUND","ASTI STORE ROAD",4200.00,S,N,A,-,Y,,,101,,,,,,N,Y,4,0,1,1,A,-,08,22107,,N,E,I,A,A,H,-,A,D,0,,,,,Y,,A,01,0,0,1,0,0,0,0,0,0,"- ","- ",38.750728607177734,-122.96623992919922,SONOMA,UNINCORPORATED,-122.96626281738281,38.750705718994141
91568654,2021,2021-09-13,9325,2021-09-02,1320,022538,,4,1,9,4900,0,1,3,,1,072,SR-121,"RAMAL RD",2640.00,N,N,A,-,Y,,,121,,,,,,,Y,4,0,1,2,A,-,16,24002,A,N,A,J,A,A,H,-,A,D,0,,,,,Y,,M,47,0,0,1,0,0,0,0,0,0,"- ","- ",38.251758575439453,-122.40675354003906,SONOMA,UNINCORPORATED,-122.40675354003906,38.251785278320312
91568659,2021,2021-09-13,9325,2021-09-02,1430,022538,,4,2,9,4900,0,1,3,,1,043,SR-116,"E BONNESS ROAD",1584.00,W,N,A,-,N,,,116,,,,,,,Y,3,0,2,2,A,-,03,22350,,N,C,C,A,A,H,-,A,D,0,,,,,Y,,A,01,0,1,1,0,0,0,0,0,0,"- ","- ",38.243270874023438,-122.46524810791016,SONOMA,UNINCORPORATED,-122.4652099609375,38.243289947509766
91568771,2021,2021-09-13,9360,2021-08-27,1607,021195,,5,2,9,4900,0,2,4,,1,038,"BODEGA HIGHWAY","BOHEMIAN HWY",4224.00,W,N,A,-,N,,,,,,,,,,Y,2,0,8,2,A,-,01,23153,A,N,A,C,A,A,H,-,A,D,0,,,,,Y,Y,A,01,4,4,0,0,0,0,0,0,0,"- ","- ",38.362339019775391,-122.91481781005859,SONOMA,UNINCORPORATED,-122.91477203369141,38.362503051757812
91568779,2021,2021-09-13,9360,2021-08-27,2305,021989,,5,3,9,4900,0,1,3,,1,041,"SR-12 E/B","PYTHIAN RD.",1103.00,E,N,A,-,Y,,,12,,,,,,E,N,4,0,1,2,A,-,03,22350,,N,C,C,A,A,H,-,D,D,0,,,,,Y,,A,01,0,0,1,0,0,0,0,0,0,"- ","- ",38.433841705322266,-122.57444763183594,SONOMA,UNINCORPORATED,-122.57444000244141,38.433864593505859
91569459,2021,2021-12-09,9360,2021-08-26,1740,019359,,4,2,9,4900,0,3,5,,2,004,"LICHAU RD","HYLAND WAY",93.00,W,N,A,-,N,,,,,,,,,,N,4,0,1,2,D,-,00,,,N,A,C,A,A,H,-,A,D,0,,,Y,,Y,,-,"- ",0,0,1,0,0,0,0,0,1,"- ","- ",38.342849731445312,-122.60620880126953,SONOMA,UNINCORPORATED,-122.60613250732422,38.342750549316406
91569483,2021,2021-09-14,9360,2021-08-31,1640,020285,,2,2,9,4900,0,3,5,,2,005,"STANDISH AVE","SUTTON PL",0.00,,Y,A,-,N,,,,,,,,,,Y,3,0,1,2,A,-,09,21802,A,N,D,C,A,A,H,-,A,D,0,,,,,Y,,D,22,0,1,0,0,0,0,0,0,0,"- ","- ",38.391059875488281,-122.72357940673828,SONOMA,UNINCORPORATED,-122.72322082519531,38.390884399414062
91569621,2021,2021-09-14,9360,2021-09-01,1520,016045,,3,2,9,4900,0,3,5,,2,004,"SANTA ROSA AVE","U.S.-101 N/B OFF TO SANTA ROSA AVE",0.00,,Y,A,-,N,,,,,,,,,,Y,3,0,4,3,A,-,01,23152,F,N,D,C,A,A,H,-,A,A,0,,,,,Y,,A,07,0,3,1,0,0,0,0,0,0,"- ","- ",38.372550964355469,-122.71353149414062,SONOMA,UNINCORPORATED,,
91569700,2021,2021-09-14,9360,2021-09-01,1535,019366,,3,2,9,4900,0,2,4,,1,032,"RIVER ROAD","HART LN",43.00,W,N,A,-,N,,,,,,,,,,N,3,0,1,2,A,-,09,21804,A,N,D,C,A,A,H,-,A,D,0,,,,,Y,,A,01,0,1,0,0,0,0,0,0,0,"- ","- ",38.496639251708984,-122.77419281005859,SONOMA,UNINCORPORATED,-122.77362060546875,38.496562957763672
91569805,2021,2021-09-14,9360,2021-09-01,1621,020266,,3,2,5,4908,0,1,2,,2,050,"PETALUMA BLVDN FROM US-101 SB","PETALUMA BLVDN",6.00,N,N,A,-,Y,,,,,,,,,,N,3,0,1,2,A,-,05,21650,,N,D,G,A,A,H,-,A,B,0,,Y,,,Y,,L,04,0,1,0,0,0,0,1,0,0,"- ","- ",38.2706298828125,-122.67044830322266,SONOMA,PETALUMA,,
91570167,2021,2021-09-14,9360,2021-09-03,1618,020266,,5,2,9,4900,0,3,5,,2,003,"LAUGHLIN RD","SLUSSER RD",50.00,E,N,A,-,N,,,,,,,,,,Y,3,0,1,1,A,-,01,23152,A,N,E,I,A,A,H,-,A,D,0,,,,,Y,Y,A,01,0,1,0,0,0,0,0,0,0,"- ","- ",38.499771118164062,-122.82559204101562,SONOMA,UNINCORPORATED,-122.82575988769531,38.500225067138672
91570669,2021,2021-09-15,9360,2021-09-04,1325,022333,,6,1,9,4900,0,2,4,,1,044,"OLD ADOBE RD","STAGE GULCH RD",345.00,N,N,A,-,N,,,,,,,,,,Y,4,0,1,2,A,-,09,21801,A,N,D,C,A,A,H,-,A,D,0,,,,,Y,,A,01,0,0,1,0,0,0,0,0,0,"- ","- ",38.236221313476562,-122.52696228027344,SONOMA,UNINCORPORATED,-122.52763366699219,38.236663818359375
91571769,2021,2021-09-16,9360,2021-09-07,0730,015434,,2,1,9,4900,0,3,5,,2,003,"HIGH SCHOOL RD","OCCIDENTAL RD",0.00,,Y,A,-,N,,,,,,,,,,Y,4,0,1,2,A,-,09,21802,A,N,D,C,A,A,H,-,A,D,0,,,,,Y,,A,07,0,0,1,0,0,0,0,0,0,"- ","- ",38.426300048828125,-122.83219146728516,SONOMA,UNINCORPORATED,-122.83204650878906,38.42645263671875
91571803,2021,2021-09-16,9350,2021-09-08,1408,022577,,3,2,9,4900,0,1,3,,2,137,"SR-37 EASTBOUND","NOBLE RD",5280.00,E,N,A,-,Y,,,37,,,,,,E,Y,3,0,1,2,A,-,03,22350,,N,C,C,A,A,H,-,A,D,0,,,,Y,Y,,F,26,0,1,0,0,0,0,0,0,0,"- ","- ",38.152950286865234,-122.44023895263672,SONOMA,UNINCORPORATED,-122.44025421142578,38.153083801269531
91573272,2021,2021-09-17,9325,2021-09-04,1109,021969,,6,1,9,4900,0,1,3,,1,053,SR-116,"WATMAUGH RD",1320.00,W,N,A,-,Y,,,116,,,,,,,Y,2,0,4,3,A,-,03,22350,,N,C,C,A,A,H,-,A,D,0,,,,,Y,,A,07,1,1,2,0,0,0,0,0,0,"- ","- ",38.250850677490234,-122.49369812011719,SONOMA,UNINCORPORATED,-122.49369812011719,38.250846862792969
91574034,2021,2021-09-20,9360,2021-07-21,1635,020266,,3,2,9,4900,0,2,4,,1,044,"ADOBE ROAD (OLD ADOBE ROAD)","STAGE GULCH ROAD (SR-116)",1320.00,W,N,A,-,N,,,,,,,,,,Y,1,1,3,3,A,-,03,22350,,N,C,C,A,A,H,-,A,D,0,,,,,Y,,D,22,2,1,0,0,0,0,0,0,0,"- ","- ",38.237720489501953,-122.52957916259766,SONOMA,UNINCORPORATED,-122.53043365478516,38.238170623779297
91575215,2021,2021-09-21,9360,2021-09-08,1010,016524,,3,1,9,4900,0,2,4,,1,012,"DRY CREEK RD","POZZAN RD",160.00,N,N,A,-,N,,,,,,,,,,Y,4,0,1,2,A,-,05,21460,A,N,D,D,A,A,H,-,A,D,0,,,,,Y,,D,22,0,0,1,0,0,0,0,0,0,"- ","- ",38.627498626708984,-122.88363647460938,SONOMA,UNINCORPORATED,-122.88356781005859,38.627532958984375
91576443,2021,2021-09-22,9360,2021-09-10,1050,016652,,5,1,9,4900,0,3,5,,2,001,"FREDSON ROAD","INDEPENDENCE UNDERPASS",439.00,S,N,B,-,N,,,,,,,,,,Y,2,0,1,1,A,-,08,22107,,N,E,I,A,A,H,-,A,D,0,,,,,Y,,A,01,1,0,0,0,0,0,0,0,0,"- ","- ",38.6756591796875,-122.88117980957031,SONOMA,UNINCORPORATED,-122.881591796875,38.678600311279297
91576599,2021,2021-09-22,9360,2021-09-10,2100,017761,,5,2,6,4905,0,2,4,,1,042,"PETALUMA HILL ROAD","TERRA BELLA VISTA",400.00,S,N,A,-,N,,,,,,,,,,Y,3,0,1,1,A,-,08,22107,,N,E,I,A,A,H,-,C,D,0,,,,,Y,,A,01,0,1,0,0,0,0,0,0,0,"- ","- ",38.371410369873047,-122.66697692871094,SONOMA,"SANTA ROSA",-122.66715240478516,38.371425628662109
91577125,2021,2021-09-22,9360,2021-09-12,1545,022333,,7,2,6,4905,0,1,2,,2,040,"US-101 S/B","TODD O/C",950.00,N,N,A,-,Y,,,,,,,,,,Y,2,0,1,1,A,-,08,22107,,N,F,0,A,A,H,-,A,D,0,,,,,Y,,A,07,1,0,0,0,0,0,0,0,0,"- ","- ",38.388931274414062,-122.71642303466797,SONOMA,"SANTA ROSA",-122.71628570556641,38.388198852539062
91577542,2021,2021-09-23,9360,2021-09-09,0650,016660,,4,1,9,4900,0,1,2,,1,060,"US 101 N/B","PETALUMA RIVER BRIDGE",528.00,S,N,A,-,Y,,,,,,,,,,Y,4,0,1,2,C,-,18,,,N,H,J,A,A,H,-,A,D,0,,,,,Y,,-,"- ",0,0,1,0,0,0,0,0,0,"- ","- ",38.227291107177734,-122.61472320556641,SONOMA,UNINCORPORATED,-122.66879272460938,38.271247863769531
91580009,2021,2021-09-27,9360,2021-09-14,1000,016660,,2,1,9,4900,0,2,4,,2,056,"STONY POINT RD","MADRONE AVE",36.00,S,N,A,-,N,,,,,,,,,,N,4,0,1,1,A,-,08,22107,,N,F,A,A,A,H,-,A,D,0,,,,Y,Y,,F,24,0,0,1,0,0,0,0,0,0,"- ","- ",38.329109191894531,-122.73792266845703,SONOMA,UNINCORPORATED,-122.73790740966797,38.329128265380859
91581478,2021,2021-09-28,9360,2021-09-11,2210,017761,,6,3,6,4905,0,2,4,,1,052,"STONY POINT ROAD","BUTLER AVE",0.00,,Y,A,-,N,,,,,,,,,,Y,4,0,1,2,A,-,09,21801,A,M,D,C,A,A,H,-,C,A,0,,,,,Y,Y,A,01,0,0,1,0,0,0,0,0,0,"- ","- ",38.39923095703125,-122.74137878417969,SONOMA,"SANTA ROSA",-122.74141693115234,38.399246215820312
91581502,2021,2021-09-28,9360,2021-09-14,1622,021195,,2,2,9,4900,0,3,5,,2,007,"VALLEY FORD RD","FALLON RD",0.00,,Y,A,-,N,,,,,,,,,,Y,3,0,5,3,A,-,09,21801,B,N,D,C,A,A,H,-,A,A,0,,,,,Y,,A,01,0,2,3,0,0,0,0,0,0,"- ","- ",38.268230438232422,-122.79586029052734,SONOMA,UNINCORPORATED,-122.79576873779297,38.268215179443359
91581520,2021,2021-09-28,9360,2021-09-18,1620,022333,,6,2,9,4900,0,3,5,,2,005,"MAGNOLIA DR","GOSSAGE AVE",84.00,W,N,B,-,N,,,,,,,,,,N,3,0,1,1,A,-,08,22107,,N,F,A,A,B,H,-,A,D,0,,,,,Y,,M,94,0,1,0,0,0,0,0,0,0,"- ","- ",38.246959686279297,-122.66058349609375,SONOMA,UNINCORPORATED,-122.66049194335938,38.246913909912109
91584205,2021,2021-09-30,9360,2021-09-22,1755,020285,,3,2,6,4905,0,1,2,,2,040,"SR-12 TO US-101 N/B","3RD ST",535.00,S,N,A,-,Y,,,,,,,,,,N,4,0,2,2,A,-,03,22350,,N,C,C,A,A,H,-,A,D,0,,,,,Y,,D,22,0,0,2,0,0,0,0,0,0,"- ","- ",38.435249328613281,-122.71703338623047,SONOMA,"SANTA ROSA",-122.46163177490234,38.292274475097656