CASE_ID,ACCIDENT_YEAR,PROC_DATE,JURIS,COLLISION_DATE,COLLISION_TIME,OFFICER_ID,REPORTING_DISTRICT,DAY_OF_WEEK,CHP_SHIFT,POPULATION,CNTY_CITY_LOC,SPECIAL_COND,BEAT_TYPE,CHP_BEAT_TYPE,CITY_DIVISION_LAPD,CHP_BEAT_CLASS,BEAT_NUMBER,PRIMARY_RD,SECONDARY_RD,DISTANCE,DIRECTION,INTERSECTION,WEATHER_1,WEATHER_2,STATE_HWY_IND,CALTRANS_COUNTY,CALTRANS_DISTRICT,STATE_ROUTE,ROUTE_SUFFIX,POSTMILE_PREFIX,POSTMILE,LOCATION_TYPE,RAMP_INTERSECTION,SIDE_OF_HWY,TOW_AWAY,COLLISION_SEVERITY,NUMBER_KILLED,NUMBER_INJURED,PARTY_COUNT,PRIMARY_COLL_FACTOR,PCF_CODE_OF_VIOL,PCF_VIOL_CATEGORY,PCF_VIOLATION,PCF_VIOL_SUBSECTION,HIT_AND_RUN,TYPE_OF_COLLISION,MVIW,PED_ACTION,ROAD_SURFACE,ROAD_COND_1,ROAD_COND_2,LIGHTING,CONTROL_DEVICE,CHP_ROAD_TYPE,PEDESTRIAN_ACCIDENT,BICYCLE_ACCIDENT,MOTORCYCLE_ACCIDENT,TRUCK_ACCIDENT,NOT_PRIVATE_PROPERTY,ALCOHOL_INVOLVED,STWD_VEHTYPE_AT_FAULT,CHP_VEHTYPE_AT_FAULT,COUNT_SEVERE_INJ,COUNT_VISIBLE_INJ,COUNT_COMPLAINT_PAIN,COUNT_PED_KILLED,COUNT_PED_INJURED,COUNT_BICYCLIST_KILLED,COUNT_BICYCLIST_INJURED,COUNT_MC_KILLED,COUNT_MC_INJURED,PRIMARY_RAMP,SECONDARY_RAMP,LATITUDE,LONGITUDE,COUNTY,CITY,POINT_X,POINT_Y
91585541,2021,2021-10-01,9325,2021-09-24,1615,022538,,5,2,9,4900,0,1,S,,2,241,SR-121,"SOUTH CENTRAL AVE",286.00,S,N,A,-,Y,,,,,,,,,,Y,3,0,1,1,A,-,03,22350,,N,E,I,A,A,H,-,A,D,0,,,,,Y,,A,01,0,1,0,0,0,0,0,0,0,"- ","- ",38.246288299560547,-122.48619842529297,SONOMA,UNINCORPORATED,-122.41702270507812,38.246559143066406
91585885,2021,2021-10-01,9360,2021-04-10,2327,020828,,6,3,9,4900,0,1,3,,1,063,"SR-1 (SHORELINE HIGHWAY)","VALLEY FORD ROAD",1056.00,N,N,A,-,Y,,,1,,,,,,,Y,2,0,3,3,A,-,01,23152,A,N,C,C,A,A,H,-,D,D,0,,,,,Y,Y,D,22,2,1,0,0,0,0,0,0,0,"- ","- ",38.317981719970703,-122.90000915527344,SONOMA,UNINCORPORATED,-122.89999389648438,38.318016052246094
91588319,2021,2021-10-05,9360,2021-09-24,0935,017693,,5,1,9,4900,0,3,5,,2,005,"LONE PINE ROAD","TWIG AVE",0.00,,Y,A,-,N,,,,,,,,,,N,3,0,2,2,A,-,21,22106,,N,D,C,A,A,H,-,A,D,0,,,,Y,Y,,G,27,0,1,1,0,0,0,0,0,0,"- ","- ",38.365188598632812,-122.78482818603516,SONOMA,UNINCORPORATED,-122.78479766845703,38.365200042724609
91588598,2021,2021-10-05,9360,2021-09-18,1500,022323,,6,2,9,4900,0,1,3,,1,013,SR-116,"MAYS CANYON ROAD",1056.00,W,N,B,C,N,,,116,,,,,,,Y,3,0,1,1,A,-,08,22107,,N,E,I,A,B,H,-,A,D,0,,,,,Y,,A,01,0,1,0,0,0,0,0,0,0,"- ","- ",38.489608764648438,-122.96090698242188,SONOMA,UNINCORPORATED,-122.96086120605469,38.489658355712891
91590449,2021,2021-10-07,9360,2021-09-27,0100,021989,,1,3,9,4900,0,3,5,,2,002,"RIVER RD.","TRIMBLE LN.",1796.00,N,N,A,-,N,,,,,,,,,,Y,2,0,2,1,A,-,01,23152,A,N,E,I,A,A,H,-,D,D,0,,,,,Y,Y,A,01,2,0,0,0,0,0,0,0,0,"- ","- ",38.804248809814453,-122.99073791503906,SONOMA,UNINCORPORATED,-122.99073028564453,38.804206848144531
91590535,2021,2021-10-07,9360,2021-09-27,1830,022257,,1,2,9,4900,0,2,4,,1,038,"BODEGA HIGHWAY","FURLONG RD",1300.00,W,N,A,-,N,,,,,,,,,,Y,4,0,1,2,A,-,03,22350,,N,A,C,A,B,H,-,B,D,0,,,,,Y,,D,22,0,0,1,0,0,0,0,0,0,"- ","- ",38.388679504394531,-122.88938903808594,SONOMA,UNINCORPORATED,-122.88932037353516,38.388725280761719
91592639,2021,2021-10-11,9360,2021-08-16,2500,015187,,1,4,9,4900,0,3,5,,2,002,"LOS AMIGOS RD.","LIMERICK LN.",528.00,S,N,A,-,N,,,,,,,,,,Y,1,1,0,1,A,-,08,22107,,N,E,I,A,A,H,-,D,D,0,,,,,Y,,D,22,0,0,0,0,0,0,0,0,0,"- ","- ",38.586238861083984,-122.84259796142578,SONOMA,UNINCORPORATED,-122.84253692626953,38.586250305175781
91592652,2021,2021-10-11,9360,2021-09-23,2100,021904,,4,2,5,4908,0,2,4,,1,043,"OLD REDWOOD HIGHWAY","ELY ROAD NORTH",0.00,,Y,A,-,N,,,,,,,,,,Y,2,0,2,2,A,-,09,21801,A,N,A,C,A,A,H,-,C,D,0,,,Y,,Y,Y,A,01,1,0,1,0,0,0,0,0,1,"- ","- ",38.283828735351562,-122.66751098632812,SONOMA,PETALUMA,-122.66751098632812,38.283847808837891
91592656,2021,2021-10-11,9360,2021-09-24,0430,022654,,5,3,6,4905,0,3,5,,2,005,"S MOORLAND AVE","TODD RD OVERPASS",105.00,S,N,A,-,N,,,,,,,,,,Y,4,0,1,1,A,-,08,22107,,N,E,I,A,A,H,-,D,D,0,,,,,Y,,A,01,0,0,1,0,0,0,0,0,0,"- ","- ",38.385898590087891,-122.71719360351562,SONOMA,"SANTA ROSA",-122.71776580810547,38.386810302734375
91592961,2021,2021-10-11,9360,2021-09-26,0220,017761,,7,3,5,4908,0,1,2,,1,060,"US-101 S/B","KASTANIA RD",2640.00,S,N,A,-,Y,,,,,,,,,,Y,3,0,1,1,A,-,01,23152,A,N,E,I,A,D,H,-,C,D,0,,,,,Y,Y,A,01,0,1,0,0,0,0,0,0,0,"- ","- ",38.214748382568359,-122.60275268554688,SONOMA,PETALUMA,-122.60400390625,38.217220306396484
91592998,2021,2021-10-11,9360,2021-09-18,1850,020803,,6,2,9,4900,0,2,4,,1,038,"BODEGA HWY","BARNETT VALLEY RD",1550.00,E,N,C,-,N,,,,,,,,,,Y,3,0,2,1,A,-,08,22107,,N,F,I,A,B,H,-,D,D,0,,,,,Y,,D,22,0,1,1,0,0,0,0,0,0,"- ","- ",38.381069183349609,-122.89537811279297,SONOMA,UNINCORPORATED,-122.89547729492188,38.381000518798828
91593820,2021,2021-10-12,9360,2021-09-22,2130,022654,,3,2,9,4900,0,2,4,,1,044,"ADOBE ROAD","OLD REDWOOD HIGHWAY",430.00,E,N,A,-,N,,,,,,,,,,Y,3,0,1,1,A,-,08,22107,,N,E,I,A,A,H,-,D,D,0,,,,,Y,,D,22,0,1,0,0,0,0,0,0,0,"- ","- ",38.299720764160156,-122.67207336425781,SONOMA,UNINCORPORATED,-122.67221069335938,38.299774169921875
91593867,2021,2021-10-12,9360,2021-10-02,2150,022371,,6,2,9,4900,0,2,4,,1,038,"BOHEMIAN HWY","FIR RD.",500.00,S,N,A,-,N,,,,,,,,,,N,3,0,1,1,C,-,18,,,N,D,H,A,A,H,-,D,D,0,,,Y,,Y,,-,"- ",0,1,0,0,0,0,0,0,1,"- ","- ",38.460319519042969,-123.01029205322266,SONOMA,UNINCORPORATED,-123.00984954833984,38.460975646972656
91596281,2021,2021-10-14,9360,2021-10-04,2045,020285,,1,2,9,4900,0,1,2,,2,030,"US-101 N/B","RIVER RD",2640.00,N,N,A,-,Y,,,101,,,,,,N,N,3,0,1,1,A,-,08,22107,,N,E,I,A,A,H,-,C,D,0,,,,,Y,,A,07,0,1,0,0,0,0,0,0,0,"- ","- ",38.502349853515625,-122.76412200927734,SONOMA,UNINCORPORATED,-122.76417541503906,38.502277374267578
91596737,2021,2021-10-14,9360,2021-10-06,1115,018881,,3,1,9,4900,0,3,5,,2,006,"STEWARTS POINT SKAGGS SPRINGS ROAD",SR-1,5280.00,E,N,A,-,N,,,,,,,,,,N,2,0,1,1,A,-,08,22107,,N,F,A,A,A,H,-,A,D,0,,Y,,,Y,,L,04,1,0,0,0,0,0,1,0,0,"- ","- ",38.655380249023438,-123.38664245605469,SONOMA,UNINCORPORATED,-123.38320922851562,38.653476715087891
91600164,2021,2021-10-19,9325,2021-10-08,2240,022560,,5,3,9,4900,0,1,3,,1,051,"24151 ARNOLD DR",SR-121,0.00,,Y,A,-,Y,,,,,,,,,,Y,3,0,1,2,A,-,01,23152,A,N,D,C,A,A,H,-,D,D,0,,,,,Y,Y,D,22,0,1,0,0,0,0,0,0,0,"- ","- ",38.220840454101562,-122.45585632324219,SONOMA,UNINCORPORATED,-122.46147918701172,38.236156463623047
91600402,2021,2021-10-19,9360,2021-10-10,0400,022146,,7,3,9,4900,0,1,3,,1,051,SR-12,"STONY POINT RD. OVERCROSSING",2746.00,W,N,A,-,Y,,,12,,,,,,,Y,4,0,1,1,A,-,08,22107,,N,E,8,A,A,H,-,C,D,0,,,,,Y,,A,07,0,0,1,0,0,0,0,0,0,"- ","- ",38.429599761962891,-122.75151062011719,SONOMA,UNINCORPORATED,-122.75149536132812,38.429431915283203
91600690,2021,2021-10-19,9360,2021-10-09,1553,022693,,6,2,9,4900,0,2,4,,1,024,"SAINT HELENA RD EASTBOUND","NEAL CREEK ROAD",150.00,W,N,A,-,N,,,,,,,,,,N,2,0,2,2,A,-,03,22350,,N,F,A,A,A,A,-,A,D,0,,,Y,,Y,,C,02,1,1,0,0,0,0,0,0,2,"- ","- ",38.516918182373047,-122.58297729492188,SONOMA,UNINCORPORATED,-122.61038970947266,38.519763946533203
91601225,2021,2021-10-20,9360,2021-10-12,1250,018881,,2,1,9,4900,0,1,3,,1,061,SR-1,"BURKE AVENUE",4224.00,N,N,A,-,Y,,,1,,,,,,,Y,3,0,2,1,A,-,08,22107,,N,F,A,A,A,H,-,A,D,0,,,Y,,Y,,C,02,0,1,1,0,0,0,0,0,2,"- ","- ",38.455158233642578,-123.13347625732422,SONOMA,UNINCORPORATED,-123.13349914550781,38.455219268798828
91601541,2021,2021-10-20,9360,2021-10-15,1545,022257,,5,2,6,4905,0,1,3,,1,051,"SR-12 E/B","DUTTON AVE",1200.00,E,N,A,-,Y,,,12,,,,,,E,Y,4,0,1,2,A,-,03,22350,,N,C,C,A,A,H,-,A,D,0,,,,,Y,,A,07,0,0,1,0,0,0,0,0,0,"- ","- ",38.433238983154297,-122.72173309326172,SONOMA,"SANTA ROSA",-122.72173309326172,38.4332275390625
91601590,2021,2021-10-20,9350,2021-10-12,1645,022556,,2,2,9,4900,0,1,3,,2,237,"SR-37 E/B","NOBLE RD",14.00,E,N,A,-,Y,,,37,,,,,,E,Y,4,0,1,2,A,-,03,22350,,N,C,C,A,A,H,-,A,D,0,,,,,Y,,A,01,0,0,1,0,0,0,0,0,0,"- ","- ",38.154899597167969,-122.42204284667969,SONOMA,UNINCORPORATED,-122.42203521728516,38.154850006103516
91602583,2021,2021-10-21,9360,2021-10-11,1435,019794,,1,2,6,4905,0,1,3,,1,051,"SR-12 E/B","BROOKWOOD AVE",175.00,E,N,A,-,Y,,,12,,,,,,E,Y,3,0,2,2,A,-,07,21658,A,N,B,2,A,A,H,-,A,D,0,,,,,Y,,A,01,0,2,0,0,0,0,0,0,0,"- ","- ",38.433788299560547,-122.69759368896484,SONOMA,"SANTA ROSA",-122.69758605957031,38.433769226074219
91602696,2021,2021-10-21,9360,2021-10-14,1030,013838,,4,1,6,4905,0,1,2,,2,040,"US-101 S/B","STEELE LN",1056.00,S,N,A,-,Y,,,,,,,,,,N,4,0,1,2,A,-,04,21703,,N,C,C,A,A,H,-,A,D,0,,,,,Y,,A,07,0,0,1,0,0,0,0,0,0,"- ","- ",,,SONOMA,"SANTA ROSA",-122.72613525390625,38.456974029541016
91606194,2021,2021-10-26,9360,2021-10-07,1155,019366,,4,1,9,4900,0,2,4,,1,032,"RIVER ROAD","ODD FELLOWS PARK ROAD",2112.00,W,N,A,-,N,,,,,,,,,,Y,1,1,5,2,A,-,08,22107,,N,A,C,A,A,H,-,A,D,0,,,,,Y,,D,22,0,5,0,0,0,0,0,0,0,"- ","- ",38.508449554443359,-122.96591949462891,SONOMA,UNINCORPORATED,-122.9661865234375,38.509590148925781
91606287,2021,2021-10-26,9360,2021-10-17,1740,020828,,7,2,5,4908,0,1,2,,2,050,"US-101 N/B","PETALUMA BOULEVARD NORTH",36.00,N,N,B,C,Y,,,101,,,,,,N,N,3,0,1,2,A,-,08,22107,,N,C,C,A,B,H,-,A,D,0,,,,,Y,,D,22,0,1,0,0,0,0,0,0,0,"- ","- ",38.272281646728516,-122.67002868652344,SONOMA,PETALUMA,-122.67005157470703,38.272247314453125
91606354,2021,2021-10-26,9360,2021-10-17,1940,022257,,7,2,9,4900,0,1,2,,2,040,"SONOMA MOUNTAIN ROAD","EMERY ROAD",2200.00,N,N,B,-,N,,,,,,,,,,Y,4,0,1,1,A,-,03,22350,,N,F,I,A,B,H,-,B,D,0,,,,,Y,,A,01,0,0,1,0,0,0,0,0,0,"- ","- ",38.365150451660156,-122.55097198486328,SONOMA,UNINCORPORATED,-122.53980255126953,38.369178771972656
91606732,2021,2021-10-26,9360,2021-10-19,1543,020266,,2,2,9,4900,0,1,2,,2,020,"US-101 SB","LYTTON SPRINGS ROAD",300.00,S,N,A,-,Y,,,101,,,,,,S,Y,4,0,1,2,A,-,03,22350,,N,C,C,A,A,H,-,A,D,0,,,,,Y,,A,01,0,0,1,0,0,0,0,0,0,"- ","- ",38.658660888671875,-122.87423706054688,SONOMA,UNINCORPORATED,-122.87419891357422,38.658679962158203
91611759,2021,2021-11-01,9360,2021-10-20,0023,018497,,3,3,9,4900,0,1,2,,2,030,"US-101 S/B","RIVER ROAD OVERCROSSING",1584.00,N,N,C,-,Y,,,101,,,,,,S,Y,2,0,2,1,A,-,08,22107,,N,E,8,A,B,H,-,C,D,0,,,,,Y,,A,01,1,1,0,0,0,0,0,0,0,"- ","- ",38.499050140380859,-122.76059722900391,SONOMA,UNINCORPORATED,-122.76055145263672,38.499114990234375
91612396,2021,2021-11-01,9360,2021-09-24,1530,020828,,5,2,6,4905,0,2,S,,2,901,"GURNEVILLE RD.","MARLOW RD.",200.00,E,N,A,-,N,,,,,,,,,,N,4,0,1,2,A,-,03,22350,,M,C,C,A,A,H,-,A,D,0,,,,,Y,,A,07,0,0,1,0,0,0,0,0,0,"- ","- ",38.452610015869141,-122.75138092041016,SONOMA,"SANTA ROSA",-122.75069427490234,38.452648162841797
91613137,2021,2021-11-02,9360,2021-10-22,1100,020731,,5,1,9,4900,0,1,3,,1,051,SR-12,"LLANO ROAD",200.00,W,N,B,-,Y,,,12,,,,,,,Y,4,0,1,2,A,-,03,22350,,N,C,C,A,B,H,-,A,A,0,,,,,Y,,A,01,0,0,1,0,0,0,0,0,0,"- ","- ",38.411251068115234,-122.79572296142578,SONOMA,UNINCORPORATED,-122.79572296142578,38.411251068115234
91613150,2021,2021-11-02,9360,2021-10-22,0935,019083,,5,1,9,4900,0,1,3,,1,013,SR-116,"MOSCOW RD",1000.00,E,N,B,-,Y,,,116,,,,,,,Y,4,0,1,2,A,-,09,21801,A,N,D,C,A,B,H,-,A,D,0,,,,,Y,,D,22,0,0,1,0,0,0,0,0,0,"- ","- ",38.456760406494141,-123.05217742919922,SONOMA,UNINCORPORATED,-123.05216979980469,38.456764221191406
91615822,2021,2021-11-04,9360,2021-10-19,0040,016669,,2,3,9,4900,0,1,2,,2,050,"US-101 NB","TODD RD O/C",915.00,S,N,A,-,Y,,,101,,,,,,N,Y,4,0,1,2,A,-,01,23152,A,N,C,C,A,A,H,-,C,D,0,,,,,Y,,A,01,0,0,1,0,0,0,0,0,0,"- ","- ",38.383998870849609,-122.71617889404297,SONOMA,UNINCORPORATED,-122.71607971191406,38.383998870849609
91615868,2021,2021-11-04,9360,2021-10-25,2020,020285,,1,2,9,4900,0,1,2,,2,030,"US-101 N/B","FULTON RD",1584.00,S,N,A,-,Y,,,101,,,,,,N,Y,2,0,2,4,A,-,01,23153,A,N,G,C,E,A,H,-,C,D,0,Y,,,,Y,Y,A,01,1,0,1,0,1,0,0,0,0,"- ","- ",38.503509521484375,-122.76557922363281,SONOMA,UNINCORPORATED,-122.76563262939453,38.503440856933594
91616282,2021,2021-11-04,9360,2021-10-27,1450,020285,,3,2,9,4900,0,2,4,,1,024,"CALISTOGA RD","HARVILLE RD",1056.00,N,N,A,-,N,,,,,,,,,,Y,3,0,2,2,A,-,05,21460,A,F,B,C,A,A,H,-,A,D,0,,,,,Y,,-,99,0,2,0,0,0,0,0,0,0,"- ","- ",38.492519378662109,-122.65601348876953,SONOMA,UNINCORPORATED,-122.65839385986328,38.491355895996094
91616466,2021,2021-11-04,9360,2021-10-27,1800,018790,,3,2,9,4900,0,3,5,,2,004,"BROWNS LANE","SOUTH ELY ROAD",0.00,,Y,A,-,N,,,,,,,,,,Y,3,0,2,2,A,-,09,21801,A,N,A,C,A,B,H,-,A,D,0,,,,,Y,Y,A,07,0,1,1,0,0,0,0,0,0,"- ","- ",38.22930908203125,-122.57042694091797,SONOMA,UNINCORPORATED,-122.57044982910156,38.229228973388672
91616566,2021,2021-11-04,9360,2021-10-28,0755,013838,,4,1,9,4900,0,1,3,,1,041,SR-12,"ADOBE CANYON ROAD",93.00,W,N,B,E,Y,,,,,,,,,,Y,2,0,3,3,A,-,03,22350,,N,C,C,A,B,H,-,A,D,0,,,,,Y,,A,01,1,2,0,0,0,0,0,0,0,"- ","- ",38.252799987792969,-122.33219909667969,SONOMA,UNINCORPORATED,-122.55641174316406,38.42449951171875
91617105,2021,2021-11-05,9350,2021-10-28,1110,016533,,4,1,9,4900,0,1,3,,2,137,"SR-37 W/B","LAKEVILLE HWY",600.00,E,N,A,-,Y,,,37,,,,,,W,Y,4,0,1,5,A,-,07,21658,A,N,B,C,A,A,H,-,A,A,0,,,,Y,Y,,D,22,0,0,1,0,0,0,0,0,0,"- ","- ",38.135189056396484,-122.47471618652344,SONOMA,UNINCORPORATED,-122.47472381591797,38.13519287109375
91620034,2021,2021-11-09,9360,2021-10-27,0050,022370,,3,3,2,4907,0,1,2,,2,030,"US-101 NB","SHILOH RD O/C",3168.00,S,N,B,-,Y,,,,,,,,,,Y,4,0,1,1,A,-,08,22107,,N,E,I,A,B,H,-,D,D,0,,,,,Y,,A,01,0,0,1,0,0,0,0,0,0,"- ","- ",38.51776123046875,-122.78249359130859,SONOMA,SONOMA,-122.78353881835938,38.518848419189453
91620038,2021,2021-11-09,9360,2021-10-27,2038,020266,,3,2,9,4900,0,3,5,,2,001,"MEMORY LANE","CANYON 1 ROAD",400.00,S,N,A,-,N,,,,,,,,,,Y,4,0,1,1,A,-,01,23152,A,N,E,I,A,A,E,-,D,D,0,,,,,Y,Y,A,01,0,0,1,0,0,0,0,0,0,"- ","- ",38.520320892333984,-122.97615814208984,SONOMA,UNINCORPORATED,-122.97623443603516,38.520240783691406
91620310,2021,2021-11-09,9325,2021-11-01,0500,021081,,1,3,2,4907,0,3,5,,2,006,SR-12,"CALLE DEL MONTE",50.00,E,N,B,-,Y,,,,,,,,,,N,4,0,1,1,A,-,08,22107,,N,E,8,A,A,H,-,C,D,0,,,,,Y,,A,01,0,0,1,0,0,0,0,0,0,"- ","- ",38.311939239501953,-122.48059844970703,SONOMA,SONOMA,-122.48055267333984,38.312023162841797
91621304,2021,2021-11-10,9360,2021-10-18,1705,021445,,1,2,9,4900,0,2,4,,1,022,"OLD REDWOOD HIGHWAY","MARK WEST SPRINGS",95.00,S,N,B,-,Y,,,,,,,,,,Y,4,0,1,2,A,-,08,22102,,N,D,C,A,A,H,-,A,A,0,,,,,Y,,A,01,0,0,1,0,0,0,0,0,0,"- ","- ",38.496791839599609,-122.74784851074219,SONOMA,UNINCORPORATED,-122.74787902832031,38.496910095214844
91621469,2021,2021-11-10,9360,2021-10-28,2250,022362,,4,3,9,4900,0,1,2,,1,060,"US-101 S/B","PETALUMA BLVD S O/C",3696.00,S,N,A,-,Y,,,101,,,,,,S,Y,2,0,2,4,A,-,01,23153,A,N,B,2,A,A,E,G,D,D,0,,,,,Y,Y,D,22,2,0,0,0,0,0,0,0,0,"- ","- ",38.211269378662109,-122.60117340087891,SONOMA,UNINCORPORATED,-122.60114288330078,38.211280822753906
91621730,2021,2021-11-10,9360,2021-10-30,1222,020731,,6,1,6,4905,0,1,2,,2,040,"US-101 S/B",SR-12,1000.00,S,N,B,-,Y,,,101,,,,,,S,Y,3,0,1,4,A,-,03,22350,,N,C,C,A,B,H,-,A,D,0,,,,Y,Y,,D,22,0,1,0,0,0,0,0,0,0,"- ","- ",38.42803955078125,-122.71527862548828,SONOMA,"SANTA ROSA",-122.7152099609375,38.428043365478516
91623252,2021,2021-11-12,9325,2021-11-03,1550,018954,,3,2,9,4900,0,1,3,,1,063,"SR-12 W/B","ARROYO DRIVE",124.00,W,N,A,-,N,,,12,,,,,,W,N,2,0,1,2,A,-,09,21801,A,N,D,G,A,A,H,-,A,D,0,,Y,,,Y,,A,07,1,0,0,0,0,0,1,0,0,"- ","- ",38.313251495361328,-122.48113250732422,SONOMA,UNINCORPORATED,-122.48118591308594,38.313217163085938
91623256,2021,2021-11-12,9325,2021-11-04,0825,015674,,4,1,9,4900,0,2,4,,1,064,"ARNOLD DR.","GROVE ST",230.00,N,N,B,-,N,,,,,,,,,,N,3,0,1,2,A,-,01,23152,A,N,C,C,A,A,H,-,A,A,0,,,,,Y,Y,A,01,0,1,0,0,0,0,0,0,0,"- ","- ",38.298580169677734,-122.49179077148438,SONOMA,UNINCORPORATED,-122.49174499511719,38.298496246337891
91624187,2021,2021-11-15,9360,2021-11-02,2245,018497,,2,3,9,4900,0,2,4,,1,046,"WARM SPRINGS ROAD","ZANE GREY WAY",170.00,E,N,A,-,N,,,,,,,,,,Y,3,0,1,1,A,-,08,22107,,N,E,I,A,A,H,-,D,D,0,,,,,Y,,A,07,0,1,0,0,0,0,0,0,0,"- ","- ",38.374370574951172,-122.54843139648438,SONOMA,UNINCORPORATED,-122.54846954345703,38.3743896484375
91625788,2021,2021-11-16,9360,2021-11-05,2035,020803,,5,2,9,4900,0,1,3,,1,063,"KING RIDGE ROAD","MIDDLE OPENING ROAD",6336.00,E,N,A,-,N,,,,,,,,,,Y,2,0,1,1,A,-,08,22107,,N,E,I,A,A,H,-,D,D,0,,,,,Y,,A,07,1,0,0,0,0,0,0,0,0,"- ","- ",38.594390869140625,-123.17333984375,SONOMA,UNINCORPORATED,,
91626110,2021,2021-11-16,9360,2021-11-06,1605,022333,,6,2,9,4900,0,2,4,,1,046,"LAKEVILLE ROAD","OLD LAKEVILLE ROAD #2",1056.00,S,N,A,-,N,,,,,,,,,,Y,4,0,1,2,A,-,09,21804,A,N,B,C,A,A,H,-,A,D,0,,,,,Y,,A,01,0,0,1,0,0,0,0,0,0,"- ","- ",38.188350677490234,-122.54141998291016,SONOMA,UNINCORPORATED,-122.5418701171875,38.189178466796875
91626309,2021,2021-11-16,9360,2021-11-07,0940,016669,,7,1,6,4905,0,1,3,,1,041,SR-12,"FREY RD",545.00,W,N,A,-,Y,,,,,,,,,,N,3,0,1,1,B,-,22,,,N,E,J,A,A,H,-,A,D,0,,Y,,,Y,,L,04,0,1,0,0,0,0,1,0,0,"- ","- ",38.432071685791016,-122.57037353515625,SONOMA,"SANTA ROSA",-122.56912994384766,38.431632995605469
91627574,2021,2021-11-17,9360,2021-11-08,2235,021567,,1,3,6,4905,0,1,2,,2,040,"US-101 NB","BAKER AVE O/C",1090.00,N,N,B,C,Y,,,101,,,,,,N,Y,2,0,1,3,A,-,03,22350,,N,E,C,A,B,H,-,C,D,0,,,,,Y,,A,01,1,0,0,0,0,0,0,0,0,"- ","- ",38.424179077148438,-122.71498107910156,SONOMA,"SANTA ROSA",-122.71492767333984,38.424179077148438
91628114,2021,2021-11-18,9350,2021-11-11,1710,022643,,4,2,9,4900,0,1,3,,2,237,"SR-37 E/B","NOBLE RD",250.00,W,N,C,-,Y,,,37,,,,,,E,Y,4,0,1,3,A,-,03,22350,,N,C,C,A,A,H,-,C,D,0,,,,,Y,,D,22,0,0,1,0,0,0,0,0,0,"- ","- ",38.154720306396484,-122.42314910888672,SONOMA,UNINCORPORATED,-122.42314910888672,38.154739379882812
91628210,2021,2021-11-18,9325,2021-11-10,1155,021605,,3,1,9,4900,0,3,5,,2,005,"SKAGGS ISLAND ROAD","RAMAL ROAD",140.00,S,N,A,-,N,,,,,,,,,,Y,3,0,1,1,A,-,08,22107,,N,E,I,A,A,H,-,A,D,0,,,,Y,Y,,F,76,0,1,0,0,0,0,0,0,0,"- ","- ",38.131401062011719,-122.22160339355469,SONOMA,UNINCORPORATED,-122.37391662597656,38.223159790039062
91628759,2021,2021-11-18,9360,2021-11-11,1547,020266,,4,2,9,4900,0,2,4,,1,034,"FULTON ROAD","RIVER ROAD",1182.00,N,N,A,-,N,,,,,,,,,,Y,4,0,1,4,A,-,03,22350,,N,C,C,A,A,H,-,A,D,0,,,,,Y,,D,22,0,0,1,0,0,0,0,0,0,"- ","- ",38.500118255615234,-122.77011108398438,SONOMA,UNINCORPORATED,-122.77001190185547,38.499774932861328
91630681,2021,2021-12-13,9360,2021-11-06,1950,022333,,6,2,9,4900,0,2,4,,1,054,"SKILLMAN LN","BODEGA AVE",0.00,,Y,A,-,N,,,,,,,,,,Y,4,0,2,2,A,-,09,21802,A,N,D,C,A,A,H,-,C,A,0,,,,,Y,,A,07,0,0,2,0,0,0,0,0,0,"- ","- ",38.254428863525391,-122.70330810546875,SONOMA,UNINCORPORATED,-122.70333099365234,38.254402160644531
91631608,2021,2021-11-22,9360,2021-11-07,1430,021893,,7,2,9,4900,0,1,3,,1,013,SR-116,"RIVERSIDE DRIVE",1056.00,W,N,A,-,Y,,,116,,,,,,,Y,4,0,1,1,A,-,08,22107,,N,E,I,A,A,H,-,A,D,0,,,,,Y,,A,01,0,0,1,0,0,0,0,0,0,"- ","- ",38.490390777587891,-123.01651763916016,SONOMA,UNINCORPORATED,-123.01654052734375,38.490390777587891
91632209,2021,2021-11-22,9325,2021-11-20,0240,021969,,6,3,9,4900,0,3,5,,2,005,"8TH ST  E","NAPA RD",100.00,N,N,A,-,N,,,,,,,,,,Y,3,0,1,1,A,-,08,22107,,N,F,I,A,B,H,-,C,D,0,,,,,Y,,A,01,0,1,0,0,0,0,0,0,0,"- ","- ",38.273029327392578,-122.43831634521484,SONOMA,UNINCORPORATED,-122.43842315673828,38.272953033447266
91632838,2021,2021-11-23,9325,2021-11-20,0340,021425,,6,3,9,4900,0,1,3,,1,053,"SR116 W/B TO ARNOLD DRIVE N/B",SR-116,200.00,N,N,E,-,Y,,,116,,,,R,,W,Y,2,0,3,1,A,-,01,23152,A,N,E,I,A,B,H,-,D,D,0,,,,,Y,Y,A,01,3,0,0,0,0,0,0,0,0,"- ","- ",38.254730224609375,-122.47891998291016,SONOMA,UNINCORPORATED,-122.47891998291016,38.254730224609375
91633948,2021,2021-11-24,9360,2021-11-17,1555,021445,,3,2,6,4905,0,1,3,,1,051,"SR-12 E/B","HEPWORTH ROAD",712.00,W,N,A,-,Y,,,12,,,,,,E,N,4,0,1,2,A,-,03,22350,,N,C,C,A,A,H,-,A,D,0,,,,,Y,,A,01,0,0,1,0,0,0,0,0,0,"- ","- ",38.406959533691406,-122.805908203125,SONOMA,"SANTA ROSA",-122.80594635009766,38.407058715820312