CASE_ID,ACCIDENT_YEAR,PROC_DATE,JURIS,COLLISION_DATE,COLLISION_TIME,OFFICER_ID,REPORTING_DISTRICT,DAY_OF_WEEK,CHP_SHIFT,POPULATION,CNTY_CITY_LOC,SPECIAL_COND,BEAT_TYPE,CHP_BEAT_TYPE,CITY_DIVISION_LAPD,CHP_BEAT_CLASS,BEAT_NUMBER,PRIMARY_RD,SECONDARY_RD,DISTANCE,DIRECTION,INTERSECTION,WEATHER_1,WEATHER_2,STATE_HWY_IND,CALTRANS_COUNTY,CALTRANS_DISTRICT,STATE_ROUTE,ROUTE_SUFFIX,POSTMILE_PREFIX,POSTMILE,LOCATION_TYPE,RAMP_INTERSECTION,SIDE_OF_HWY,TOW_AWAY,COLLISION_SEVERITY,NUMBER_KILLED,NUMBER_INJURED,PARTY_COUNT,PRIMARY_COLL_FACTOR,PCF_CODE_OF_VIOL,PCF_VIOL_CATEGORY,PCF_VIOLATION,PCF_VIOL_SUBSECTION,HIT_AND_RUN,TYPE_OF_COLLISION,MVIW,PED_ACTION,ROAD_SURFACE,ROAD_COND_1,ROAD_COND_2,LIGHTING,CONTROL_DEVICE,CHP_ROAD_TYPE,PEDESTRIAN_ACCIDENT,BICYCLE_ACCIDENT,MOTORCYCLE_ACCIDENT,TRUCK_ACCIDENT,NOT_PRIVATE_PROPERTY,ALCOHOL_INVOLVED,STWD_VEHTYPE_AT_FAULT,CHP_VEHTYPE_AT_FAULT,COUNT_SEVERE_INJ,COUNT_VISIBLE_INJ,COUNT_COMPLAINT_PAIN,COUNT_PED_KILLED,COUNT_PED_INJURED,COUNT_BICYCLIST_KILLED,COUNT_BICYCLIST_INJURED,COUNT_MC_KILLED,COUNT_MC_INJURED,PRIMARY_RAMP,SECONDARY_RAMP,LATITUDE,LONGITUDE,COUNTY,CITY,POINT_X,POINT_Y
91634409,2021,2021-11-24,9360,2021-11-12,1340,016660,,5,1,9,4900,0,1,3,,1,051,SR-12,"MORRIS ST",1954.00,E,N,A,-,N,,,12,,,,,,,Y,4,0,1,2,A,-,03,22350,,N,C,C,A,A,H,-,A,D,0,,,,,Y,,A,01,0,0,1,0,0,0,0,0,0,"- ","- ",38.404731750488281,-122.81257629394531,SONOMA,UNINCORPORATED,-122.81256866455078,38.404705047607422
91636588,2021,2021-11-29,9360,2021-11-12,1630,017761,,5,2,9,4900,0,2,4,,1,032,"RIVER ROAD","TRENTON-HEALDSBURG ROAD",0.00,,Y,A,-,N,,,,,,,,,,Y,2,0,1,3,A,-,09,21801,A,N,D,C,A,A,H,-,A,D,0,,,,,Y,,D,22,1,0,0,0,0,0,0,0,0,"- ","- ",38.488349914550781,-122.85507965087891,SONOMA,UNINCORPORATED,-122.85511016845703,38.488265991210938
91641252,2021,2021-12-02,9325,2021-11-27,1042,021969,,6,1,9,4900,0,1,3,,1,072,SR-121,"8TH ST  E",240.00,S,N,A,-,Y,,,121,,,,,,,Y,4,0,2,2,A,-,03,22350,,N,C,C,A,A,H,-,A,D,0,,,,,Y,,A,07,0,0,2,0,0,0,0,0,0,"- ","- ",38.245838165283203,-122.43985748291016,SONOMA,UNINCORPORATED,-122.43986511230469,38.245849609375
91641260,2021,2021-12-02,9325,2021-11-27,1045,021969,,6,1,9,4900,0,1,3,,1,072,SR-121,"8TH ST  E",800.00,S,N,A,-,Y,,,121,,,,,,,Y,3,0,5,7,A,-,03,22350,,N,C,C,A,A,H,-,A,D,0,,,,,Y,,D,22,0,1,4,0,0,0,0,0,0,"- ","- ",38.245639801025391,-122.44126129150391,SONOMA,UNINCORPORATED,-122.44126129150391,38.245639801025391
91644417,2021,2021-12-06,9360,2021-11-21,0848,017693,,7,1,9,4900,0,3,5,,2,005,"PLEASANT HILL ROAD","ELPHICK ROAD",268.00,W,N,B,-,N,,,,,,,,,,Y,4,0,1,1,A,-,08,22107,,N,E,J,A,A,H,-,A,D,0,,,,,Y,,A,01,0,0,1,0,0,0,0,0,0,"- ","- ",38.379150390625,-122.83329010009766,SONOMA,UNINCORPORATED,-122.83364868164062,38.379135131835938
91645699,2021,2021-12-07,9360,2021-11-27,0735,017693,,6,1,9,4900,0,3,5,,2,001,"EASTSIDE ROAD","WINDSOR RIVER ROAD",156.00,N,N,A,-,N,,,,,,,,,,Y,4,0,1,1,A,-,08,22107,,N,E,J,A,A,H,-,A,D,0,,,,,Y,,A,01,0,0,1,0,0,0,0,0,0,"- ","- ",38.547920227050781,-122.84623718261719,SONOMA,UNINCORPORATED,-122.84619903564453,38.547954559326172
91646085,2021,2021-12-08,9360,2021-11-26,1555,021893,,5,2,3,4980,0,1,2,,2,030,"US-101 N/B FROM SHILOH RD W/B","HEMBREE LN",615.00,W,N,A,-,Y,,,101,,,,R,,N,N,4,0,1,2,A,-,09,21804,A,N,H,G,A,A,H,-,A,D,0,,Y,,,Y,,L,04,0,0,1,0,0,0,1,0,0,"- ","- ",38.525928497314453,-122.78797149658203,SONOMA,WINDSOR,-122.78797149658203,38.525928497314453
91646475,2021,2021-12-08,9360,2021-11-29,2322,022370,,1,3,9,4900,0,3,5,,2,004,"OLD REDWOOD HWY","WEST RAILROAD AVE",17.00,N,N,E,-,N,,,,,,,,,,Y,3,0,1,1,A,-,01,23152,A,N,E,J,A,A,H,-,D,D,0,,,,,Y,Y,A,01,0,1,0,0,0,0,0,0,0,"- ","- ",38.314380645751953,-122.69451141357422,SONOMA,UNINCORPORATED,-122.70835113525391,38.303688049316406
91648063,2021,2021-12-09,9325,2021-12-01,0835,015674,,3,1,9,4900,0,1,3,,1,051,SR116,"MEDEIRA RD.",100.00,E,N,E,-,Y,,,116,,,,,,,Y,4,0,3,2,A,-,03,22350,,N,C,C,A,A,H,-,A,D,0,,,,,Y,,A,01,0,0,3,0,0,0,0,0,0,"- ","- ",38.251010894775391,-122.47564697265625,SONOMA,UNINCORPORATED,-122.47567749023438,38.250988006591797
91652641,2021,2021-12-23,9350,2021-12-12,1150,015765,,7,1,9,4900,0,1,3,,2,137,"SR-37 W/B","LAKEVILLE HWY",335.00,E,N,B,C,Y,,,37,,,,,,W,Y,4,0,1,2,A,-,07,21658,A,N,B,C,A,B,H,-,A,D,0,,,,,Y,,A,07,0,0,1,0,0,0,0,0,0,"- ","- ",38.134761810302734,-122.47547149658203,SONOMA,UNINCORPORATED,-122.4754638671875,38.134746551513672
91653861,2021,2021-12-16,9360,2021-11-28,0220,020201,,7,3,9,4900,0,3,5,,2,007,"BODEGA HWY","FREESTONE VALLEY FORD RD",1056.00,E,N,A,-,N,,,,,,,,,,N,3,0,1,1,A,-,08,22107,,N,E,I,A,A,H,-,D,D,0,,,,,Y,,A,01,0,1,0,0,0,0,0,0,0,"- ","- ",38.358928680419922,-122.91767120361328,SONOMA,UNINCORPORATED,-122.91767883300781,38.358814239501953
91653922,2021,2021-12-16,9360,2021-12-06,1850,016045,,1,2,4,4904,0,1,2,,2,050,"US 101 N/B","ROHNERT PARK EXP",2640.00,S,N,B,C,Y,,,,,,,,,,Y,3,0,1,1,A,-,08,22107,,N,E,I,A,B,H,-,C,D,0,,,,,Y,,D,22,0,1,0,0,0,0,0,0,0,"- ","- ",38.339580535888672,-122.71279907226562,SONOMA,"ROHNERT PARK",-122.71284484863281,38.34197998046875
91654006,2021,2021-12-16,9360,2021-12-06,1855,016045,,1,2,4,4904,0,1,2,,2,050,"US 101 N/B","ROHNERT PARK EXP O/C",2640.00,S,N,B,C,Y,,,,,,,,,,Y,3,0,2,2,A,-,03,22350,,N,D,2,A,B,H,-,C,D,0,,,,,Y,,A,01,0,1,1,0,0,0,0,0,0,"- ","- ",38.339580535888672,-122.71279907226562,SONOMA,"ROHNERT PARK",-122.71284484863281,38.34197998046875
91654187,2021,2021-12-16,9360,2021-12-01,1948,018828,,3,2,9,4900,0,3,5,,2,003,"VINEYARD CREEK DRIVE","WHISPERING CREEK DRIVE",22.00,W,N,A,-,N,,,,,,,,,,Y,3,0,2,4,A,-,03,22350,,N,A,E,A,B,H,-,C,D,0,,,Y,,Y,,A,01,0,2,0,0,0,0,0,0,0,"- ","- ",38.510860443115234,-122.77828216552734,SONOMA,UNINCORPORATED,-122.77830505371094,38.510810852050781
91654215,2021,2021-12-16,9360,2021-11-27,1735,021893,,6,2,9,4900,0,3,5,,2,003,"MIRABEL RD","NOLAN RD",0.00,,Y,B,-,N,,,,,,,,,,Y,4,0,1,2,A,-,09,21802,A,F,D,C,A,A,H,-,C,A,0,,,Y,,Y,,D,22,0,0,1,0,0,0,0,0,1,"- ","- ",38.478191375732422,-122.89488220214844,SONOMA,UNINCORPORATED,-122.89486694335938,38.478160858154297
91655003,2021,2022-03-09,9360,2021-12-03,0630,016660,,5,1,9,4900,0,1,2,,2,030,"US 101 N/B","RIVER RD O/C",265.00,S,N,B,-,Y,,,,,,,,,,Y,4,0,2,2,A,-,08,22107,,N,B,C,A,B,H,-,C,D,0,,,,,Y,,D,22,0,0,2,0,0,0,0,0,0,"- ","- ",38.495628356933594,-122.75527191162109,SONOMA,UNINCORPORATED,-122.75537872314453,38.495677947998047
91655319,2021,2021-12-17,9360,2021-12-06,1345,021893,,1,1,9,4900,0,3,5,,2,005,"LLANO RD","LUDWIG AVE",0.00,,Y,B,-,N,,,,,,,,,,Y,4,0,1,1,A,-,08,22107,,N,E,I,A,B,H,-,A,D,0,,,,,Y,,A,07,0,0,1,0,0,0,0,0,0,"- ","- ",38.397071838378906,-122.78270721435547,SONOMA,UNINCORPORATED,-122.78271484375,38.397140502929688
91655331,2021,2021-12-17,9360,2021-12-06,1730,022257,,1,2,6,4905,0,1,2,,2,040,"US-101 N/B","COLLEGE AVE",450.00,N,N,B,-,Y,,,101,,,,,,N,Y,3,0,1,5,A,-,03,22350,,N,C,C,A,B,H,-,B,D,0,,,,,Y,,A,01,0,1,0,0,0,0,0,0,0,"- ","- ",38.447078704833984,-122.72473907470703,SONOMA,"SANTA ROSA",-122.72471618652344,38.447093963623047
91656669,2021,2021-12-20,9360,2021-12-08,1005,015187,,3,1,9,4900,0,1,2,,2,030,"US-101 S/B FROM RIVER RD. W/B","101 SON 24.86",528.00,N,N,B,C,Y,,,101,,,,R,,S,Y,3,0,1,1,A,-,03,22350,,N,E,I,A,B,H,-,A,D,0,,,,,Y,,A,07,0,1,0,0,0,0,0,0,0,"- ","- ",38.496768951416016,-122.75746154785156,SONOMA,UNINCORPORATED,-122.75746154785156,38.496768951416016
91657390,2021,2021-12-21,9360,2021-12-09,0800,020731,,4,1,9,4900,0,1,2,,2,030,"US-101 N/B","RIVER ROAD",800.00,S,N,A,-,Y,,,101,,,,,,N,Y,3,0,2,2,A,-,03,22350,,N,C,C,A,A,H,-,A,D,0,,,,,Y,,A,07,0,1,1,0,0,0,0,0,0,"- ","- ",38.493190765380859,-122.75182342529297,SONOMA,UNINCORPORATED,-122.75183868408203,38.493167877197266
91657412,2021,2021-12-21,9360,2021-12-09,1455,018828,,4,2,9,4900,0,2,4,,1,024,"MARK WEST SPRINGS ROAD",US-101,50.00,E,N,A,-,Y,,,,,,,,,,Y,4,0,1,3,A,-,03,22350,,N,C,C,A,A,H,-,A,D,0,,,,,Y,,A,01,0,0,1,0,0,0,0,0,0,"- ","- ",38.496200561523438,-122.75569915771484,SONOMA,UNINCORPORATED,-122.75588226318359,38.496170043945312
91658690,2021,2021-12-22,9350,2021-11-16,1812,022300,,2,2,9,4900,0,1,3,,2,137,"SR-37 E/B","LAKEVILLE HWY",5280.00,E,N,A,-,Y,,,37,,,,,,E,N,3,0,1,2,A,-,01,23152,F,N,C,C,A,A,H,-,D,D,0,,,,,Y,Y,A,07,0,1,0,0,0,0,0,0,0,"- ","- ",38.142929077148438,-122.46157073974609,SONOMA,UNINCORPORATED,-122.4615478515625,38.142898559570312
91658947,2021,2021-12-22,9360,2021-12-12,0030,021904,,7,3,9,4900,0,2,4,,1,052,"STONY POINT ROAD","TODD ROAD",1190.00,N,N,C,-,N,,,,,,,,,,N,3,0,1,2,A,-,01,23152,A,N,C,C,A,B,H,-,C,D,0,,,,,Y,Y,A,01,0,1,0,0,0,0,0,0,0,"- ","- ",38.387130737304688,-122.74153900146484,SONOMA,UNINCORPORATED,-122.74152374267578,38.390407562255859
91659833,2021,2021-12-23,9360,2021-12-12,0940,020905,,7,1,9,4900,0,2,4,,1,046,"BENNETT VALLEY ROAD","OLD BENNETT RIDGE ROAD",1000.00,E,N,B,-,N,,,,,,,,,,Y,4,0,1,1,A,-,08,22107,,N,E,I,A,B,H,-,A,D,0,,,,,Y,,A,01,0,0,1,0,0,0,0,0,0,"- ","- ",38.387790679931641,-122.59101867675781,SONOMA,UNINCORPORATED,-122.59136962890625,38.387805938720703
91659851,2021,2021-12-23,9360,2021-12-09,0755,016660,,4,1,9,4900,0,1,2,,2,030,"US 101 N/B","AIRPORT BLVD",4963.00,S,N,A,-,Y,,,,,,,,,,Y,3,0,1,2,A,-,03,22350,,N,C,C,A,A,H,-,A,D,0,,,,,Y,,D,22,0,1,0,0,0,0,0,0,0,"- ","- ",38.522171020507812,-122.78691864013672,SONOMA,UNINCORPORATED,-122.76363372802734,38.501857757568359
91665003,2021,2021-12-29,9360,2021-12-16,0835,016660,,4,1,9,4900,0,1,2,,2,050,"US 101 S/B","PETALUMA BLVD N. O/C",2112.00,N,N,B,-,Y,,,,,,,,,,Y,4,0,1,4,A,-,03,22350,,N,C,C,A,B,H,-,A,D,0,,,,,Y,,A,07,0,0,1,0,0,0,0,0,0,"- ","- ",38.276081085205078,-122.67543029785156,SONOMA,UNINCORPORATED,-122.67015838623047,38.272090911865234
91665083,2021,2021-12-29,9360,2021-12-17,1230,020905,,5,1,6,4905,0,2,4,,1,043,"US-101 NB","BAKER AVENUE",1320.00,S,N,A,-,Y,,,101,,,,,,N,Y,4,0,1,2,A,-,03,22350,,N,C,C,A,A,H,-,A,D,0,,,,,Y,,A,08,0,0,1,0,0,0,0,0,0,"- ","- ",38.418449401855469,-122.71578216552734,SONOMA,"SANTA ROSA",-122.71582794189453,38.418453216552734
91666144,2021,2021-12-30,9360,2021-12-17,1530,018828,,5,2,9,4900,0,3,5,,2,005,"PEPPER ROAD","MECHAM ROAD",0.00,,Y,A,-,N,,,,,,,,,,Y,3,0,2,2,A,-,09,21802,A,N,D,C,A,B,H,-,A,D,0,,,,,Y,,A,07,0,2,0,0,0,0,0,0,0,"- ","- ",38.285469055175781,-122.74723815917969,SONOMA,UNINCORPORATED,-122.74729919433594,38.285449981689453
91668381,2021,2022-01-03,9360,2021-12-16,0248,021989,,4,3,9,4900,0,1,2,,1,060,"US-101 N/B","KASTANIA ROAD O/C",500.00,S,N,C,-,Y,,,101,,,,,,N,N,3,0,1,1,A,-,01,23152,A,N,E,I,A,B,H,-,D,D,0,,,,,Y,Y,A,07,0,1,0,0,0,0,0,0,0,"- ","- ",38.220260620117188,-122.60665893554688,SONOMA,UNINCORPORATED,-122.60663604736328,38.220298767089844
91668407,2021,2022-01-03,9360,2021-12-21,1450,016045,,2,2,9,4900,0,1,2,,2,040,"US 101 N/B","HEARN AVE O/C",2640.00,S,N,C,-,Y,,,,,,,,,,Y,3,0,1,1,A,-,08,22107,,N,E,I,A,B,H,-,A,D,0,,,,,Y,,A,01,0,1,0,0,0,0,0,0,0,"- ","- ",38.405071258544922,-122.71614074707031,SONOMA,UNINCORPORATED,-122.71598052978516,38.407367706298828
91670145,2021,2022-01-04,9360,2021-12-21,2040,019359,,2,2,9,4900,0,1,2,,2,020,"US-101 S/B","ARATA LANE",3550.00,N,N,C,-,Y,,,101,,,,,,S,Y,3,0,2,2,A,-,03,22350,,N,B,2,A,B,H,-,C,D,0,,,,,Y,,A,07,0,1,1,0,0,0,0,0,0,"- ","- ",38.569808959960938,-122.83078002929688,SONOMA,UNINCORPORATED,-122.83076477050781,38.569820404052734
91670960,2021,2022-01-05,9360,2021-12-23,1325,020285,,4,1,6,4905,0,1,2,,2,040,"US-101 N/B","STEELE LN",3696.00,S,N,C,-,Y,,,101,,,,,,N,Y,4,0,1,2,A,-,03,22350,,N,D,C,A,B,H,-,A,D,0,,,,,Y,,E,22,0,0,1,0,0,0,0,0,0,"- ","- ",38.449741363525391,-122.72598266601562,SONOMA,"SANTA ROSA",-122.72590637207031,38.449756622314453
91671035,2021,2022-01-05,9360,2021-12-23,1715,019359,,4,2,9,4900,0,1,2,,1,010,"US-101 S/B","ASTI STORE RD",1584.00,S,N,B,-,Y,,,101,,,,,,S,Y,4,0,1,1,A,-,08,22107,,N,E,I,A,B,H,-,B,D,0,,,,,Y,,A,01,0,0,1,0,0,0,0,0,0,"- ","- ",38.756088256835938,-122.97200775146484,SONOMA,UNINCORPORATED,-122.97197723388672,38.756126403808594
91672835,2021,2022-01-06,9360,2021-12-29,1015,020731,,3,1,9,4900,0,2,4,,1,032,"RIVER RD","TRENTON HEALDSBURG RD",300.00,W,N,B,-,N,,,,,,,,,,Y,3,0,2,2,A,-,03,22350,,N,A,C,A,B,H,-,A,D,0,,,,,Y,,D,22,0,1,1,0,0,0,0,0,0,"- ","- ",38.488918304443359,-122.85707092285156,SONOMA,UNINCORPORATED,-122.85604858398438,38.488639831542969
91673635,2021,2022-01-07,9360,2021-12-30,1740,018828,,4,2,6,4905,0,1,2,,2,040,"US-101 N/B","HEARN AVE",1584.00,N,N,A,-,Y,,,101,,,,,,N,Y,4,0,1,2,A,-,08,22107,,N,C,C,A,A,H,-,D,D,0,,,,,Y,Y,A,07,0,0,1,0,0,0,0,0,0,"- ","- ",38.418418884277344,-122.71568298339844,SONOMA,"SANTA ROSA",-122.71582794189453,38.418434143066406
91674357,2021,2022-01-10,9360,2021-12-30,2155,021904,,4,2,9,4900,0,2,4,,1,052,"STONY POINT RD","TODD RD",1650.00,S,N,A,-,N,,,,,,,,,,Y,2,0,1,2,A,-,21,22106,,N,H,C,A,A,H,-,D,D,0,,,,,Y,Y,D,22,1,0,0,0,0,0,0,0,0,"- ","- ",38.382949829101562,-122.74153137207031,SONOMA,UNINCORPORATED,-122.74160766601562,38.382606506347656
91677659,2021,2022-01-13,9360,2021-12-31,0305,021904,,5,3,6,4905,0,1,3,,1,051,"SR-12 E/B","OLIVE ST",660.00,W,N,A,-,Y,,,,,,,,,,Y,3,0,1,1,A,-,01,23152,A,N,E,I,A,A,H,-,C,D,0,,,,,Y,Y,A,01,0,1,0,0,0,0,0,0,0,"- ","- ",38.432960510253906,-122.7156982421875,SONOMA,"SANTA ROSA",-122.72111511230469,38.433139801025391
9192790,2021,2021-06-02,4906,2021-03-24,1906,476,4906,3,5,2,4906,0,0,0,,0,,"RT 116","ELLIS CT",32.00,E,N,A,-,Y,SON,4,116,-,-,26.300,H,-,E,Y,3,0,1,3,A,-,09,21804,A,N,D,C,A,A,H,-,B,A,0,,,,,Y,,A,01,0,1,0,0,0,0,0,0,0,"- ","- ",38.405109405517578,-122.82988739013672,SONOMA,SEBASTOPOL,-122.82923889160156,38.405258178710938
9208871,2021,2021-03-30,4904,2021-01-08,2210,1040567,,5,5,4,4904,0,0,0,,0,003,"SOUTHWEST BL","SEED FARM DR",155.00,E,N,A,-,N,,,,,,,,,,Y,2,0,1,1,A,-,01,23152,A,N,E,I,A,A,H,-,C,D,0,,,,,Y,Y,A,01,1,0,0,0,0,0,0,0,0,"- ","- ",38.341068267822266,-122.69780731201172,SONOMA,"ROHNERT PARK",-122.69739532470703,38.341209411621094
9219061,2021,2021-03-18,4908,2021-01-23,0711,3451,14,6,5,5,4908,0,0,0,,0,001,"FRATES RD","LAKEVILLE CT",0.00,,Y,E,-,N,,,,,,,,,,N,4,0,1,2,A,-,09,21801,A,N,D,C,A,B,H,-,A,A,0,,,,,Y,,D,23,0,0,1,0,0,0,0,0,0,"- ","- ",38.238239288330078,-122.59033966064453,SONOMA,PETALUMA,-122.59395599365234,38.234645843505859
9219361,2021,2021-03-18,4904,2021-01-06,1058,1040368,,3,5,4,4904,0,0,0,,0,,"GOLF COURSE DR","DOUBLE TREE DR",0.00,,Y,C,-,N,,,,,,,,,,N,4,0,1,2,A,-,12,21453,A,N,D,C,A,B,H,-,A,A,0,,,,,Y,,A,01,0,0,1,0,0,0,0,0,0,"- ","- ",38.362991333007812,-122.70892333984375,SONOMA,"ROHNERT PARK",-122.70875549316406,38.363014221191406
9221432,2021,2021-02-12,4908,2021-01-20,1423,3571,7,3,5,5,4908,0,0,0,,0,004,"CORONA RD","INDUSTRIAL AV",0.00,,Y,A,-,N,,,,,,,,,,Y,4,0,1,2,A,-,09,21802,A,N,D,C,A,A,H,-,A,D,0,,,,,Y,,A,07,0,0,1,0,0,0,0,0,0,"- ","- ",38.262149810791016,-122.66033935546875,SONOMA,PETALUMA,-122.66033172607422,38.262157440185547
9222436,2021,2021-03-02,4900,2021-01-31,1500,17114,,7,5,3,4980,0,0,0,,0,,"OLD REDWOOD HWY",SHILOH,0.00,,Y,A,-,N,,,,,,,,,,Y,4,0,1,2,A,-,03,22350,,N,C,C,A,A,-,-,A,A,0,,,,,Y,,A,07,0,0,1,0,0,0,0,0,0,"- ","- ",,,SONOMA,WINDSOR,-122.77931976318359,38.525741577148438
9226283,2021,2021-03-22,4907,2021-02-04,0904,1102267,,4,5,2,4907,0,0,0,,0,SO1,"WEST SPAIN ST","4TH ST WEST",0.00,,Y,A,-,N,,,,,,,,,,N,3,0,1,2,A,-,10,21950,A,N,G,B,B,A,H,-,A,A,0,Y,,,,Y,,A,01,0,1,0,0,1,0,0,0,0,"- ","- ",38.294490814208984,-122.46544647216797,SONOMA,SONOMA,-122.46546173095703,38.294486999511719
9231747,2021,2021-04-20,4905,2021-02-09,0907,1060337,,2,5,6,4905,0,0,0,,0,009,"WEST 3RD ST","WILSON ST",390.00,W,N,B,-,N,,,,,,,,,,Y,3,0,1,2,A,-,08,22100,5,N,D,C,A,A,H,-,A,A,0,,,,,Y,,J,48,0,1,0,0,0,0,0,0,0,"- ","- ",38.436031341552734,-122.72135925292969,SONOMA,"SANTA ROSA",-122.72129821777344,38.436077117919922
9233228,2021,2021-03-22,4908,2021-02-02,1545,3572,7,2,5,5,4908,0,0,0,,0,004,"OLD REDWOOD HWY","OLD REDOOD HWY N",52.00,S,N,A,-,N,,,,,,,,,,N,4,0,1,2,A,-,12,21453,A,N,D,C,A,A,H,-,A,A,0,,,,,Y,,A,01,0,0,1,0,0,0,0,0,0,"- ",NF,38.273590087890625,-122.66972351074219,SONOMA,PETALUMA,-122.66956329345703,38.274051666259766
9240379,2021,2021-04-08,4904,2021-03-15,0800,1040465,CENTR,1,5,4,4904,0,0,0,,0,001,"SNYDER LN","SAN FRANCISCO WY",0.00,,Y,A,-,N,,,,,,,,,,Y,4,0,1,2,A,-,09,21801,A,N,D,C,A,A,H,-,A,D,0,,,,,Y,,D,22,0,0,1,0,0,0,0,0,0,"- ","- ",38.348018646240234,-122.68538665771484,SONOMA,"ROHNERT PARK",-122.68553161621094,38.348342895507812
9240425,2021,2021-04-20,4905,2021-01-30,1428,1060541,,6,5,6,4905,0,0,0,,0,007,"BAKER AV","BAKER OC",0.00,,Y,B,-,Y,SON,4,101,-,-,18.927,R,4,S,N,2,0,1,1,A,-,03,22350,,N,H,J,A,A,H,-,A,A,0,,,Y,,Y,,C,03,1,0,0,0,0,0,0,0,1,"- ","- ",38.420768737792969,-122.71733856201172,SONOMA,"SANTA ROSA",-122.71567535400391,38.420825958251953
9240429,2021,2021-04-26,4905,2021-01-04,0619,1060337,,1,5,6,4905,0,0,0,,0,001,"HOPPER AV","RT 101",30.00,W,N,C,-,Y,SON,4,101,-,-,23.370,R,4,S,N,2,0,1,2,A,-,11,21456,C,N,G,B,B,B,H,-,C,A,0,Y,,,,Y,,N,60,1,0,0,0,1,0,0,0,0,"- ",SF,38.480400085449219,-122.73592376708984,SONOMA,"SANTA ROSA",-122.73567962646484,38.481449127197266
9241111,2021,2021-03-30,4907,2021-02-27,0033,1102768,,6,5,2,4907,0,0,0,,0,SO1,"WEST SPAIN ST","2ND ST WEST",63.00,E,N,A,-,N,,,,,,,,,,Y,3,0,1,2,A,-,01,23152,A,M,B,E,A,A,H,-,C,D,0,,,,,Y,Y,A,01,0,1,0,0,0,0,0,0,0,"- ","- ",38.293689727783203,-122.46076965332031,SONOMA,SONOMA,-122.46068572998047,38.294013977050781
9243033,2021,2021-05-04,4902,2021-04-02,1606,105345,,5,5,2,4902,0,0,0,,0,,"OLD REDWOOD HWY","PAGE ST",0.00,,Y,A,-,N,,,,,,,,,,Y,4,0,2,2,A,-,03,22350,,N,C,C,A,A,H,-,A,A,0,,,,,Y,,A,01,0,0,2,0,0,0,0,0,0,"- ","- ",,,SONOMA,COTATI,-122.70424652099609,38.324230194091797
9243373,2021,2021-04-14,4908,2021-03-29,2027,3550,13,1,5,5,4908,0,0,0,,0,001,"SOUTH MCDOWELL BL","EAST WASHINGTON ST",0.00,,Y,A,-,N,,,,,,,,,,N,4,0,1,2,A,-,03,22350,,N,C,C,A,A,H,-,C,A,0,,,,,Y,,A,01,0,0,1,0,0,0,0,0,0,"- ","- ",38.249179840087891,-122.62574005126953,SONOMA,PETALUMA,-122.62583923339844,38.249191284179688
9245950,2021,2021-04-14,4905,2021-02-04,0932,413,,4,5,6,4905,0,0,0,,0,007,HEARN,"OLD STONY POINT RD",40.00,W,N,A,-,N,,,,,,,,,,Y,4,0,1,1,A,-,08,22107,,N,E,I,A,A,H,-,A,D,0,,,,,Y,,-,,0,0,1,0,0,0,0,0,0,"- ","- ",,,SONOMA,"SANTA ROSA",-122.73958587646484,38.412239074707031
9246228,2021,2021-04-19,4905,2021-01-13,1735,1060572,,3,5,6,4905,0,0,0,,0,10603,"GUERNEVILLE RD","MARLOW RD",500.00,W,N,A,-,N,,,,,,,,,,N,4,0,1,2,A,-,08,22107,,M,B,C,A,A,H,-,B,A,0,,,,,Y,,-,,0,0,1,0,0,0,0,0,0,"- ","- ",38.451610565185547,-122.76930236816406,SONOMA,"SANTA ROSA",-122.75313568115234,38.452648162841797
9246230,2021,2021-04-10,4905,2021-01-29,1350,1060541,,5,5,6,4905,0,0,0,,0,009,"SOUTH E ST","MPALE AV",60.00,S,N,A,-,N,,,,,,,,,,Y,4,0,3,3,A,-,01,23152,A,N,C,C,A,A,H,-,A,A,0,,,,,Y,Y,A,01,0,0,3,0,0,0,0,0,0,"- ","- ",38.432769775390625,-122.70442962646484,SONOMA,"SANTA ROSA",-122.70438385009766,38.432937622070312
9246232,2021,2021-04-10,4905,2021-01-31,1755,1060574,,7,5,6,4905,0,0,0,,0,007,"BEACHWOOD DR","MYRTEWOOD DR",0.00,,Y,A,-,N,,,,,,,,,,N,2,0,1,2,A,-,01,23152,A,N,D,E,A,A,H,-,B,D,0,,,Y,,Y,Y,C,02,1,0,0,0,0,0,0,0,1,"- ","- ",38.42279052734375,-122.72062683105469,SONOMA,"SANTA ROSA",-122.72062683105469,38.422763824462891
9246235,2021,2021-04-09,4905,2021-01-13,1734,1060572,,3,5,6,4905,0,0,0,,0,10603,"FULTON RD","GORDON CREEK DR",100.00,N,N,A,-,N,,,,,,,,,,N,4,0,1,2,A,-,08,22107,,M,B,C,A,A,H,-,B,A,0,,,,,Y,,-,,0,0,1,0,0,0,0,0,0,"- ","- ",38.451610565185547,-122.76930236816406,SONOMA,"SANTA ROSA",-122.76963806152344,38.449604034423828