CASE_ID,ACCIDENT_YEAR,PROC_DATE,JURIS,COLLISION_DATE,COLLISION_TIME,OFFICER_ID,REPORTING_DISTRICT,DAY_OF_WEEK,CHP_SHIFT,POPULATION,CNTY_CITY_LOC,SPECIAL_COND,BEAT_TYPE,CHP_BEAT_TYPE,CITY_DIVISION_LAPD,CHP_BEAT_CLASS,BEAT_NUMBER,PRIMARY_RD,SECONDARY_RD,DISTANCE,DIRECTION,INTERSECTION,WEATHER_1,WEATHER_2,STATE_HWY_IND,CALTRANS_COUNTY,CALTRANS_DISTRICT,STATE_ROUTE,ROUTE_SUFFIX,POSTMILE_PREFIX,POSTMILE,LOCATION_TYPE,RAMP_INTERSECTION,SIDE_OF_HWY,TOW_AWAY,COLLISION_SEVERITY,NUMBER_KILLED,NUMBER_INJURED,PARTY_COUNT,PRIMARY_COLL_FACTOR,PCF_CODE_OF_VIOL,PCF_VIOL_CATEGORY,PCF_VIOLATION,PCF_VIOL_SUBSECTION,HIT_AND_RUN,TYPE_OF_COLLISION,MVIW,PED_ACTION,ROAD_SURFACE,ROAD_COND_1,ROAD_COND_2,LIGHTING,CONTROL_DEVICE,CHP_ROAD_TYPE,PEDESTRIAN_ACCIDENT,BICYCLE_ACCIDENT,MOTORCYCLE_ACCIDENT,TRUCK_ACCIDENT,NOT_PRIVATE_PROPERTY,ALCOHOL_INVOLVED,STWD_VEHTYPE_AT_FAULT,CHP_VEHTYPE_AT_FAULT,COUNT_SEVERE_INJ,COUNT_VISIBLE_INJ,COUNT_COMPLAINT_PAIN,COUNT_PED_KILLED,COUNT_PED_INJURED,COUNT_BICYCLIST_KILLED,COUNT_BICYCLIST_INJURED,COUNT_MC_KILLED,COUNT_MC_INJURED,PRIMARY_RAMP,SECONDARY_RAMP,LATITUDE,LONGITUDE,COUNTY,CITY,POINT_X,POINT_Y
9246835,2021,2021-04-16,4905,2021-03-11,1455,1060572,,4,5,6,4905,0,0,0,,0,001,"STEELE LN","BERKELEY DR",75.00,W,N,A,-,N,,,,,,,,,,N,4,0,1,2,A,-,05,21202,A,N,D,J,A,A,H,-,A,D,0,,Y,,,Y,,L,04,0,0,1,0,0,0,1,0,0,"- ","- ",38.474880218505859,-122.73290252685547,SONOMA,"SANTA ROSA",-122.72164916992188,38.460273742675781
9246847,2021,2021-04-16,4905,2021-03-13,1024,1068920,,6,5,6,4905,0,0,0,,0,005,"MARLOW RD","WEST COLLEGE AV",0.00,,Y,A,-,N,,,,,,,,,,Y,3,0,1,2,A,-,09,21800,D,N,D,C,A,A,H,-,A,B,0,,,,,Y,,D,22,0,1,0,0,0,0,0,0,0,"- ","- ",38.445228576660156,-122.75128936767578,SONOMA,"SANTA ROSA",-122.75130462646484,38.445236206054688
9246859,2021,2021-04-16,4905,2021-03-07,0123,1060509,,7,5,6,4905,0,0,0,,0,005,"TRACY AV","VALLEY WEST DR",30.00,N,N,A,-,N,,,,,,,,,,Y,4,0,1,2,A,-,01,23152,A,N,C,E,A,A,H,-,C,D,0,,,,,Y,Y,A,01,0,0,1,0,0,0,0,0,0,"- ","- ",38.432281494140625,-122.76936340332031,SONOMA,"SANTA ROSA",-122.76910400390625,38.432537078857422
9247217,2021,2021-04-29,4905,2021-01-14,1039,1060337,,4,5,6,4905,0,0,0,,0,004,"BRUSH CREEK RD","FOUNTAINGROVE PKWY",0.00,,Y,A,-,N,,,,,,,,,,Y,3,0,2,2,A,-,09,21801,A,N,D,C,A,A,H,-,A,A,0,,,,,Y,,A,01,0,1,1,0,0,0,0,0,0,"- ","- ",38.47113037109375,-122.68020629882812,SONOMA,"SANTA ROSA",-122.68019866943359,38.47113037109375
9247286,2021,2021-04-13,4905,2021-02-25,0549,1060551,,4,5,6,4905,0,0,0,,0,008,"PETALUMA HILL RD","KAWANA SPRINGS RD",0.00,,Y,A,-,N,,,,,,,,,,Y,3,0,1,2,A,-,"- ",,,F,D,C,A,A,H,-,C,A,0,,,,,Y,,-,"- ",0,1,0,0,0,0,0,0,0,"- ","- ",38.416488647460938,-122.70424652099609,SONOMA,"SANTA ROSA",-122.70426940917969,38.416500091552734
9247295,2021,2021-04-14,4905,2021-03-10,1737,1060383,,3,5,6,4905,0,0,0,,0,009,"3RD ST","B ST",0.00,,Y,B,-,N,,,,,,,,,,Y,4,0,2,2,A,-,01,23152,F,N,D,C,A,B,H,-,A,A,0,,,,,Y,,-,,0,0,2,0,0,0,0,0,0,"- ","- ",38.438938140869141,-122.71507263183594,SONOMA,"SANTA ROSA",-122.71507263183594,38.438926696777344
9247357,2021,2021-04-13,4905,2021-02-19,1732,1060383,,5,5,6,4905,0,0,0,,0,008,"SONOMA AV","FARMERS LN",240.00,W,N,A,-,N,,,,,,,,,,Y,4,0,1,2,A,-,03,22350,,N,C,E,A,A,H,-,A,D,0,,,,,Y,,-,,0,0,1,0,0,0,0,0,0,"- ",FR,38.444511413574219,-122.68769836425781,SONOMA,"SANTA ROSA",-122.68849182128906,38.444301605224609
9247548,2021,2021-04-23,4904,2021-04-02,0730,1040472,,5,5,4,4904,0,0,0,,0,,"ROHNERT PARK EXPWY","REDWOOD DR",0.00,,Y,A,-,,,,,,,,,,,,4,0,1,2,A,-,12,21453,A,N,B,C,A,A,H,-,A,A,0,,,,,Y,,A,01,0,0,1,0,0,0,0,0,0,"- ","- ",38.348461151123047,-122.71701049804688,SONOMA,"ROHNERT PARK",-122.71688842773438,38.348308563232422
9249888,2021,2021-04-28,4900,2021-03-06,2054,1102752,,6,5,3,4980,0,0,0,,0,WI1,"CONDE LN","OAKFIELD LN",443.00,N,N,A,-,N,,,,,,,,,,Y,3,0,2,1,A,-,03,22350,,N,E,I,A,A,H,-,C,D,0,,,,,Y,,A,01,0,2,0,0,0,0,0,0,0,"- ","- ",38.54608154296875,-122.80893707275391,SONOMA,WINDSOR,-122.80840301513672,38.546134948730469
9251412,2021,2021-04-20,4904,2021-03-24,2000,1040567,,3,5,4,4904,0,0,0,,0,001,"GOLF COURSE DR","HILLVIEW WY",0.00,,Y,A,-,,,,,,,,,,,,4,0,1,2,A,-,09,21801,A,N,D,C,A,A,H,-,C,A,0,,,,,Y,,A,01,0,0,1,0,0,0,0,0,0,"- ","- ",38.367130279541016,-122.68946075439453,SONOMA,"ROHNERT PARK",-122.68946838378906,38.367153167724609
9253468,2021,2021-05-03,4908,2021-04-14,1408,1944,2,3,5,5,4908,0,0,0,,0,002,"LAKEVILLE ST","EAST D ST",287.00,E,N,A,-,N,,,,,,,,,,Y,3,0,1,1,A,-,08,22107,,N,E,I,A,A,H,-,A,D,0,,,,,Y,,A,01,0,1,0,0,0,0,0,0,0,"- ","- ",38.236930847167969,-122.63397216796875,SONOMA,PETALUMA,-122.63318634033203,38.236503601074219
9256426,2021,2023-06-24,4904,2021-06-12,2126,1040546,CENTR,6,5,4,4904,0,0,0,,0,001,"GOLF COURSE DR","ROBERTS LAKE RD",153.00,E,N,A,-,N,,,,,,,,,,Y,1,2,0,1,A,-,03,22349,A,N,E,I,A,A,H,-,C,A,0,,,,,Y,Y,A,01,0,0,0,0,0,0,0,0,0,"- ","- ",38.3631591796875,-122.71029663085938,SONOMA,"ROHNERT PARK",-122.71007537841797,38.363391876220703
9256953,2021,2021-05-26,4908,2021-05-08,0957,3367,10,6,5,5,4908,0,0,0,,0,004,"NORTH MCDOWELL BL","LYNCH CREEK WY",149.00,N,N,A,-,N,,,,,,,,,,Y,4,0,1,2,A,-,07,21658,A,N,C,C,A,A,H,-,A,A,0,,,,,Y,,A,01,0,0,1,0,0,0,0,0,0,"- ","- ",38.253120422363281,-122.63262939453125,SONOMA,PETALUMA,-122.63321685791016,38.253303527832031
9258787,2021,2021-05-07,4902,2021-04-10,0037,105356,,6,5,2,4902,0,0,0,,0,,"OLD REDWOOD HWY","GEORGE ST",0.00,,Y,A,-,N,,,,,,,,,,N,4,0,2,2,A,-,01,23152,A,N,C,C,A,A,H,-,C,A,0,,,,,Y,Y,A,01,0,0,2,0,0,0,0,0,0,"- ","- ",,,SONOMA,COTATI,-122.70796966552734,38.328361511230469
9259658,2021,2021-05-21,4908,2021-04-30,1600,3367,6,5,5,5,4908,0,0,0,,0,003,"MADISON ST","LAKEVILLE ST",31.00,E,N,A,-,N,,,,,,,,,,N,4,0,1,3,A,-,08,22107,,N,D,E,A,A,H,-,A,D,0,,,,Y,Y,,G,85,0,0,1,0,0,0,0,0,0,"- ","- ",38.239650726318359,-122.63896179199219,SONOMA,PETALUMA,-122.63887786865234,38.239768981933594
9260583,2021,2021-06-18,4904,2021-05-30,1800,1040518,4904,7,5,4,4904,0,0,0,,0,,"SNYDER LN","ROHNERT PARK EXPWY",466.00,N,N,A,-,N,,,,,,,,,,Y,4,0,1,2,-,-,"- ",,A,N,C,C,A,A,H,-,A,D,0,,,,,Y,,A,01,0,0,1,0,0,0,0,0,0,"- ","- ",38.345378875732422,-122.68540191650391,SONOMA,"ROHNERT PARK",-122.68553924560547,38.346988677978516
9261181,2021,2021-04-29,4902,2021-04-13,1123,105348,,2,5,2,4902,0,0,0,,0,,"OLD REDWOOD HWY","GRAVENSTEIN WY",430.00,S,N,A,-,N,,,,,,,,,,N,4,0,1,2,A,-,03,22350,,N,C,C,A,A,H,-,A,A,0,,,,,Y,,A,07,0,0,1,0,0,0,0,0,0,"- ","- ",,,SONOMA,COTATI,-122.70966339111328,38.330234527587891
9261213,2021,2021-05-14,4904,2021-04-23,1702,1040483,,5,5,4,4904,0,0,0,,0,002,"ROHNERT PARK EXPWY","COMMERCE BL",620.00,W,N,A,-,Y,SON,4,101,-,-,14.114,R,4,N,N,4,0,1,2,A,-,04,21703,,N,C,C,A,A,H,-,A,A,0,,,,,Y,,A,07,0,0,1,0,0,0,0,0,0,"- ","- ",38.34844970703125,-122.70960998535156,SONOMA,"ROHNERT PARK",-122.7130126953125,38.351772308349609
9261669,2021,2021-05-05,4908,2021-04-28,0702,1944,2,3,5,5,4908,0,0,0,,0,002,"LAKEVILLE ST","EAST WASHINGTON ST",25.00,E,N,A,-,N,,,,,,,,,,Y,4,0,1,3,A,-,01,23152,F,N,C,C,A,A,H,-,A,A,0,,,,Y,Y,,A,01,0,0,1,0,0,0,0,0,0,"- ","- ",38.238071441650391,-122.63600921630859,SONOMA,PETALUMA,-122.63594055175781,38.238021850585938
9263864,2021,2021-05-25,4908,2021-04-19,1720,3414,1,1,5,5,4908,0,0,0,,0,002,"AMERICAN AL","WESTERN AV",90.00,N,N,A,-,N,,,,,,,,,,N,4,0,1,2,A,-,11,21954,A,N,G,B,E,A,H,-,A,D,0,Y,,,,Y,,N,60,0,0,1,0,1,0,0,0,0,"- ","- ",38.233650207519531,-122.64111328125,SONOMA,PETALUMA,-122.64083862304688,38.234119415283203
9264474,2021,2021-05-24,4904,2021-04-19,0145,1040493,,1,5,4,4904,0,0,0,,0,003,"ALISON AV","ALDEN AV",42.00,,N,A,-,N,,,,,,,,,,Y,4,0,1,3,A,-,01,23152,F,N,C,E,A,A,H,-,C,D,0,,,,,Y,,A,07,0,0,1,0,0,0,0,0,0,"- ","- ",38.337898254394531,-122.7109375,SONOMA,"ROHNERT PARK",-122.71083068847656,38.337841033935547
9265919,2021,2021-06-09,4906,2021-05-06,1807,476,4906,4,5,2,4906,0,0,0,,0,,"RT 116","CORLINE CT",46.00,N,N,A,-,Y,SON,4,116,-,-,27.750,H,-,W,N,3,0,1,2,A,-,04,21703,,N,C,C,A,A,H,-,A,A,0,,,,,Y,,D,22,0,1,0,0,0,0,0,0,0,"- ","- ",38.389259338378906,-122.81529998779297,SONOMA,SEBASTOPOL,-122.81529998779297,38.389286041259766
9267858,2021,2021-06-02,4907,2021-05-11,1555,1102846,,2,5,2,4907,0,0,0,,0,SO1,"WEST SPAIN ST","JUNIPERO SERRA DR",0.00,,Y,A,-,N,,,,,,,,,,Y,3,0,1,3,A,-,03,22350,,N,C,C,A,A,H,-,A,D,0,,,,,Y,,A,07,0,1,0,0,0,0,0,0,0,"- ","- ",38.295181274414062,-122.47235870361328,SONOMA,SONOMA,-122.47243499755859,38.295188903808594
9268829,2021,2021-05-25,4900,2021-05-15,1553,1102630,,6,5,3,4980,0,0,0,,0,WI1,"HEMBREE LN","VINECREST RD",0.00,,Y,A,-,N,,,,,,,,,,Y,3,0,1,2,A,-,12,22450,A,N,-,C,A,A,H,-,-,D,0,,,,,Y,,A,01,0,1,0,0,0,0,0,0,0,"- ","- ",38.555068969726562,-122.79808807373047,SONOMA,WINDSOR,-122.79810333251953,38.555080413818359
9271835,2021,2021-06-11,4908,2021-05-25,1610,3341,3,2,5,5,4908,0,0,0,,0,002,"PETALUMA BL SOUTH","MOUNTAIN VIEW AV",0.00,,Y,A,-,N,,,,,,,,,,Y,3,0,1,2,A,-,09,21804,A,N,D,C,A,A,H,-,A,A,0,,,,,Y,,A,01,0,1,0,0,0,0,0,0,0,"- ","- ",38.228359222412109,-122.62631988525391,SONOMA,PETALUMA,-122.62633514404297,38.228401184082031
9271836,2021,2021-06-11,4908,2021-05-20,1440,3341,5,4,5,5,4908,0,0,0,,0,004,"RAND ST","NORTH MCDOWELL BL",168.00,W,N,A,-,N,,,,,,,,,,Y,4,0,1,2,A,-,09,21804,A,N,D,C,A,A,H,-,A,D,0,,,,,Y,,A,01,0,0,1,0,0,0,0,0,0,"- ","- ",38.268100738525391,-122.65933990478516,SONOMA,PETALUMA,-122.65966033935547,38.267929077148438
9272003,2021,2021-06-04,4908,2021-05-21,0243,3455,3,5,5,5,4908,0,0,0,,0,002,"PETALUMA BL SOUTH","CRYSTAL LN",293.00,S,N,A,-,,,,,,,,,,,Y,4,0,1,1,A,-,08,22107,,N,E,I,A,A,H,-,C,D,0,,,,,Y,,A,01,0,0,1,0,0,0,0,0,0,"- ","- ",38.227069854736328,-122.61846923828125,SONOMA,PETALUMA,-122.61859130859375,38.227245330810547
9272854,2021,2021-07-16,4908,2021-06-22,2112,3414,1,2,5,5,4908,0,0,0,,0,001,"EAST WASHINGTON ST","ELY BL",0.00,,Y,A,-,N,,,,,,,,,,Y,4,0,1,2,A,-,12,21453,A,N,D,C,A,A,H,-,C,A,0,,,,,Y,,A,01,0,0,1,0,0,0,0,0,0,"- ","- ",38.256629943847656,-122.61924743652344,SONOMA,PETALUMA,-122.61919403076172,38.256595611572266
9275538,2021,2021-07-28,4908,2021-06-16,1435,3367,15,3,5,5,4908,0,0,0,,0,001,"LAKEVILLE HWY","SOUTH MCDOWELL BL",0.00,,Y,A,-,Y,SON,4,116,-,-,36.070,I,5,W,Y,2,0,1,3,A,-,12,21453,A,N,D,C,A,A,H,-,A,A,0,,,,,Y,,A,07,1,0,0,0,0,0,0,0,0,"- ","- ",38.23419189453125,-122.59998321533203,SONOMA,PETALUMA,-122.59882354736328,38.234268188476562
9276363,2021,2021-09-16,4908,2021-08-24,1842,3454,15,2,5,5,4908,0,0,0,,0,001,"LAKEVILLE HWY","SOUTH MCDOWELL BL",0.00,,Y,A,-,Y,SON,4,116,-,-,36.070,I,5,W,Y,2,0,7,3,A,-,12,21453,A,F,D,C,A,A,H,-,A,A,0,,,,,Y,,A,01,1,2,4,0,0,0,0,0,0,"- ","- ",38.233699798583984,-122.600341796875,SONOMA,PETALUMA,-122.59882354736328,38.234268188476562
9278870,2021,2021-06-29,4904,2021-05-05,0258,1040524,4904,3,5,4,4904,0,0,0,,0,001,"GOLF COURSE DR","HARBOR LN",0.00,,Y,A,-,N,,,,,,,,,,Y,4,0,1,1,A,-,07,21658,A,N,E,I,A,A,H,-,C,D,0,,,,,Y,,A,01,0,0,1,0,0,0,0,0,0,"- ","- ",38.367198944091797,-122.68701934814453,SONOMA,"ROHNERT PARK",-122.68708038330078,38.367244720458984
9280387,2021,2021-07-07,4902,2021-06-07,1357,105348,,1,5,2,4902,0,0,0,,0,,"OLD REDWOOD HWY","SAINT JOSEPH WY",300.00,S,N,A,-,N,,,,,,,,,,Y,4,0,1,2,A,-,08,22107,,N,D,C,A,A,H,-,A,D,0,,,,,Y,,A,08,0,0,1,0,0,0,0,0,0,"- ","- ",,,SONOMA,COTATI,-122.70944976806641,38.329998016357422
9281010,2021,2021-10-16,4908,2021-06-14,1633,3414,1,1,5,5,4908,0,0,0,,0,004,"NORTH MCDOWELL BL","COMMUNITY CENTER WY",50.00,S,N,A,-,,,,,,,,,,,,4,0,1,4,A,-,03,22350,,F,C,C,A,A,H,-,A,A,0,,,,,Y,,A,01,0,0,1,0,0,0,0,0,0,"- ","- ",,,SONOMA,PETALUMA,-122.63179779052734,38.252510070800781
9284193,2021,2021-07-21,4908,2021-06-18,1555,3367,3,5,5,5,4908,0,0,0,,0,002,"PETALUMA BL SOUTH","MCNEAR AV",289.00,W,N,A,-,N,,,,,,,,,,Y,3,0,1,2,A,-,09,21804,A,N,D,C,A,A,H,-,A,D,0,,,,,Y,,A,07,0,1,0,0,0,0,0,0,0,"- ","- ",38.227039337158203,-122.62291717529297,SONOMA,PETALUMA,-122.62378692626953,38.227066040039062
9286274,2021,2021-07-15,4906,2021-06-03,2230,413,4906,4,5,2,4906,0,0,0,,0,,"RT 12","MORRIS ST",0.00,,Y,A,-,Y,SON,4,12,-,-,9.520,I,5,E,Y,4,0,2,2,A,-,03,22350,,N,C,C,A,A,H,-,C,A,0,,,,,Y,,A,01,0,0,2,0,0,0,0,0,0,"- ","- ",38.402900695800781,-122.81907653808594,SONOMA,SEBASTOPOL,-122.81934356689453,38.402854919433594
9287661,2021,2021-08-04,4908,2021-06-22,1956,3555,7,2,5,5,4908,0,0,0,,0,004,"OLD REDWOOD HWY","RT 101",0.00,,Y,A,-,Y,SON,4,101,-,-,7.555,R,4,N,Y,3,0,3,2,A,-,12,21453,A,N,D,C,A,A,H,-,B,A,0,,,,,Y,,A,07,0,1,2,0,0,0,0,0,0,"- ",NF,38.273590087890625,-122.66972351074219,SONOMA,PETALUMA,-122.66868591308594,38.271194458007812
9288518,2021,2021-08-24,4904,2021-06-25,2147,1040546,CENTR,5,5,4,4904,0,0,0,,0,002,"GOLF COURSE DR","REDWOOD DR",0.00,,Y,A,-,N,,,,,,,,,,,4,0,1,2,A,-,11,21950,B,N,G,B,B,A,H,-,C,A,0,Y,,,,Y,,N,60,0,0,1,0,1,0,0,0,0,"- ","- ",,,SONOMA,"ROHNERT PARK",-122.71514129638672,38.363273620605469
9289841,2021,2021-07-27,4904,2021-06-24,2251,1040493,4904,4,5,4,4904,0,0,0,,0,001,"ROHNERT PARK EXPWY","SAN SIMEON DR",760.00,W,N,A,-,N,,,,,,,,,,Y,3,0,1,1,A,-,01,23152,A,N,E,I,A,-,H,-,C,A,0,,,,,Y,Y,D,22,0,1,0,0,0,0,0,0,0,"- ","- ",38.346668243408203,-122.69101715087891,SONOMA,"ROHNERT PARK",-122.69345855712891,38.347507476806641
9292369,2021,2021-08-27,4908,2021-07-08,1044,3367,12,4,5,5,4908,0,0,0,,0,001,"ELY BL SOUTH","CAULFIELD LN",0.00,,Y,A,-,N,,,,,,,,,,Y,4,0,3,2,A,-,21,22106,,N,D,C,A,A,H,-,A,A,0,,,,,Y,,A,07,0,0,3,0,0,0,0,0,0,"- ","- ",38.249988555908203,-122.60733795166016,SONOMA,PETALUMA,-122.60736846923828,38.249927520751953
9292602,2021,2021-09-08,4908,2021-07-04,0341,3555,3,7,5,5,4908,0,0,0,,0,002,"PETALUMA BL SOUTH","I ST",130.00,N,N,A,-,N,,,,,,,,,,Y,4,0,1,1,A,-,01,23152,A,N,E,I,A,A,H,-,C,D,0,,,,,Y,Y,D,22,0,0,1,0,0,0,0,0,0,"- ","- ",38.229820251464844,-122.63120269775391,SONOMA,PETALUMA,-122.63114929199219,38.230266571044922
9293844,2021,2021-09-02,4904,2021-07-07,1050,1040536,,3,5,4,4904,0,0,0,,0,,"GOLF COURSE DR W","RT 101",78.00,W,N,A,-,Y,SON,4,101,-,-,14.710,R,4,S,N,4,0,1,2,A,-,04,21703,,N,C,C,A,A,H,-,A,A,0,,,,Y,Y,,F,21,0,0,1,0,0,0,0,0,0,"- ",SO,38.363361358642578,-122.71498870849609,SONOMA,"ROHNERT PARK",-122.71308135986328,38.360332489013672
9297395,2021,2021-08-12,4905,2021-04-12,1337,1060408,,1,5,6,4905,0,0,0,,0,009,"7TH ST","B ST",0.00,,Y,A,-,N,,,,,,,,,,Y,4,0,1,2,A,-,12,21453,A,N,D,C,A,A,H,-,A,A,0,,,,,Y,,A,01,0,0,1,0,0,0,0,0,0,"- ","- ",38.441970825195312,-122.71730804443359,SONOMA,"SANTA ROSA",-122.71732330322266,38.441989898681641
9297411,2021,2021-08-12,4905,2021-04-17,1643,1060505,,6,5,6,4905,0,0,0,,0,006,"YULUPA AV","NEOTOMAS AV",240.00,S,N,A,-,N,,,,,,,,,,Y,4,0,1,2,A,-,03,22350,,N,D,C,A,A,H,-,A,D,0,,,,,Y,,A,01,0,0,1,0,0,0,0,0,0,"- ","- ",38.427631378173828,-122.66793060302734,SONOMA,"SANTA ROSA",-122.66812133789062,38.42730712890625
9297596,2021,2021-08-06,4905,2021-05-20,1555,1060473,,4,5,6,4905,0,0,0,,0,001,"HOPPER AV","AIRWAY DR",40.00,W,N,A,-,N,,,,,,,,,,N,4,0,1,2,A,-,03,22350,,N,C,C,A,A,H,-,A,A,0,,,,,Y,,-,,0,0,1,0,0,0,0,0,0,"- ","- ",38.479499816894531,-122.73883819580078,SONOMA,"SANTA ROSA",-122.73825073242188,38.479721069335938
9297682,2021,2021-08-12,4905,2021-06-21,1639,1068925,,1,5,6,4905,0,0,0,,0,009,"3RD ST","DAVIS ST",0.00,,Y,A,-,N,,,,,,,,,,N,3,0,1,2,A,-,08,22107,,N,D,C,A,A,H,-,A,A,0,,,Y,,Y,,D,22,0,1,0,0,0,0,0,0,1,"- ","- ",38.437141418457031,-122.71884918212891,SONOMA,"SANTA ROSA",-122.71884918212891,38.437145233154297
9297725,2021,2021-08-18,4905,2021-07-04,0057,1060559,,7,5,6,4905,0,0,0,,0,008,"BENNETT VALLEY RD","GORDON LN",42.00,E,N,C,-,N,,,,,,,,,,Y,4,0,1,1,A,-,01,23152,A,N,E,I,A,A,H,-,A,A,0,,,,,Y,Y,D,22,0,0,1,0,0,0,0,0,0,"- ","- ",38.433658599853516,-122.69582366943359,SONOMA,"SANTA ROSA",-122.6956787109375,38.433696746826172
9297761,2021,2021-10-14,4900,2021-07-15,1230,1101496,,4,5,3,4980,0,0,0,,0,WI1,"OLD REDWOOD HWY","2ND ST",0.00,,Y,A,-,N,,,,,,,,,,Y,3,0,2,2,A,-,09,21804,A,N,D,C,A,A,H,-,A,D,0,,,,,Y,,A,07,0,2,0,0,0,0,0,0,0,"- ","- ",38.545211791992188,-122.80403137207031,SONOMA,WINDSOR,-122.80400085449219,38.545261383056641
9298178,2021,2021-08-13,4905,2021-06-12,2145,N1060559,,6,5,6,4905,0,0,0,,0,002,"MENDOCINO AV","BENTON ST",9.00,N,N,A,-,N,,,,,,,,,,N,4,0,2,2,A,-,01,23152,,N,C,C,A,A,H,-,A,D,0,,,,,Y,Y,-,,0,0,2,0,0,0,0,0,0,"- ","- ",38.448589324951172,-122.71759796142578,SONOMA,"SANTA ROSA",-122.71765899658203,38.447906494140625
9300538,2021,2021-09-02,4908,2021-07-24,1857,2938,2,6,5,5,4908,0,0,0,,0,002,"EAST WASHINGTON ST","PAYRAN ST",75.00,W,N,A,-,N,,,,,,,,,,Y,3,0,2,3,A,-,01,23153,A,N,C,C,A,A,H,-,A,A,0,,,,,Y,Y,A,01,0,1,1,0,0,0,0,0,0,"- ","- ",38.242008209228516,-122.63252258300781,SONOMA,PETALUMA,-122.63268280029297,38.241863250732422
9301085,2021,2021-08-13,4905,2021-05-05,1903,1060422,,3,5,6,4905,0,0,0,,0,001,"RT 101","STEELE LN",0.00,,Y,A,-,Y,SON,4,101,-,-,21.929,R,4,N,N,2,0,1,2,A,-,10,21950,A,F,G,B,B,A,H,-,A,A,0,Y,,,,Y,,-,99,1,0,0,0,1,0,0,0,0,NO,"- ",38.459949493408203,-122.72624969482422,SONOMA,"SANTA ROSA",-122.72634124755859,38.462562561035156
9302990,2021,2021-08-25,4902,2021-07-20,1751,105348,,2,5,2,4902,0,0,0,,0,,"EAST COTATI AV","MARSH WY",150.00,E,N,A,-,N,,,,,,,,,,,4,0,1,2,A,-,03,22350,,N,C,C,A,A,H,-,A,A,0,,,,,Y,,A,01,0,0,1,0,0,0,0,0,0,"- ","- ",,,SONOMA,COTATI,-122.70311737060547,38.327091217041016
9303375,2021,2021-08-20,4905,2021-06-19,0746,1068915,,6,5,6,4905,0,0,0,,0,009,"B ST","7TH ST",0.00,,Y,A,-,N,,,,,,,,,,N,4,0,1,2,A,-,11,21456,,N,G,B,B,A,H,-,A,A,0,Y,,,,Y,,N,60,0,0,1,0,1,0,0,0,0,"- ","- ",38.441970825195312,-122.71730804443359,SONOMA,"SANTA ROSA",-122.71732330322266,38.441989898681641
9307134,2021,2021-09-09,4905,2021-05-01,2305,10607473,,6,5,6,4905,0,0,0,,0,005,"WEST 3RD ST","DUTTON AV",100.00,W,N,A,-,N,,,,,,,,,,Y,4,0,1,1,A,-,01,23152,A,N,F,A,A,A,H,-,C,A,0,,,Y,,Y,Y,C,06,0,0,1,0,0,0,0,0,1,"- ","- ",38.433849334716797,-122.72802734375,SONOMA,"SANTA ROSA",-122.72695159912109,38.434043884277344
9307256,2021,2021-09-01,4905,2021-05-13,1021,1060331,,4,5,6,4905,0,0,0,,0,10601,"CLEVELAND AV","RUSSELL AV",0.00,,Y,A,-,N,,,,,,,,,,Y,4,0,1,2,A,-,09,21801,,N,D,C,A,A,H,-,A,D,0,,,Y,,Y,,A,01,0,0,1,0,0,0,0,0,1,"- ","- ",38.469188690185547,-122.7293701171875,SONOMA,"SANTA ROSA",-122.72936248779297,38.469139099121094
9307258,2021,2021-09-01,4905,2021-05-13,1842,1060383,,4,5,6,4905,0,0,0,,0,006,"OAKMONT DR","GREENFIELD CIR",200.00,W,N,A,-,N,,,,,,,,,,Y,3,0,1,1,A,-,01,23152,A,N,E,I,A,A,H,-,A,D,0,,,,,Y,Y,-,,0,1,0,0,0,0,0,0,0,"- ","- ",38.434349060058594,-122.59610748291016,SONOMA,"SANTA ROSA",-122.59815979003906,38.435256958007812
9307259,2021,2021-09-01,4905,2021-05-11,2119,1060510,,2,5,6,4905,0,0,0,,0,003,"MARLOW RD","WEST STEELE LN",300.00,S,N,A,-,N,,,,,,,,,,N,4,0,1,1,A,-,08,22107,,N,B,I,A,A,H,-,C,D,0,,,Y,,Y,Y,C,02,0,0,1,0,0,0,0,0,1,"- ","- ",38.459770202636719,-122.75118255615234,SONOMA,"SANTA ROSA",-122.75151062011719,38.459030151367188
9313407,2021,2021-09-01,4904,2021-06-17,2240,1040483,,4,5,4,4904,0,0,0,,0,,"GOLD COURSE DR","COUNTRY CLUB DR",163.00,W,N,A,-,N,,,,,,,,,,Y,4,0,1,1,A,-,08,22107,,N,E,I,A,A,H,-,C,D,0,,,Y,,Y,Y,C,02,0,0,1,0,0,0,0,0,1,"- ","- ",38.362098693847656,-122.69474029541016,SONOMA,"ROHNERT PARK",-122.6951904296875,38.361850738525391
9313408,2021,2021-09-01,4904,2021-06-16,1050,1040561,4904,3,5,4,4904,0,0,0,,0,002,"REDWOOD DR","BUSINESS PARK DR",0.00,,Y,A,-,N,,,,,,,,,,N,4,0,1,2,A,-,04,21703,,F,C,C,A,A,H,-,A,A,0,,,,,Y,,A,01,0,0,1,0,0,0,0,0,0,"- ","- ",38.357830047607422,-122.71347808837891,SONOMA,"ROHNERT PARK",-122.71353912353516,38.357692718505859
9314313,2021,2021-08-30,4905,2021-04-15,0016,1060422,,4,5,6,4905,0,0,0,,0,005,"FRANKLIN AV","LEWIS RD",18.00,N,N,A,-,N,,,,,,,,,,Y,3,0,2,1,A,-,01,23152,A,F,E,I,A,A,H,-,C,D,0,,,,,Y,Y,A,07,0,2,0,0,0,0,0,0,0,"- ","- ",38.429779052734375,-122.72888946533203,SONOMA,"SANTA ROSA",-122.71244812011719,38.462688446044922