CASE_ID,ACCIDENT_YEAR,PROC_DATE,JURIS,COLLISION_DATE,COLLISION_TIME,OFFICER_ID,REPORTING_DISTRICT,DAY_OF_WEEK,CHP_SHIFT,POPULATION,CNTY_CITY_LOC,SPECIAL_COND,BEAT_TYPE,CHP_BEAT_TYPE,CITY_DIVISION_LAPD,CHP_BEAT_CLASS,BEAT_NUMBER,PRIMARY_RD,SECONDARY_RD,DISTANCE,DIRECTION,INTERSECTION,WEATHER_1,WEATHER_2,STATE_HWY_IND,CALTRANS_COUNTY,CALTRANS_DISTRICT,STATE_ROUTE,ROUTE_SUFFIX,POSTMILE_PREFIX,POSTMILE,LOCATION_TYPE,RAMP_INTERSECTION,SIDE_OF_HWY,TOW_AWAY,COLLISION_SEVERITY,NUMBER_KILLED,NUMBER_INJURED,PARTY_COUNT,PRIMARY_COLL_FACTOR,PCF_CODE_OF_VIOL,PCF_VIOL_CATEGORY,PCF_VIOLATION,PCF_VIOL_SUBSECTION,HIT_AND_RUN,TYPE_OF_COLLISION,MVIW,PED_ACTION,ROAD_SURFACE,ROAD_COND_1,ROAD_COND_2,LIGHTING,CONTROL_DEVICE,CHP_ROAD_TYPE,PEDESTRIAN_ACCIDENT,BICYCLE_ACCIDENT,MOTORCYCLE_ACCIDENT,TRUCK_ACCIDENT,NOT_PRIVATE_PROPERTY,ALCOHOL_INVOLVED,STWD_VEHTYPE_AT_FAULT,CHP_VEHTYPE_AT_FAULT,COUNT_SEVERE_INJ,COUNT_VISIBLE_INJ,COUNT_COMPLAINT_PAIN,COUNT_PED_KILLED,COUNT_PED_INJURED,COUNT_BICYCLIST_KILLED,COUNT_BICYCLIST_INJURED,COUNT_MC_KILLED,COUNT_MC_INJURED,PRIMARY_RAMP,SECONDARY_RAMP,LATITUDE,LONGITUDE,COUNTY,CITY,POINT_X,POINT_Y
9314314,2021,2021-08-30,4905,2021-04-30,1458,1060541,,5,5,6,4905,0,0,0,,0,008,"ASTON AV","ASTON CIR",0.00,W,N,A,-,N,,,,,,,,,,N,2,0,1,2,A,-,09,21804,A,N,D,G,A,A,H,-,A,D,0,,Y,,,Y,,L,04,1,0,0,0,0,0,1,0,0,"- ","- ",38.425441741943359,-122.70414733886719,SONOMA,"SANTA ROSA",-122.70330047607422,38.425525665283203
9314316,2021,2021-08-28,4905,2021-04-17,0924,1060545,,6,5,6,4905,0,0,0,,0,1602,"MONROE ST","COLLEGE AV",47.00,N,N,A,-,N,,,,,,,,,,Y,4,0,2,3,A,-,09,21804,A,N,D,E,A,A,H,-,A,D,0,,,,,Y,,A,07,0,0,2,0,0,0,0,0,0,"- ","- ",38.445331573486328,-122.70552062988281,SONOMA,"SANTA ROSA",-122.70552062988281,38.445449829101562
9319265,2021,2021-10-04,4901,2021-08-28,2108,101,4901,6,5,2,4901,0,0,0,,0,,"SOUTH CLOVERDALE BL","GARDEN CIR WY",0.00,,Y,A,-,N,,,,,,,,,,Y,2,0,2,2,A,-,01,23152,,N,D,C,A,A,H,-,C,D,0,,,,,Y,Y,A,01,1,1,0,0,0,0,0,0,0,"- ","- ",38.799480438232422,-123.01761627197266,SONOMA,CLOVERDALE,-123.01752471923828,38.799064636230469
9321981,2021,2021-10-21,4908,2021-09-05,2255,3555,13,7,5,5,4908,0,0,0,,0,001,"CAULFIELD LN","SOUTH MCDOWELL BL",0.00,,Y,A,-,N,,,,,,,,,,Y,4,0,1,2,D,-,00,,,N,D,C,A,A,H,-,C,A,0,,,,,Y,,-,"- ",0,0,1,0,0,0,0,0,0,"- ","- ",38.242778778076172,-122.61547088623047,SONOMA,PETALUMA,-122.61515045166016,38.243167877197266
9322362,2021,2021-09-20,4907,2021-08-24,0749,1102267,,2,5,2,4907,0,0,0,,0,SO1,BROADWAY,"CHASE ST",190.00,S,N,A,-,Y,SON,4,12,-,-,37.980,H,-,W,Y,3,0,1,3,A,-,08,22107,,N,A,E,A,A,H,-,A,A,0,,,,,Y,,A,01,0,1,0,0,0,0,0,0,0,"- ","- ",38.2860107421875,-122.45915222167969,SONOMA,SONOMA,-122.45877075195312,38.286045074462891
9327271,2021,2021-10-21,4908,2021-09-20,1312,3555,15,1,5,5,4908,0,0,0,,0,001,"FRATES RD","LAKEVILLE HWY",30.00,E,N,A,-,Y,SON,4,116,-,-,36.364,I,6,W,Y,3,0,1,2,A,-,03,22350,,N,C,C,A,A,H,-,A,A,0,,,,,Y,,D,22,0,1,0,0,0,0,0,0,0,"- ","- ",38.234668731689453,-122.59391021728516,SONOMA,PETALUMA,-122.59393310546875,38.234687805175781
9327491,2021,2021-09-28,4908,2021-08-30,0756,3383,1,1,5,5,4908,0,0,0,,0,002,"1ST ST","D ST",0.00,,Y,A,-,,,,,,,,,,,N,4,0,2,2,A,-,12,21453,A,N,D,C,A,A,H,-,A,A,0,,,,,Y,,A,01,0,0,2,0,0,0,0,0,0,"- ","- ",38.233379364013672,-122.63607788085938,SONOMA,PETALUMA,-122.63608551025391,38.233818054199219
9336420,2021,2021-10-15,4900,2021-09-12,1040,1102192,,7,5,3,4980,0,0,0,,0,WI1,"OLD REDWOOD HWY","BARI LN",0.00,E,N,A,-,N,,,,,,,,,,Y,4,0,1,2,A,-,08,22107,,N,D,C,A,A,H,-,A,D,0,,,,,Y,,E,22,0,0,1,0,0,0,0,0,0,"- ","- ",38.538089752197266,-122.79116821289062,SONOMA,WINDSOR,-122.79097747802734,38.537910461425781
9336603,2021,2021-10-19,4907,2021-09-10,1204,1102826,,5,5,2,4907,0,0,0,,0,SO1,"7TH ST W","W NAPA ST",0.00,,Y,A,-,N,,,,,,,,,,N,3,0,1,2,D,-,00,,,F,G,B,D,A,H,-,A,D,0,Y,,,,Y,,-,"- ",0,1,0,0,1,0,0,0,0,"- ","- ",38.293281555175781,-122.47178649902344,SONOMA,SONOMA,-122.47178649902344,38.293289184570312
9336838,2021,2021-10-05,4903,2021-08-26,2034,1586,,4,5,3,4903,0,0,0,,0,,"DRY CREEK RD","GROVE ST",0.00,,Y,A,-,N,,,,,,,,,,Y,3,0,1,2,A,-,08,22107,,N,B,C,A,A,H,-,C,A,0,,,,,Y,,A,01,0,1,0,0,0,0,0,0,0,"- ","- ",38.626258850097656,-122.87574768066406,SONOMA,HEALDSBURG,-122.87577056884766,38.626270294189453
9336979,2021,2021-10-12,4904,2021-08-26,1710,1040528,,4,5,4,4904,0,0,0,,0,,"SNYDER LN","HERITAGE LN",20.00,N,N,A,-,N,,,,,,,,,,Y,4,0,1,2,A,-,04,21703,,N,C,C,A,A,H,-,A,D,0,,,,,Y,,A,07,0,0,1,0,0,0,0,0,0,"- ","- ",38.371379852294922,-122.68579864501953,SONOMA,"ROHNERT PARK",-122.68586730957031,38.371494293212891
9339067,2021,2021-11-01,4904,2021-09-18,1425,1040561,4904,6,5,4,4904,0,0,0,,0,002,"ROHNERT PARK EXPWY","RT 101",0.00,,Y,B,-,Y,SON,4,101,-,-,14.028,R,4,S,Y,4,0,2,2,A,-,12,21453,A,N,D,C,A,B,H,-,A,A,0,,,,,Y,,A,01,0,0,2,0,0,0,0,0,0,"- ",SF,38.348480224609375,-122.71484375,SONOMA,"ROHNERT PARK",-122.71324157714844,38.350547790527344
9339363,2021,2021-10-13,4904,2021-09-05,1450,1040560,,7,5,4,4904,0,0,0,,0,"BEAT 2","REDWOOD DR","ROHNERT PARK EXPWY",474.00,S,N,A,-,N,,,,,,,,,,Y,4,0,1,2,A,-,09,21804,A,N,A,C,A,A,H,-,A,D,0,,,,,Y,,A,01,0,0,1,0,0,0,0,0,0,"- ","- ",38.348461151123047,-122.71701049804688,SONOMA,"ROHNERT PARK",-122.71681976318359,38.347011566162109
9339583,2021,2021-10-18,4902,2021-09-21,1416,105348,,2,5,2,4902,0,0,0,,0,,"RT 116","RT 101",0.00,,Y,A,-,Y,SON,4,116,-,-,35.000,H,-,E,,4,0,2,2,A,-,03,22350,,N,C,C,A,A,H,-,A,A,0,,,,,Y,,A,01,0,0,2,0,0,0,0,0,0,"- ",SO,,,SONOMA,COTATI,-122.71340179443359,38.331344604492188
9339607,2021,2021-10-20,4900,2021-09-24,1636,1102847,,5,5,3,4980,0,0,0,,0,WI1,"OLD REDWOOD HWY","RIO RUSO DR",0.00,,Y,A,-,N,,,,,,,,,,Y,4,0,3,3,A,-,08,22107,,N,B,C,A,A,H,-,A,D,0,,,,,Y,,-,,0,0,3,0,0,0,0,0,0,"- ","- ",38.557170867919922,-122.82009124755859,SONOMA,WINDSOR,-122.82013702392578,38.557205200195312
9340163,2021,2021-10-14,4908,2021-08-31,0618,3551,15,2,5,5,4908,0,0,0,,0,001,"LAKEVIEW HWY","CASA GRANDE RD",0.00,,Y,A,-,Y,SON,4,116,-,-,35.762,I,5,E,Y,4,0,1,2,A,-,09,21801,A,N,D,D,A,-,H,-,A,A,0,,,,,Y,,E,22,0,0,1,0,0,0,0,0,0,"- ","- ",38.233680725097656,-122.60472869873047,SONOMA,PETALUMA,-122.60394287109375,38.233646392822266
9340507,2021,2021-11-10,4902,2021-09-13,1728,105348,,1,5,2,4902,0,0,0,,0,,"EAST COTATI AV","CHARLES ST",20.00,W,N,A,-,N,,,,,,,,,,N,4,0,1,2,A,-,03,22350,,N,C,C,A,A,H,-,A,D,0,,,,,Y,,A,01,0,0,1,0,0,0,0,0,0,"- ","- ",,,SONOMA,COTATI,-122.70405578613281,38.326934814453125
9341862,2021,2021-11-29,4902,2021-10-01,1407,105338,COTAT,5,5,2,4902,0,0,0,,0,,"REDWOOD DR","PORTAL ST",0.00,,Y,A,-,N,,,,,,,,,,,3,0,1,2,A,-,09,21802,A,F,D,C,A,A,H,-,A,D,0,,,,,Y,,A,01,0,1,0,0,0,0,0,0,0,"- ","- ",,,SONOMA,COTATI,-122.71324920654297,38.341762542724609
9342211,2021,2021-11-09,4908,2021-10-06,2052,3450,12,3,5,5,4908,0,0,0,,0,001,"CAULFIELD LN","GARFIELD DR",333.00,E,N,A,-,N,,,,,,,,,,Y,3,0,1,2,A,-,03,22350,,N,D,E,A,A,H,-,C,D,0,,,,,Y,,A,01,0,1,0,0,0,0,0,0,0,"- ","- ",38.252861022949219,-122.60469818115234,SONOMA,PETALUMA,-122.60407257080078,38.253593444824219
9343800,2021,2021-10-29,4904,2021-09-25,0406,1040547,,6,5,4,4904,0,0,0,,0,,"ROHNERT PARK EXPWY","SNYDER LN",0.00,,Y,A,-,N,,,,,,,,,,Y,3,0,1,1,A,-,01,23152,A,N,E,I,A,A,H,-,C,A,0,,,,,Y,Y,A,01,0,1,0,0,0,0,0,0,0,"- ","- ",38.345790863037109,-122.68551635742188,SONOMA,"ROHNERT PARK",-122.68555450439453,38.345706939697266
9346655,2021,2021-12-10,4908,2021-10-08,0829,2754,3,5,5,5,4908,0,0,0,,0,002,"PETALUMA BL SOUTH","MCNEAR AV",120.00,N,N,A,-,N,,,,,,,,,,N,4,0,1,2,A,-,03,22350,,N,C,C,A,A,H,-,A,A,0,,,,,Y,,A,07,0,0,1,0,0,0,0,0,0,"- ","- ",38.227039337158203,-122.62291717529297,SONOMA,PETALUMA,-122.62277984619141,38.227008819580078
9349065,2021,2021-12-14,4907,2021-10-04,0818,1102267,,1,5,2,4907,0,0,0,,0,SO1,"CHURCH ST","5TH ST WEST",35.00,E,N,A,-,N,,,,,,,,,,N,4,0,2,3,A,-,10,21950,A,N,G,B,B,A,H,-,A,A,0,Y,,,,Y,,A,01,0,0,2,0,2,0,0,0,0,"- ","- ",38.293899536132812,-122.46791076660156,SONOMA,SONOMA,-122.46782684326172,38.293857574462891
9350086,2021,2021-11-08,4908,2021-10-14,1517,3367,7,4,5,5,4908,0,0,0,,0,004,"OLD REDWOOD HWY","N MCDOWELL BL N",85.00,W,N,A,-,N,,,,,,,,,,Y,3,0,1,2,A,-,03,22350,,N,C,C,A,A,H,-,A,A,0,,,,,Y,,A,08,0,1,0,0,0,0,0,0,0,"- ","- ",38.280479431152344,-122.668212890625,SONOMA,PETALUMA,-122.66934967041016,38.275386810302734
9350088,2021,2021-11-08,4908,2021-10-02,0840,3418,3,6,5,5,4908,0,0,0,,0,002,"MIDDLEFIELD DR","MISSION DR",344.00,S,N,A,-,N,,,,,,,,,,,2,0,1,1,A,-,03,22350,,N,H,A,A,A,H,-,A,D,0,,Y,,,Y,,L,04,1,0,0,0,0,0,1,0,0,"- ","- ",,,SONOMA,PETALUMA,-122.62493133544922,38.224086761474609
9350219,2021,2021-11-12,4908,2021-10-01,1635,3552,3,5,5,5,4908,0,0,0,,0,002,"CAULFIELD LN","LAKEVILLE ST",0.00,,Y,A,-,N,,,,,,,,,,Y,4,0,1,3,A,-,01,23153,A,N,C,C,A,A,H,-,A,A,0,,,,,Y,Y,A,01,0,0,1,0,0,0,0,0,0,"- ","- ",38.235328674316406,-122.6224365234375,SONOMA,PETALUMA,-122.62240600585938,38.235347747802734
9351701,2021,2021-11-15,4904,2021-10-24,1540,1040527,,7,5,4,4904,0,0,0,,0,,"COUNTRY CLUB DR","ELIZABETH AV",300.00,S,N,C,-,N,,,,,,,,,,Y,3,0,1,2,A,-,17,21658,B,N,C,E,A,B,H,-,A,D,0,,,,,Y,,A,01,0,1,0,0,0,0,0,0,0,"- ","- ",38.357109069824219,-122.69357299804688,SONOMA,"ROHNERT PARK",-122.69392395019531,38.3565673828125
9351740,2021,2021-11-15,4904,2021-10-17,1319,1040527,,7,5,4,4904,0,0,0,,0,,"SOUTHWEST BL","AVENIDA CALA",275.00,E,N,A,-,N,,,,,,,,,,Y,3,0,1,3,A,-,07,21658,A,N,C,E,A,A,H,-,A,D,0,,,,,Y,,A,01,0,1,0,0,0,0,0,0,0,"- ","- ",,,SONOMA,"ROHNERT PARK",-122.68698120117188,38.339591979980469
9351891,2021,2021-12-09,4905,2021-09-03,1756,1060534,,5,5,6,4905,0,0,0,,0,008,"FLOWER AV","SANTA ROSA AV / PETALUMA HILL RD",0.00,,Y,A,-,N,,,,,,,,,,Y,4,0,1,4,A,-,08,22107,,N,C,C,A,A,H,-,A,D,0,,,,,Y,,-,,0,0,1,0,0,0,0,0,0,"- ","- ",38.424510955810547,-122.70916748046875,SONOMA,"SANTA ROSA",-122.71350860595703,38.424240112304688
9354733,2021,2021-11-10,4904,2021-10-02,0747,1040527,,6,5,4,4904,0,0,0,,0,,"ROHNERT PARK EXPWY","COMMERCE BL",93.00,E,N,A,-,N,,,,,,,,,,Y,3,0,1,3,A,-,03,22350,,N,C,D,A,A,H,-,A,A,0,,,,,Y,,A,01,0,1,0,0,0,0,0,0,0,"- ","- ",38.348220825195312,-122.70942687988281,SONOMA,"ROHNERT PARK",-122.70928955078125,38.348537445068359
9355646,2021,2021-10-29,4902,2021-10-17,1133,105348,,7,5,2,4902,0,0,0,,0,,"OLD REDWOOD HWY","SAINT JOSEPH WY",0.00,,Y,A,-,N,,,,,,,,,,,4,0,1,2,A,-,09,21804,A,N,D,C,A,A,H,-,A,D,0,,,,,Y,,A,01,0,0,1,0,0,0,0,0,0,"- ","- ",,,SONOMA,COTATI,-122.71006774902344,38.330657958984375
9358995,2021,2021-11-17,4905,2021-10-28,1601,1060474,,4,5,6,4905,0,0,0,,0,008,"SOUTH E ST","BENNETT VALLEY RD",60.00,,N,A,-,N,,,,,,,,,,Y,4,0,2,3,A,-,01,23153,B,N,B,C,A,A,H,-,A,D,0,,,,,Y,Y,-,,0,0,2,0,0,0,0,0,0,"- ","- ",38.431640625,-122.70535278320312,SONOMA,"SANTA ROSA",-122.70443725585938,38.432357788085938
9359019,2021,2021-11-22,4905,2021-10-04,1632,1060552,,1,5,6,4905,0,0,0,,0,001,"PINER RD","INDUSTRIAL DR",0.00,,Y,A,-,N,,,,,,,,,,Y,3,0,1,2,A,-,09,21802,,N,D,C,A,A,H,-,A,D,0,,,Y,,Y,,D,22,0,1,0,0,0,0,0,0,1,"- ","- ",38.470928192138672,-122.73966979980469,SONOMA,"SANTA ROSA",-122.73961639404297,38.471473693847656
9359031,2021,2021-11-19,4905,2021-08-29,1539,1060533,,7,5,6,4905,0,0,0,,0,007,"STONY POINT RD","HEARN AV",0.00,,Y,A,-,N,,,,,,,,,,Y,4,0,1,2,A,-,12,21453,A,F,C,C,A,A,H,-,A,A,0,,,,,Y,,D,22,0,0,1,0,0,0,0,0,0,"- ","- ",38.412109375,-122.74134826660156,SONOMA,"SANTA ROSA",-122.74137878417969,38.412090301513672
9359116,2021,2021-12-15,4905,2021-07-27,1829,1068712,,2,5,6,4905,0,0,0,,0,005,"FULTON RD","RT 12 E",0.00,,Y,A,-,Y,SON,4,12,-,R,12.940,I,5,W,Y,3,0,2,3,-,-,"- ",,,N,A,C,A,A,H,-,A,A,0,,,,,Y,,-,"- ",0,1,1,0,0,0,0,0,0,"- ","- ",,,SONOMA,"SANTA ROSA",-122.76921844482422,38.427680969238281
9359120,2021,2021-11-29,4905,2021-07-21,1451,1060513,,3,5,6,4905,0,0,0,,0,007,"SEBASTOPOL RD","LOMBARDI CT",0.00,,Y,A,-,N,,,,,,,,,,Y,4,0,3,2,A,-,09,21801,A,N,A,C,A,A,H,-,A,A,0,,,,,Y,,A,01,0,0,3,0,0,0,0,0,0,"- ","- ",38.426311492919922,-122.74836730957031,SONOMA,"SANTA ROSA",-122.74837493896484,38.426319122314453
9360594,2021,2021-12-03,4906,2021-09-10,1620,411,4906,5,5,2,4906,0,0,0,,0,,"RT 116","RT 12",0.00,,Y,A,-,Y,SON,4,12,-,-,9.290,I,5,W,N,3,0,1,2,A,-,11,21950,B,N,G,B,B,A,D,H,A,A,0,Y,,,,Y,,N,60,0,1,0,0,1,0,0,0,0,"- ","- ",38.402488708496094,-122.82283782958984,SONOMA,SEBASTOPOL,-122.82322692871094,38.402427673339844
9360748,2021,2021-11-18,4905,2021-09-30,0040,1060574,,4,5,6,4905,0,0,0,,0,008,"ASTON AV","BROOKWOOD AV",0.00,,Y,A,-,N,,,,,,,,,,Y,4,0,1,1,A,-,01,23152,A,N,A,I,A,A,H,-,E,A,0,,,,,Y,Y,-,,0,0,1,0,0,0,0,0,0,"- ","- ",38.427070617675781,-122.69550323486328,SONOMA,"SANTA ROSA",-122.69550323486328,38.427093505859375
9361546,2021,2021-11-30,4905,2021-10-17,2218,1060579,,7,5,6,4905,0,0,0,,0,002,"MENDOCINO AV","BENTON ST",0.00,,Y,A,-,N,,,,,,,,,,N,3,0,1,2,A,-,11,21954,A,F,G,B,D,A,H,-,C,D,0,Y,,,,Y,,N,60,0,1,0,0,1,0,0,0,0,"- ","- ",38.447879791259766,-122.7176513671875,SONOMA,"SANTA ROSA",-122.71765899658203,38.447883605957031
9361903,2021,2021-11-29,4905,2021-07-15,1143,1060408,,4,5,6,4905,0,0,0,,0,005,"SEBASTOPOL RD","AVALON AV",0.00,,Y,A,-,N,,,,,,,,,,N,3,0,1,2,A,-,05,21650,1,N,D,G,A,A,H,-,A,A,0,,Y,,,Y,,L,04,0,1,0,0,0,0,1,0,0,"- ","- ",38.430309295654297,-122.72724914550781,SONOMA,"SANTA ROSA",-122.72711944580078,38.430179595947266
9361905,2021,2021-11-30,4905,2021-07-27,1716,1060473,,2,5,6,4905,0,0,0,,0,002,"MENDOCINO AV","LEWIS RD",180.00,N,N,A,-,N,,,,,,,,,,Y,4,0,2,2,A,-,01,23152,A,N,D,C,A,A,H,-,A,A,0,,,,,Y,Y,-,,0,0,2,0,0,0,0,0,0,"- ","- ",,,SONOMA,"SANTA ROSA",-122.71737670898438,38.461483001708984
9361926,2021,2021-11-19,4905,2021-08-01,2007,1060383,,7,5,6,4905,0,0,0,,0,007,"DUTTON MEADOW","TUXHORN DR",140.00,S,N,A,-,N,,,,,,,,,,Y,3,0,1,1,A,-,01,23152,A,N,E,I,A,A,H,-,A,D,0,,,,,Y,Y,A,01,0,1,0,0,0,0,0,0,0,"- ","- ",38.410110473632812,-122.72933197021484,SONOMA,"SANTA ROSA",-122.72933959960938,38.409706115722656
9361927,2021,2021-11-19,4905,2021-08-15,0020,1060383,,7,5,6,4905,0,0,0,,0,003,"GUERNEVILLE RD","MARLOW RD",140.00,E,N,A,-,N,,,,,,,,,,Y,3,0,1,1,A,-,01,23152,A,N,E,I,A,A,H,-,C,D,0,,,,,Y,Y,A,01,0,1,0,0,0,0,0,0,0,"- ","- ",38.452579498291016,-122.75131988525391,SONOMA,"SANTA ROSA",-122.75090026855469,38.452648162841797
9362575,2021,2021-12-17,4905,2021-08-07,1440,542,,6,5,6,4905,0,0,0,,0,004,"CALISTOGA RD","RT 12",300.00,N,N,A,-,N,,,,,,,,,,Y,4,0,2,2,A,-,09,21804,A,N,D,C,A,A,H,-,A,A,0,,,,,Y,,-,,0,0,2,0,0,0,0,0,0,"- ","- ",,,SONOMA,"SANTA ROSA",-122.6534423828125,38.465660095214844
9362698,2021,2021-12-10,4908,2021-09-23,2114,3552,15,4,5,5,4908,0,0,0,,0,001,"FRATES RD","LAKEVILLE CT",0.00,,Y,A,-,N,,,,,,,,,,N,4,0,1,2,A,-,08,22107,,N,D,C,A,A,H,-,B,A,0,,,,,Y,,D,23,0,0,1,0,0,0,0,0,0,"- ","- ",38.238319396972656,-122.59033966064453,SONOMA,PETALUMA,-122.59395599365234,38.234645843505859
9362744,2021,2021-11-29,4905,2021-06-15,1217,1060422,,2,5,6,4905,0,0,0,,0,009,"COLLEGE AV","MENDOCINO AV",40.00,W,N,A,-,N,,,,,,,,,,N,4,0,1,3,A,-,08,22107,,M,B,C,A,A,H,-,A,D,0,,,Y,,Y,,A,01,0,0,1,0,0,0,0,0,1,"- ","- ",,,SONOMA,"SANTA ROSA",-122.71787261962891,38.445667266845703
9362749,2021,2021-11-23,4905,2021-08-09,1752,1060445,,1,5,6,4905,0,0,0,,0,004,"OWL HILL AV","OWLS NEST DR",300.00,W,N,A,-,N,,,,,,,,,,N,2,0,1,1,A,-,08,22107,,N,H,A,A,A,H,-,A,D,0,,,Y,,Y,,C,06,1,0,0,0,0,0,0,0,1,"- ","- ",38.467010498046875,-122.64112854003906,SONOMA,"SANTA ROSA",-122.64385223388672,38.466838836669922
9364027,2021,2021-12-29,4903,2021-11-09,0646,1869,,2,5,3,4903,0,0,0,,0,00R,"MARCH AV","PRENTICE DR",0.00,,Y,A,-,N,,,,,,,,,,N,4,0,1,2,A,-,09,21804,A,N,D,C,A,A,H,-,A,A,0,,,,,Y,,A,01,0,0,1,0,0,0,0,0,0,"- ","- ",38.625919342041016,-122.86672210693359,SONOMA,HEALDSBURG,-122.86670684814453,38.625919342041016
9364028,2021,2021-12-29,4900,2021-11-01,2034,1102632,,1,5,3,4980,0,0,0,,0,11101,"BLUE SPRUCE WY","WILLOW ST",85.00,N,N,B,-,N,,,,,,,,,,Y,4,0,1,1,-,-,"- ",,,N,A,I,A,B,H,-,C,D,0,,,,,Y,,-,"- ",0,0,1,0,0,0,0,0,0,"- ","- ",38.541938781738281,-122.80563354492188,SONOMA,WINDSOR,-122.80585479736328,38.541938781738281
9366322,2021,2021-11-24,4905,2021-09-04,0056,1060558,,6,5,6,4905,0,0,0,,0,007,"HEARN AV","KENTON CT",2.00,W,N,A,-,N,,,,,,,,,,Y,4,0,1,2,A,-,08,22107,,M,B,C,A,A,H,-,C,A,0,,,,,Y,,A,07,0,0,1,0,0,0,0,0,0,"- ","- ",38.414421081542969,-122.71946716308594,SONOMA,"SANTA ROSA",-122.71947479248047,38.414409637451172
9366817,2021,2022-01-03,4900,2021-11-25,1733,1102847,,4,5,3,4980,0,0,0,,0,WI1,"HEMBREE LN","BIGGS CT",0.00,,Y,A,-,N,,,,,,,,,,N,3,0,1,2,A,-,11,21950,B,N,G,B,E,A,H,-,C,D,0,Y,,,,Y,,N,60,0,1,0,0,1,0,0,0,0,"- ","- ",38.540451049804688,-122.79637145996094,SONOMA,WINDSOR,-122.79801940917969,38.537918090820312
9367022,2021,2021-11-19,4905,2021-09-22,1400,474,,3,5,6,4905,0,0,0,,0,008,"SANTA ROSA AV","COLGAN AV",100.00,S,N,A,-,N,,,,,,,,,,N,3,0,1,2,A,-,09,21801,A,N,D,C,A,A,H,-,A,D,0,,,,,Y,,-,,0,1,0,0,0,0,0,0,0,"- ","- ",,,SONOMA,"SANTA ROSA",-122.71354675292969,38.420894622802734
9368016,2021,2021-12-17,4908,2021-11-10,1344,3341,6,3,5,5,4908,0,0,0,,0,003,"PETALUMA BL NORTH","CINNABAR AV",0.00,,Y,A,-,N,,,,,,,,,,Y,3,0,1,2,A,-,09,21804,A,N,D,C,A,A,H,-,A,D,0,,,,,Y,,D,22,0,1,0,0,0,0,0,0,0,"- ","- ",38.248859405517578,-122.64598083496094,SONOMA,PETALUMA,-122.64595794677734,38.248802185058594
9370452,2021,2022-01-04,4904,2021-11-24,1612,104576,,3,5,4,4904,0,0,0,,0,,"SOUTHWEST BL","SEED FARM DR",200.00,E,N,A,-,N,,,,,,,,,,N,4,0,1,2,A,-,12,22450,A,N,D,G,A,A,H,-,B,A,0,,Y,,,Y,,L,04,0,0,1,0,0,0,1,0,0,"- ","- ",38.341068267822266,-122.69780731201172,SONOMA,"ROHNERT PARK",-122.69725036621094,38.341259002685547
9372478,2021,2021-11-30,4906,2021-09-25,2044,413,4906,6,5,2,4906,0,0,0,,0,,"MORRIS ST","MCKINLEY ST",0.00,,Y,A,-,N,,,,,,,,,,Y,3,0,1,3,A,-,05,21650,,N,A,E,A,A,H,-,C,A,0,,,,,Y,Y,A,01,0,1,0,0,0,0,0,0,0,"- ","- ",38.403728485107422,-122.81936645507812,SONOMA,SEBASTOPOL,-122.81935882568359,38.404090881347656
9379254,2021,2022-01-12,4904,2021-10-25,1450,1040560,,1,5,4,4904,0,0,0,,0,"BEAT 2","LABATH AV","CARLSON AV",0.00,,Y,A,-,N,,,,,,,,,,Y,4,0,2,2,A,-,08,22107,,N,D,C,A,A,H,-,A,A,0,,,,,Y,,A,01,0,0,2,0,0,0,0,0,0,"- ","- ",38.353260040283203,-122.72148132324219,SONOMA,"ROHNERT PARK",-122.72151184082031,38.353111267089844
9384024,2021,2021-12-28,4908,2021-10-07,2059,3552,6,4,5,5,4908,0,0,0,,0,003,"EAST WASHINGTON ST","EDITH ST",0.00,,Y,A,-,N,,,,,,,,,,Y,4,0,1,2,A,-,09,21802,A,F,D,C,A,A,H,-,C,A,0,,,,,Y,,A,01,0,0,1,0,0,0,0,0,0,"- ","- ",38.240058898925781,-122.63430023193359,SONOMA,PETALUMA,-122.63432312011719,38.240062713623047
9385562,2021,2022-01-18,4904,2021-11-20,1840,1040561,4904,6,5,4,4904,0,0,0,,0,002,"GOLF COURSE DR","SB GOLF COURSE DR",0.00,,Y,A,-,N,,,,,,,,,,N,4,0,1,3,A,-,04,21703,,N,C,C,A,A,H,-,C,A,0,,,,,Y,,A,01,0,0,1,0,0,0,0,0,0,"- ",WO,38.363079071044922,-122.71286010742188,SONOMA,"ROHNERT PARK",-122.71324920654297,38.363273620605469
9386551,2021,2022-01-12,4906,2021-12-05,2110,413,4906,7,5,2,4906,0,0,0,,0,,"JOHNSON ST","EDDIE LN",0.00,,Y,A,-,N,,,,,,,,,,Y,4,0,2,3,A,-,03,22350,,N,E,I,A,A,H,-,C,A,0,,,,,Y,,A,01,0,0,2,0,0,0,0,0,0,"- ","- ",38.408370971679688,-122.82135772705078,SONOMA,SEBASTOPOL,-122.82135009765625,38.408374786376953
9430439,2021,2022-04-29,4905,2021-12-15,1350,1060337,,3,5,6,4905,0,0,0,,0,003,"GUERNEVILLE RD","NORTH DUTTON AV",0.00,,Y,C,-,N,,,,,,,,,,Y,4,0,1,2,A,-,12,21453,A,M,D,C,A,B,H,-,A,A,0,,,,,Y,Y,A,01,0,0,1,0,0,0,0,0,0,"- ","- ",38.455459594726562,-122.73793029785156,SONOMA,"SANTA ROSA",-122.73786926269531,38.455432891845703
9438630,2021,2022-06-24,4905,2021-12-09,0915,508,,4,5,6,4905,0,0,0,,0,006,"RT 12",PYTHIAN,60.00,W,N,A,-,Y,SON,4,12,-,-,24.600,H,-,E,Y,4,0,1,3,A,-,03,22350,,N,C,C,A,A,H,-,A,D,0,,,,,Y,,A,08,0,0,1,0,0,0,0,0,0,"- ","- ",,,SONOMA,"SANTA ROSA",-122.57863616943359,38.435646057128906